STAY with Justin Bieber,STAY with Justin Bieber,Choke,That's What I Like,Believer,All of Me,INDUSTRY BABY feat. Jack Harlow,Treat You Better,Cuidado,No Role Modelz,Unforgettable,bzip2,ambience,
Riptide,Riptide,God's Plan,Can't Hold Us feat. Ray Dalton,Bohemian Rhapsody - Remastered 2011,Man On the Moon,Treat You Better,Smells Like Teen Spirit,No Role Modelz,Viva La Vida,Closer,bzip2,ambience,
Thinking out Loud,Thinking out Loud,Don't Start Now,New Rules,There's Nothing Holdin' Me Back,Too Good At Goodbyes,Can't Hold Us feat. Ray Dalton,Cruel Summer,Flowers,XO Tour Llif3,Havana feat. Young Thug,bzip2,ambience,
Jocelyn Flores,Jocelyn Flores,INDUSTRY BABY feat. Jack Harlow,Havana feat. Young Thug,Stressed Out,XO Tour Llif3,SICKO MODE,No Role Modelz,bad guy,God's Plan,Shine On,bzip2,ambience,
When I Was Your Man,When I Was Your Man,Havana feat. Young Thug,New Rules,Too Good At Goodbyes,Can't Hold Us feat. Ray Dalton,Flowers,Watermelon Sugar,One Kiss with Dua Lipa,Just the Way You Are,Happier,bzip2,ambience,
God's Plan,God's Plan,INDUSTRY BABY feat. Jack Harlow,HUMBLE.,XO Tour Llif3,Havana feat. Young Thug,Shine On,Lose Yourself,That's What I Like,LOOP feat. Lil Cherry,SICKO MODE,bzip2,ambience,
Can't Hold Us feat,Can't Hold Us feat. Ray Dalton,New Rules,Bohemian Rhapsody - Remastered 2011,Another Love,Don't Start Now,Do I Wanna Know?,Stressed Out,Lose Yourself,Thinking out Loud,Flowers,bzip2,ambience,
Bohemian Rhapsody - Remastered 2011,Bohemian Rhapsody - Remastered 2011,Closer,Do I Wanna Know?,Choke,Say You Won't Let Go,Can't Hold Us feat. Ray Dalton,Flowers,God's Plan,INDUSTRY BABY feat. Jack Harlow,Man On the Moon,bzip2,ambience,
There's Nothing Holdin' Me Back,There's Nothing Holdin' Me Back,Don't Start Now,XO Tour Llif3,Thinking out Loud,When I Was Your Man,Shape of You,Flowers,Watermelon Sugar,New Rules,Photograph,bzip2,ambience,
Take Me To Church,Take Me To Church,Another Love,Thinking out Loud,Bohemian Rhapsody - Remastered 2011,Can't Hold Us feat. Ray Dalton,God's Plan,Don't Start Now,Photograph,Counting Stars,Havana feat. Young Thug,bzip2,ambience,
7 rings,7 rings,Die For You,Choke,That's What I Like,Shape of You,My Goodbye,XO Tour Llif3,Can't Hold Us feat. Ray Dalton,No Role Modelz,Unforgettable,bzip2,ambience,
My Goodbye,My Goodbye,Heat Waves,Counting Stars,Die For You,Choke,Shape of You,Can't Hold Us feat. Ray Dalton,Unforgettable,Treat You Better,In the End,bzip2,ambience,
LOOP feat,LOOP feat. Lil Cherry,Do I Wanna Know?,Shine On,That's What I Like,Every Breath You Take,Havana feat. Young Thug,Believer,Sweater Weather,Watermelon Sugar,Choke,bzip2,ambience,
Don't Start Now,Don't Start Now,Thinking out Loud,New Rules,There's Nothing Holdin' Me Back,Flowers,Watermelon Sugar,Wake Me Up - Radio Edit,Shallow,Something Just Like This,Coconut Water,bzip2,ambience,
No Role Modelz,No Role Modelz,Shine On,bad guy,That's What I Like,Believer,LOOP feat. Lil Cherry,All of Me,Just the Way You Are,Sweater Weather,New Rules,bzip2,ambience,
All of Me,All of Me,Closer,HUMBLE.,Bohemian Rhapsody - Remastered 2011,Cuidado,No Role Modelz,Viva La Vida,STAY with Justin Bieber,Sweater Weather,That's What I Like,bzip2,ambience,
Ether,Ether,Die For You,Photograph,Can't Hold Us feat. Ray Dalton,My Goodbye,All of Me,Counting Stars,Another Love,Stressed Out,Bohemian Rhapsody - Remastered 2011,bzip2,ambience,
Closer,Closer,All of Me,Havana feat. Young Thug,No Role Modelz,Viva La Vida,Bohemian Rhapsody - Remastered 2011,Choke,Treat You Better,Do I Wanna Know?,INDUSTRY BABY feat. Jack Harlow,bzip2,ambience,
Too Good At Goodbyes,Too Good At Goodbyes,Watermelon Sugar,Man On the Moon,Just the Way You Are,Bohemian Rhapsody - Remastered 2011,Do I Wanna Know?,Say You Won't Let Go,Stressed Out,Havana feat. Young Thug,Thinking out Loud,bzip2,ambience,
bad guy,bad guy,Too Good At Goodbyes,Havana feat. Young Thug,Cuidado,Do I Wanna Know?,When I Was Your Man,Closer,Treat You Better,Choke,God's Plan,bzip2,ambience,
That's What I Like,That's What I Like,Choke,INDUSTRY BABY feat. Jack Harlow,Believer,No Role Modelz,Can't Hold Us feat. Ray Dalton,Without Me with Juice WRLD,Lose Yourself,New Rules,HUMBLE.,bzip2,ambience,
Viva La Vida,Viva La Vida,Bohemian Rhapsody - Remastered 2011,Closer,Mr. Brightside,God's Plan,Treat You Better,Smells Like Teen Spirit,Can't Hold Us feat. Ray Dalton,Every Breath You Take,Counting Stars,bzip2,ambience,
Heat Waves,Heat Waves,My Goodbye,Unforgettable,Choke,God's Plan,Die For You,Can't Hold Us feat. Ray Dalton,Closer,Bohemian Rhapsody - Remastered 2011,Counting Stars,bzip2,ambience,
Photograph,Photograph,Counting Stars,My Goodbye,Shape of You,Die For You,Thinking out Loud,Can't Hold Us feat. Ray Dalton,Treat You Better,Stressed Out,All of Me,bzip2,ambience,
Starboy,Starboy,New Rules,One Kiss with Dua Lipa,Havana feat. Young Thug,God's Plan,Watermelon Sugar,Circles,All of Me,Do I Wanna Know?,Can't Hold Us feat. Ray Dalton,bzip2,ambience,
Walk On Water,Walk On Water,Treat You Better,Stressed Out,New Rules,Señorita,Can't Hold Us feat. Ray Dalton,Too Good At Goodbyes,Havana feat. Young Thug,Thunder,Watermelon Sugar,bzip2,ambience,
XO Tour Llif3,XO Tour Llif3,INDUSTRY BABY feat. Jack Harlow,HUMBLE.,God's Plan,That's What I Like,Can't Hold Us feat. Ray Dalton,Bohemian Rhapsody - Remastered 2011,Shape of You,Do I Wanna Know?,Closer,bzip2,ambience,
Yellow,Yellow,God's Plan,Treat You Better,My Goodbye,Havana feat. Young Thug,All of Me,Counting Stars,Can't Hold Us feat. Ray Dalton,Bohemian Rhapsody - Remastered 2011,INDUSTRY BABY feat. Jack Harlow,bzip2,ambience,
The Hills,The Hills,God's Plan,One Kiss with Dua Lipa,Bohemian Rhapsody - Remastered 2011,Can't Hold Us feat. Ray Dalton,No Role Modelz,New Rules,Say You Won't Let Go,Lose Yourself,Choke,bzip2,ambience,
Shine On,Shine On,Bohemian Rhapsody - Remastered 2011,Havana feat. Young Thug,INDUSTRY BABY feat. Jack Harlow,God's Plan,That's What I Like,No Role Modelz,Treat You Better,Unforgettable,Choke,bzip2,ambience,
Counting Stars,Counting Stars,My Goodbye,Die For You,Shape of You,Can't Hold Us feat. Ray Dalton,Thinking out Loud,Photograph,Bohemian Rhapsody - Remastered 2011,Don't Start Now,Choke,bzip2,ambience,
Treat You Better,Treat You Better,That's What I Like,Every Breath You Take,Mr. Brightside,Believer,My Goodbye,Viva La Vida,Someone You Loved,Man On the Moon,Choke,bzip2,ambience,
Say You Won't Let Go,Say You Won't Let Go,Do I Wanna Know?,Sweater Weather,Bohemian Rhapsody - Remastered 2011,Happier,One Kiss with Dua Lipa,Watermelon Sugar,Lean On feat. MØ & DJ Snake,Believer,Too Good At Goodbyes,bzip2,ambience,
INDUSTRY BABY feat,INDUSTRY BABY feat. Jack Harlow,Choke,SICKO MODE,Shine On,Without Me with Juice WRLD,rockstar,Unforgettable,Lean On feat. MØ & DJ Snake,That's What I Like,Havana feat. Young Thug,bzip2,ambience,
No Signal,No Signal,One Kiss with Dua Lipa,I Wanna Be Yours,Do I Wanna Know?,INDUSTRY BABY feat. Jack Harlow,No Role Modelz,New Rules,Can't Hold Us feat. Ray Dalton,Happier,Sorry,bzip2,ambience,
Demons,Demons,Bohemian Rhapsody - Remastered 2011,Closer,God's Plan,INDUSTRY BABY feat. Jack Harlow,Sweater Weather,Man On the Moon,Do I Wanna Know?,Choke,Havana feat. Young Thug,bzip2,ambience,
Someone You Loved,Someone You Loved,Treat You Better,That's What I Like,Bohemian Rhapsody - Remastered 2011,INDUSTRY BABY feat. Jack Harlow,Mr. Brightside,Viva La Vida,STAY with Justin Bieber,All of Me,My Goodbye,bzip2,ambience,
Lucid Dreams,Lucid Dreams,HUMBLE.,goosebumps,Havana feat. Young Thug,Can't Hold Us feat. Ray Dalton,God's Plan,My Goodbye,Die For You,Choke,Don't Start Now,bzip2,ambience,
Smells Like Teen Spirit,Smells Like Teen Spirit,Treat You Better,Bohemian Rhapsody - Remastered 2011,Mr. Brightside,Thunder,God's Plan,Watermelon Sugar,Every Breath You Take,Man On the Moon,Too Good At Goodbyes,bzip2,ambience,
Choke,Choke,That's What I Like,INDUSTRY BABY feat. Jack Harlow,Shine On,Believer,Closer,Unforgettable,STAY with Justin Bieber,Can't Hold Us feat. Ray Dalton,SICKO MODE,bzip2,ambience,
New Rules,New Rules,One Kiss with Dua Lipa,Starboy,Señorita,Stressed Out,Can't Hold Us feat. Ray Dalton,Happier,Stay With Me,Thunder,Circles,bzip2,ambience,
Die For You,Die For You,7 rings,Shape of You,Counting Stars,Photograph,My Goodbye,Stressed Out,That's What I Like,Choke,Without Me with Juice WRLD,bzip2,ambience,
Centipede,Centipede,Take Me To Church,Can't Hold Us feat. Ray Dalton,Stressed Out,Another Love,Flowers,Do I Wanna Know?,Bohemian Rhapsody - Remastered 2011,Thinking out Loud,Wake Me Up - Radio Edit,bzip2,ambience,
Sweater Weather,Sweater Weather,Man On the Moon,Do I Wanna Know?,Bohemian Rhapsody - Remastered 2011,Can't Hold Us feat. Ray Dalton,Too Good At Goodbyes,No Role Modelz,I Wanna Be Yours,Closer,Say You Won't Let Go,bzip2,ambience,
Circles,Circles,Señorita,Bohemian Rhapsody - Remastered 2011,Can't Hold Us feat. Ray Dalton,Watermelon Sugar,Happier,Too Good At Goodbyes,Flowers,Do I Wanna Know?,New Rules,bzip2,ambience,
Sorry,Sorry,Choke,Havana feat. Young Thug,Closer,Bohemian Rhapsody - Remastered 2011,Sweater Weather,Say You Won't Let Go,God's Plan,Treat You Better,Unforgettable,bzip2,ambience,
VICIOUS CYCLE,VICIOUS CYCLE,God's Plan,HUMBLE.,One Kiss with Dua Lipa,Can't Hold Us feat. Ray Dalton,Happier,Jocelyn Flores,Shine On,Coconut Water,Without Me,bzip2,ambience,
Lele,Lele,Unforgettable,Closer,Bohemian Rhapsody - Remastered 2011,Havana feat. Young Thug,Choke,Without Me with Juice WRLD,INDUSTRY BABY feat. Jack Harlow,Do I Wanna Know?,Treat You Better,bzip2,ambience,
Sparkling Moments,Sparkling Moments,Señorita,God's Plan,Havana feat. Young Thug,Can't Hold Us feat. Ray Dalton,Bohemian Rhapsody - Remastered 2011,Circles,Too Good At Goodbyes,New Rules,Happier,bzip2,ambience,
Let Me Love You,Let Me Love You,Bohemian Rhapsody - Remastered 2011,Man On the Moon,Havana feat. Young Thug,Sweater Weather,Choke,Demons,Do I Wanna Know?,Smells Like Teen Spirit,I Wanna Be Yours,bzip2,ambience,
Wake Me Up - Radio Edit,Wake Me Up - Radio Edit,There's Nothing Holdin' Me Back,Don't Start Now,XO Tour Llif3,Sunflower - Spider-Man: Into the Spider-Verse,Can't Hold Us feat. Ray Dalton,Thinking out Loud,Watermelon Sugar,Flowers,God's Plan,bzip2,ambience,
The Night We Met,The Night We Met,There's Nothing Holdin' Me Back,Wake Me Up - Radio Edit,Thinking out Loud,Can't Hold Us feat. Ray Dalton,Lucid Dreams,Bohemian Rhapsody - Remastered 2011,Counting Stars,God's Plan,Cruel Summer,bzip2,ambience,
Cruel Summer,Cruel Summer,Can't Hold Us feat. Ray Dalton,My Goodbye,Thinking out Loud,There's Nothing Holdin' Me Back,New Rules,God's Plan,Don't Start Now,Shape of You,Die For You,bzip2,ambience,
Stressed Out,Stressed Out,Another Love,New Rules,Flowers,Watermelon Sugar,Can't Hold Us feat. Ray Dalton,Coconut Water,One Kiss with Dua Lipa,Señorita,Die For You,bzip2,ambience,
Man On the Moon,Man On the Moon,Sweater Weather,Bohemian Rhapsody - Remastered 2011,I Wanna Be Yours,Too Good At Goodbyes,Do I Wanna Know?,Choke,Stressed Out,Treat You Better,Watermelon Sugar,bzip2,ambience,
Another Love,Another Love,Can't Hold Us feat. Ray Dalton,Bohemian Rhapsody - Remastered 2011,Watermelon Sugar,Do I Wanna Know?,Take Me To Church,Stressed Out,God's Plan,Thinking out Loud,Walk On Water,bzip2,ambience,
Stay With Me,Stay With Me,Sweater Weather,Man On the Moon,Thunder,Stressed Out,Do I Wanna Know?,I Wanna Be Yours,Another Love,Too Good At Goodbyes,New Rules,bzip2,ambience,
I Wanna Be Yours,I Wanna Be Yours,Man On the Moon,Bohemian Rhapsody - Remastered 2011,Sweater Weather,God's Plan,Do I Wanna Know?,Viva La Vida,Let Me Love You,Demons,SICKO MODE,bzip2,ambience,
HUMBLE,HUMBLE.,Jocelyn Flores,bad guy,Shine On,That's What I Like,Choke,INDUSTRY BABY feat. Jack Harlow,No Role Modelz,God's Plan,One Kiss with Dua Lipa,bzip2,ambience,
Do I Wanna Know,Do I Wanna Know?,Say You Won't Let Go,Bohemian Rhapsody - Remastered 2011,Sweater Weather,Can't Hold Us feat. Ray Dalton,Too Good At Goodbyes,God's Plan,Watermelon Sugar,Man On the Moon,Flowers,bzip2,ambience,
Sunflower - Spider-Man Into the Spider-Verse,Sunflower - Spider-Man: Into the Spider-Verse,Circles,Don't Start Now,There's Nothing Holdin' Me Back,XO Tour Llif3,Can't Hold Us feat. Ray Dalton,New Rules,Thinking out Loud,One Kiss with Dua Lipa,Wake Me Up - Radio Edit,bzip2,ambience,
SICKO MODE,SICKO MODE,Die For You,HUMBLE.,Choke,Havana feat. Young Thug,All of Me,Shine On,Thinking out Loud,Can't Hold Us feat. Ray Dalton,Jocelyn Flores,bzip2,ambience,
One Kiss with Dua Lipa,One Kiss with Dua Lipa,New Rules,Happier,Don't Start Now,Can't Hold Us feat. Ray Dalton,Havana feat. Young Thug,XO Tour Llif3,Watermelon Sugar,Señorita,Stressed Out,bzip2,ambience,
Unforgettable,Unforgettable,Choke,Die For You,INDUSTRY BABY feat. Jack Harlow,STAY with Justin Bieber,That's What I Like,My Goodbye,Bohemian Rhapsody - Remastered 2011,Havana feat. Young Thug,Without Me with Juice WRLD,bzip2,ambience,
Let Her Go,Let Her Go,Flowers,Another Love,Centipede,Stressed Out,Walk On Water,Thinking out Loud,Do I Wanna Know?,Too Good At Goodbyes,Havana feat. Young Thug,bzip2,ambience,
SAD!,SAD!,Bohemian Rhapsody - Remastered 2011,Closer,Sweater Weather,Havana feat. Young Thug,All of Me,Can't Hold Us feat. Ray Dalton,Say You Won't Let Go,Stressed Out,Treat You Better,bzip2,ambience,
Happier,Happier,Lean On feat. MØ & DJ Snake,New Rules,One Kiss with Dua Lipa,Watermelon Sugar,Thunder,Just the Way You Are,Bohemian Rhapsody - Remastered 2011,Can't Hold Us feat. Ray Dalton,rockstar,bzip2,ambience,
Every Breath You Take,Every Breath You Take,Treat You Better,Viva La Vida,Bohemian Rhapsody - Remastered 2011,God's Plan,Can't Hold Us feat. Ray Dalton,All of Me,Mr. Brightside,Smells Like Teen Spirit,Closer,bzip2,ambience,
Señorita,Señorita,Circles,Flowers,Watermelon Sugar,New Rules,Stressed Out,Can't Hold Us feat. Ray Dalton,Too Good At Goodbyes,One Kiss with Dua Lipa,Don't Start Now,bzip2,ambience,
Havana feat,Havana feat. Young Thug,God's Plan,Bohemian Rhapsody - Remastered 2011,Can't Hold Us feat. Ray Dalton,INDUSTRY BABY feat. Jack Harlow,Do I Wanna Know?,XO Tour Llif3,Love Yourself,Closer,Demons,bzip2,ambience,
Love Yourself,Love Yourself,INDUSTRY BABY feat. Jack Harlow,HUMBLE.,Shape of You,My Goodbye,There's Nothing Holdin' Me Back,Counting Stars,Photograph,Can't Hold Us feat. Ray Dalton,Die For You,bzip2,ambience,
Shape of You,Shape of You,Die For You,My Goodbye,7 rings,Counting Stars,Love Yourself,Can't Hold Us feat. Ray Dalton,Photograph,Something Just Like This,Unforgettable,bzip2,ambience,
Coconut Water,Coconut Water,Can't Hold Us feat. Ray Dalton,Another Love,Happier,Stressed Out,One Kiss with Dua Lipa,Señorita,Circles,New Rules,Bohemian Rhapsody - Remastered 2011,bzip2,ambience,
Lean On feat,Lean On feat. MØ & DJ Snake,Havana feat. Young Thug,God's Plan,INDUSTRY BABY feat. Jack Harlow,When I Was Your Man,One Kiss with Dua Lipa,Happier,Sweater Weather,Just the Way You Are,Bohemian Rhapsody - Remastered 2011,bzip2,ambience,
Thunder,Thunder,Bohemian Rhapsody - Remastered 2011,New Rules,Can't Hold Us feat. Ray Dalton,Flowers,Too Good At Goodbyes,Stay With Me,Watermelon Sugar,Stressed Out,Circles,bzip2,ambience,
Shallow,Shallow,HUMBLE.,Do I Wanna Know?,God's Plan,SICKO MODE,Can't Hold Us feat. Ray Dalton,Don't Start Now,Lose Yourself,Bohemian Rhapsody - Remastered 2011,Let Her Go,bzip2,ambience,
In the Morning,In the Morning,All of Me,Bohemian Rhapsody - Remastered 2011,Havana feat. Young Thug,INDUSTRY BABY feat. Jack Harlow,Treat You Better,Can't Hold Us feat. Ray Dalton,Unforgettable,Die For You,No Role Modelz,bzip2,ambience,
One Dance,One Dance,That's What I Like,All of Me,Havana feat. Young Thug,Choke,STAY with Justin Bieber,Closer,Believer,Unforgettable,Bohemian Rhapsody - Remastered 2011,bzip2,ambience,
Flowers,Flowers,Let Her Go,Señorita,Stressed Out,Can't Hold Us feat. Ray Dalton,Watermelon Sugar,Happier,Do I Wanna Know?,Bohemian Rhapsody - Remastered 2011,Don't Start Now,bzip2,ambience,
In the End,In the End,God's Plan,Can't Hold Us feat. Ray Dalton,All of Me,Bohemian Rhapsody - Remastered 2011,Closer,My Goodbye,Havana feat. Young Thug,Sweater Weather,Die For You,bzip2,ambience,
Mr,Mr. Brightside,Treat You Better,In the End,Smells Like Teen Spirit,God's Plan,Bohemian Rhapsody - Remastered 2011,Every Breath You Take,Shape of You,Viva La Vida,My Goodbye,bzip2,ambience,
lovely with Khalid,lovely with Khalid,Another Love,Can't Hold Us feat. Ray Dalton,God's Plan,Coconut Water,Bohemian Rhapsody - Remastered 2011,Something Just Like This,My Goodbye,Thinking out Loud,New Rules,bzip2,ambience,
Without Me,Without Me,Do I Wanna Know?,God's Plan,Havana feat. Young Thug,Man On the Moon,Can't Hold Us feat. Ray Dalton,Thinking out Loud,Too Good At Goodbyes,Bohemian Rhapsody - Remastered 2011,Coconut Water,bzip2,ambience,
rockstar,rockstar,INDUSTRY BABY feat. Jack Harlow,bad guy,Choke,Do I Wanna Know?,Havana feat. Young Thug,Shine On,Sweater Weather,Coconut Water,God's Plan,bzip2,ambience,
Just the Way You Are,Just the Way You Are,New Rules,Too Good At Goodbyes,Can't Hold Us feat. Ray Dalton,Happier,SICKO MODE,Man On the Moon,Señorita,Havana feat. Young Thug,Bohemian Rhapsody - Remastered 2011,bzip2,ambience,
Something Just Like This,Something Just Like This,New Rules,Coconut Water,Don't Start Now,Can't Hold Us feat. Ray Dalton,Another Love,Die For You,Stressed Out,goosebumps,One Kiss with Dua Lipa,bzip2,ambience,
As It Was,As It Was,Can't Hold Us feat. Ray Dalton,Don't Start Now,Die For You,Counting Stars,Another Love,My Goodbye,There's Nothing Holdin' Me Back,Thinking out Loud,Shape of You,bzip2,ambience,
goosebumps,goosebumps,Havana feat. Young Thug,Coconut Water,Can't Hold Us feat. Ray Dalton,New Rules,Too Good At Goodbyes,Señorita,Thinking out Loud,God's Plan,Don't Start Now,bzip2,ambience,
Watermelon Sugar,Watermelon Sugar,Stressed Out,Too Good At Goodbyes,Flowers,Do I Wanna Know?,New Rules,Don't Start Now,Sweater Weather,bad guy,Another Love,bzip2,ambience,
Cuidado,Cuidado,STAY with Justin Bieber,Havana feat. Young Thug,That's What I Like,Choke,Too Good At Goodbyes,All of Me,Do I Wanna Know?,New Rules,Watermelon Sugar,bzip2,ambience,
Believer,Believer,That's What I Like,Choke,Sweater Weather,No Role Modelz,New Rules,Can't Hold Us feat. Ray Dalton,INDUSTRY BABY feat. Jack Harlow,One Kiss with Dua Lipa,STAY with Justin Bieber,bzip2,ambience,
Without Me with Juice WRLD,Without Me with Juice WRLD,That's What I Like,Choke,Die For You,Unforgettable,7 rings,INDUSTRY BABY feat. Jack Harlow,STAY with Justin Bieber,Closer,SICKO MODE,bzip2,ambience,
Lose Yourself,Lose Yourself,Can't Hold Us feat. Ray Dalton,Stressed Out,Havana feat. Young Thug,All of Me,Flowers,Too Good At Goodbyes,Sweater Weather,Do I Wanna Know?,Let Her Go,bzip2,ambience,
