STAY with Justin Bieber,STAY with Justin Bieber,That's What I Like,Havana feat. Young Thug,Mr. Brightside,Believer,Bohemian Rhapsody - Remastered 2011,No Role Modelz,Treat You Better,Unforgettable,Counting Stars,zstd,ambience,
Riptide,Riptide,Bohemian Rhapsody - Remastered 2011,God's Plan,Can't Hold Us feat. Ray Dalton,Havana feat. Young Thug,Counting Stars,No Role Modelz,Viva La Vida,SICKO MODE,In the End,zstd,ambience,
Thinking out Loud,Thinking out Loud,Havana feat. Young Thug,Can't Hold Us feat. Ray Dalton,Don't Start Now,Bohemian Rhapsody - Remastered 2011,Take Me To Church,Wake Me Up - Radio Edit,Counting Stars,There's Nothing Holdin' Me Back,bad guy,zstd,ambience,
Jocelyn Flores,Jocelyn Flores,Havana feat. Young Thug,Bohemian Rhapsody - Remastered 2011,Too Good At Goodbyes,Do I Wanna Know?,There's Nothing Holdin' Me Back,Say You Won't Let Go,Man On the Moon,Let Her Go,Thinking out Loud,zstd,ambience,
When I Was Your Man,When I Was Your Man,Havana feat. Young Thug,Can't Hold Us feat. Ray Dalton,Bohemian Rhapsody - Remastered 2011,Happier,God's Plan,Too Good At Goodbyes,Demons,Watermelon Sugar,SICKO MODE,zstd,ambience,
God's Plan,God's Plan,Havana feat. Young Thug,Can't Hold Us feat. Ray Dalton,Bohemian Rhapsody - Remastered 2011,Demons,SICKO MODE,No Role Modelz,Do I Wanna Know?,Riptide,INDUSTRY BABY feat. Jack Harlow,zstd,ambience,
Can't Hold Us feat,Can't Hold Us feat. Ray Dalton,Don't Start Now,New Rules,Something Just Like This,goosebumps,Havana feat. Young Thug,XO Tour Llif3,Coconut Water,Thunder,Counting Stars,zstd,ambience,
Bohemian Rhapsody - Remastered 2011,Bohemian Rhapsody - Remastered 2011,Havana feat. Young Thug,Say You Won't Let Go,Shine On,Lose Yourself,Do I Wanna Know?,Man On the Moon,Closer,Unforgettable,INDUSTRY BABY feat. Jack Harlow,zstd,ambience,
There's Nothing Holdin' Me Back,There's Nothing Holdin' Me Back,Havana feat. Young Thug,Thinking out Loud,Bohemian Rhapsody - Remastered 2011,Can't Hold Us feat. Ray Dalton,Take Me To Church,Shape of You,Counting Stars,Don't Start Now,Flowers,zstd,ambience,
Take Me To Church,Take Me To Church,Thinking out Loud,Can't Hold Us feat. Ray Dalton,Havana feat. Young Thug,Counting Stars,Another Love,Bohemian Rhapsody - Remastered 2011,Señorita,There's Nothing Holdin' Me Back,Shallow,zstd,ambience,
7 rings,7 rings,Die For You,Shape of You,Havana feat. Young Thug,Unforgettable,Counting Stars,My Goodbye,Can't Hold Us feat. Ray Dalton,That's What I Like,Without Me with Juice WRLD,zstd,ambience,
My Goodbye,My Goodbye,Counting Stars,Die For You,Can't Hold Us feat. Ray Dalton,In the End,Choke,Unforgettable,Bohemian Rhapsody - Remastered 2011,Havana feat. Young Thug,Shape of You,zstd,ambience,
LOOP feat,LOOP feat. Lil Cherry,Do I Wanna Know?,bad guy,Havana feat. Young Thug,Bohemian Rhapsody - Remastered 2011,Believer,Counting Stars,Man On the Moon,Sweater Weather,Every Breath You Take,zstd,ambience,
Don't Start Now,Don't Start Now,Can't Hold Us feat. Ray Dalton,Thinking out Loud,Something Just Like This,Wake Me Up - Radio Edit,Flowers,New Rules,goosebumps,Havana feat. Young Thug,Counting Stars,zstd,ambience,
No Role Modelz,No Role Modelz,Havana feat. Young Thug,God's Plan,Can't Hold Us feat. Ray Dalton,Bohemian Rhapsody - Remastered 2011,Do I Wanna Know?,Believer,Viva La Vida,INDUSTRY BABY feat. Jack Harlow,SICKO MODE,zstd,ambience,
All of Me,All of Me,Havana feat. Young Thug,Bohemian Rhapsody - Remastered 2011,God's Plan,Closer,Viva La Vida,Demons,The Hills,No Role Modelz,Someone You Loved,zstd,ambience,
Ether,Ether,Counting Stars,Photograph,Can't Hold Us feat. Ray Dalton,Die For You,Starboy,Choke,Heat Waves,Lose Yourself,Unforgettable,zstd,ambience,
Closer,Closer,Havana feat. Young Thug,Viva La Vida,Bohemian Rhapsody - Remastered 2011,God's Plan,No Role Modelz,Can't Hold Us feat. Ray Dalton,Demons,Do I Wanna Know?,SICKO MODE,zstd,ambience,
Too Good At Goodbyes,Too Good At Goodbyes,Havana feat. Young Thug,Bohemian Rhapsody - Remastered 2011,Watermelon Sugar,Happier,Just the Way You Are,Man On the Moon,Do I Wanna Know?,Can't Hold Us feat. Ray Dalton,Say You Won't Let Go,zstd,ambience,
bad guy,bad guy,Treat You Better,Without Me,Counting Stars,Havana feat. Young Thug,Lose Yourself,Do I Wanna Know?,Bohemian Rhapsody - Remastered 2011,Thinking out Loud,Too Good At Goodbyes,zstd,ambience,
That's What I Like,That's What I Like,Choke,Can't Hold Us feat. Ray Dalton,Believer,Havana feat. Young Thug,God's Plan,Bohemian Rhapsody - Remastered 2011,No Role Modelz,SICKO MODE,In the End,zstd,ambience,
Viva La Vida,Viva La Vida,Treat You Better,Mr. Brightside,Bohemian Rhapsody - Remastered 2011,Havana feat. Young Thug,Unforgettable,Every Breath You Take,Smells Like Teen Spirit,STAY with Justin Bieber,No Role Modelz,zstd,ambience,
Heat Waves,Heat Waves,My Goodbye,Unforgettable,Havana feat. Young Thug,Counting Stars,Bohemian Rhapsody - Remastered 2011,There's Nothing Holdin' Me Back,Photograph,Shape of You,Can't Hold Us feat. Ray Dalton,zstd,ambience,
Photograph,Photograph,Counting Stars,Stressed Out,Treat You Better,Die For You,Ether,Can't Hold Us feat. Ray Dalton,Unforgettable,Starboy,Shape of You,zstd,ambience,
Starboy,Starboy,Can't Hold Us feat. Ray Dalton,New Rules,Havana feat. Young Thug,Watermelon Sugar,One Kiss with Dua Lipa,Sweater Weather,Señorita,Thunder,Circles,zstd,ambience,
Walk On Water,Walk On Water,Stressed Out,Señorita,Without Me,Smells Like Teen Spirit,Treat You Better,Counting Stars,Take Me To Church,Shallow,Thinking out Loud,zstd,ambience,
XO Tour Llif3,XO Tour Llif3,Havana feat. Young Thug,God's Plan,Bohemian Rhapsody - Remastered 2011,INDUSTRY BABY feat. Jack Harlow,Can't Hold Us feat. Ray Dalton,SICKO MODE,Demons,No Role Modelz,Believer,zstd,ambience,
Yellow,Yellow,Bohemian Rhapsody - Remastered 2011,Counting Stars,Havana feat. Young Thug,Can't Hold Us feat. Ray Dalton,Take Me To Church,Without Me,Unforgettable,Treat You Better,Demons,zstd,ambience,
The Hills,The Hills,Bohemian Rhapsody - Remastered 2011,Havana feat. Young Thug,Say You Won't Let Go,Do I Wanna Know?,Happier,Can't Hold Us feat. Ray Dalton,God's Plan,SICKO MODE,Sweater Weather,zstd,ambience,
Shine On,Shine On,Bohemian Rhapsody - Remastered 2011,Viva La Vida,Havana feat. Young Thug,Do I Wanna Know?,Treat You Better,Say You Won't Let Go,Flowers,Lose Yourself,SICKO MODE,zstd,ambience,
Counting Stars,Counting Stars,Photograph,My Goodbye,Die For You,Can't Hold Us feat. Ray Dalton,Unforgettable,Treat You Better,Don't Start Now,Havana feat. Young Thug,Choke,zstd,ambience,
Treat You Better,Treat You Better,Mr. Brightside,bad guy,Counting Stars,Unforgettable,Viva La Vida,Every Breath You Take,Bohemian Rhapsody - Remastered 2011,Without Me,Believer,zstd,ambience,
Say You Won't Let Go,Say You Won't Let Go,Havana feat. Young Thug,Bohemian Rhapsody - Remastered 2011,Do I Wanna Know?,Sweater Weather,Happier,Can't Hold Us feat. Ray Dalton,SICKO MODE,Too Good At Goodbyes,The Hills,zstd,ambience,
INDUSTRY BABY feat,INDUSTRY BABY feat. Jack Harlow,Choke,Demons,Bohemian Rhapsody - Remastered 2011,SICKO MODE,Without Me with Juice WRLD,That's What I Like,Unforgettable,Havana feat. Young Thug,In the End,zstd,ambience,
No Signal,No Signal,I Wanna Be Yours,Sorry,Do I Wanna Know?,Man On the Moon,Can't Hold Us feat. Ray Dalton,Choke,Cuidado,Bohemian Rhapsody - Remastered 2011,Sweater Weather,zstd,ambience,
Demons,Demons,Bohemian Rhapsody - Remastered 2011,Havana feat. Young Thug,Let Me Love You,I Wanna Be Yours,Do I Wanna Know?,Smells Like Teen Spirit,Viva La Vida,Man On the Moon,Sweater Weather,zstd,ambience,
Someone You Loved,Someone You Loved,Bohemian Rhapsody - Remastered 2011,That's What I Like,Havana feat. Young Thug,Viva La Vida,INDUSTRY BABY feat. Jack Harlow,SICKO MODE,In the End,Say You Won't Let Go,Unforgettable,zstd,ambience,
Lucid Dreams,Lucid Dreams,Shape of You,Havana feat. Young Thug,There's Nothing Holdin' Me Back,Can't Hold Us feat. Ray Dalton,SICKO MODE,Counting Stars,My Goodbye,Die For You,Bohemian Rhapsody - Remastered 2011,zstd,ambience,
Smells Like Teen Spirit,Smells Like Teen Spirit,Mr. Brightside,Treat You Better,Bohemian Rhapsody - Remastered 2011,Havana feat. Young Thug,Counting Stars,Walk On Water,In the End,bad guy,Flowers,zstd,ambience,
Choke,Choke,That's What I Like,Can't Hold Us feat. Ray Dalton,Bohemian Rhapsody - Remastered 2011,Unforgettable,In the End,Counting Stars,Die For You,Without Me,Sorry,zstd,ambience,
New Rules,New Rules,Can't Hold Us feat. Ray Dalton,Thunder,Starboy,Señorita,goosebumps,One Kiss with Dua Lipa,Stay With Me,Circles,Havana feat. Young Thug,zstd,ambience,
Die For You,Die For You,Shape of You,Counting Stars,7 rings,Unforgettable,My Goodbye,Photograph,Havana feat. Young Thug,Can't Hold Us feat. Ray Dalton,Without Me with Juice WRLD,zstd,ambience,
Centipede,Centipede,Take Me To Church,Havana feat. Young Thug,Stressed Out,Can't Hold Us feat. Ray Dalton,Let Her Go,goosebumps,Thinking out Loud,Another Love,Wake Me Up - Radio Edit,zstd,ambience,
Sweater Weather,Sweater Weather,Can't Hold Us feat. Ray Dalton,Do I Wanna Know?,Bohemian Rhapsody - Remastered 2011,Havana feat. Young Thug,New Rules,Choke,Thunder,No Role Modelz,Say You Won't Let Go,zstd,ambience,
Circles,Circles,Señorita,Thunder,Flowers,Can't Hold Us feat. Ray Dalton,Smells Like Teen Spirit,Havana feat. Young Thug,Bohemian Rhapsody - Remastered 2011,goosebumps,Sparkling Moments,zstd,ambience,
Sorry,Sorry,Choke,Havana feat. Young Thug,Bohemian Rhapsody - Remastered 2011,God's Plan,Too Good At Goodbyes,Sweater Weather,No Role Modelz,I Wanna Be Yours,Lean On feat. MØ & DJ Snake,zstd,ambience,
VICIOUS CYCLE,VICIOUS CYCLE,XO Tour Llif3,God's Plan,goosebumps,SICKO MODE,Can't Hold Us feat. Ray Dalton,Havana feat. Young Thug,rockstar,Thunder,Sorry,zstd,ambience,
Lele,Lele,Unforgettable,Bohemian Rhapsody - Remastered 2011,Havana feat. Young Thug,Choke,Closer,Without Me with Juice WRLD,SICKO MODE,INDUSTRY BABY feat. Jack Harlow,One Dance,zstd,ambience,
Sparkling Moments,Sparkling Moments,Señorita,Circles,Can't Hold Us feat. Ray Dalton,Havana feat. Young Thug,New Rules,Bohemian Rhapsody - Remastered 2011,Stressed Out,Too Good At Goodbyes,Starboy,zstd,ambience,
Let Me Love You,Let Me Love You,Bohemian Rhapsody - Remastered 2011,Havana feat. Young Thug,Can't Hold Us feat. Ray Dalton,Do I Wanna Know?,Smells Like Teen Spirit,I Wanna Be Yours,Demons,Viva La Vida,No Role Modelz,zstd,ambience,
Wake Me Up - Radio Edit,Wake Me Up - Radio Edit,Havana feat. Young Thug,Can't Hold Us feat. Ray Dalton,Thinking out Loud,God's Plan,Bohemian Rhapsody - Remastered 2011,When I Was Your Man,The Night We Met,There's Nothing Holdin' Me Back,Take Me To Church,zstd,ambience,
The Night We Met,The Night We Met,Havana feat. Young Thug,Can't Hold Us feat. Ray Dalton,Lucid Dreams,Thinking out Loud,God's Plan,Wake Me Up - Radio Edit,Bohemian Rhapsody - Remastered 2011,There's Nothing Holdin' Me Back,Shape of You,zstd,ambience,
Cruel Summer,Cruel Summer,Can't Hold Us feat. Ray Dalton,Thinking out Loud,Counting Stars,Havana feat. Young Thug,Walk On Water,Bohemian Rhapsody - Remastered 2011,Don't Start Now,Wake Me Up - Radio Edit,My Goodbye,zstd,ambience,
Stressed Out,Stressed Out,Havana feat. Young Thug,Can't Hold Us feat. Ray Dalton,Another Love,New Rules,goosebumps,Señorita,Do I Wanna Know?,Flowers,Starboy,zstd,ambience,
Man On the Moon,Man On the Moon,Bohemian Rhapsody - Remastered 2011,Do I Wanna Know?,I Wanna Be Yours,Treat You Better,Havana feat. Young Thug,bad guy,Too Good At Goodbyes,Counting Stars,Say You Won't Let Go,zstd,ambience,
Another Love,Another Love,Can't Hold Us feat. Ray Dalton,Stressed Out,Walk On Water,Don't Start Now,Take Me To Church,goosebumps,Counting Stars,Centipede,Flowers,zstd,ambience,
Stay With Me,Stay With Me,Starboy,Thunder,Can't Hold Us feat. Ray Dalton,New Rules,Señorita,Man On the Moon,Sweater Weather,Counting Stars,Do I Wanna Know?,zstd,ambience,
I Wanna Be Yours,I Wanna Be Yours,Bohemian Rhapsody - Remastered 2011,Havana feat. Young Thug,Demons,Man On the Moon,Do I Wanna Know?,INDUSTRY BABY feat. Jack Harlow,Can't Hold Us feat. Ray Dalton,SICKO MODE,Viva La Vida,zstd,ambience,
HUMBLE,HUMBLE.,No Role Modelz,Can't Hold Us feat. Ray Dalton,Havana feat. Young Thug,God's Plan,Thunder,That's What I Like,Believer,SICKO MODE,Choke,zstd,ambience,
Do I Wanna Know,Do I Wanna Know?,Havana feat. Young Thug,Bohemian Rhapsody - Remastered 2011,Say You Won't Let Go,Too Good At Goodbyes,Man On the Moon,Can't Hold Us feat. Ray Dalton,Without Me,Sweater Weather,Cuidado,zstd,ambience,
Sunflower - Spider-Man Into the Spider-Verse,Sunflower - Spider-Man: Into the Spider-Verse,Havana feat. Young Thug,Can't Hold Us feat. Ray Dalton,There's Nothing Holdin' Me Back,Thinking out Loud,XO Tour Llif3,goosebumps,Wake Me Up - Radio Edit,New Rules,Don't Start Now,zstd,ambience,
SICKO MODE,SICKO MODE,Die For You,Havana feat. Young Thug,Can't Hold Us feat. Ray Dalton,That's What I Like,Counting Stars,God's Plan,goosebumps,Unforgettable,Choke,zstd,ambience,
One Kiss with Dua Lipa,One Kiss with Dua Lipa,New Rules,Starboy,Can't Hold Us feat. Ray Dalton,Havana feat. Young Thug,Do I Wanna Know?,Bohemian Rhapsody - Remastered 2011,Happier,Señorita,Don't Start Now,zstd,ambience,
Unforgettable,Unforgettable,Counting Stars,Choke,Die For You,Havana feat. Young Thug,Bohemian Rhapsody - Remastered 2011,My Goodbye,Treat You Better,Believer,Lose Yourself,zstd,ambience,
Let Her Go,Let Her Go,Flowers,Stressed Out,Photograph,Walk On Water,Thinking out Loud,Bohemian Rhapsody - Remastered 2011,Havana feat. Young Thug,Take Me To Church,Centipede,zstd,ambience,
SAD!,SAD!,Man On the Moon,Bohemian Rhapsody - Remastered 2011,Sweater Weather,bad guy,Havana feat. Young Thug,Do I Wanna Know?,Treat You Better,Too Good At Goodbyes,Counting Stars,zstd,ambience,
Happier,Happier,Bohemian Rhapsody - Remastered 2011,Too Good At Goodbyes,Havana feat. Young Thug,Lean On feat. MØ & DJ Snake,Can't Hold Us feat. Ray Dalton,Say You Won't Let Go,Just the Way You Are,Sorry,New Rules,zstd,ambience,
Every Breath You Take,Every Breath You Take,Treat You Better,Photograph,Unforgettable,Counting Stars,Viva La Vida,Smells Like Teen Spirit,Mr. Brightside,Havana feat. Young Thug,Bohemian Rhapsody - Remastered 2011,zstd,ambience,
Señorita,Señorita,Flowers,Circles,New Rules,Havana feat. Young Thug,Can't Hold Us feat. Ray Dalton,goosebumps,Starboy,One Kiss with Dua Lipa,Sparkling Moments,zstd,ambience,
Havana feat,Havana feat. Young Thug,Bohemian Rhapsody - Remastered 2011,God's Plan,Can't Hold Us feat. Ray Dalton,SICKO MODE,Thinking out Loud,Too Good At Goodbyes,There's Nothing Holdin' Me Back,Do I Wanna Know?,Demons,zstd,ambience,
Love Yourself,Love Yourself,Havana feat. Young Thug,Bohemian Rhapsody - Remastered 2011,God's Plan,Can't Hold Us feat. Ray Dalton,SICKO MODE,INDUSTRY BABY feat. Jack Harlow,Shape of You,Demons,My Goodbye,zstd,ambience,
Shape of You,Shape of You,7 rings,My Goodbye,Counting Stars,Havana feat. Young Thug,Lucid Dreams,Unforgettable,Photograph,Die For You,SICKO MODE,zstd,ambience,
Coconut Water,Coconut Water,Can't Hold Us feat. Ray Dalton,Circles,Another Love,Havana feat. Young Thug,New Rules,Starboy,goosebumps,One Kiss with Dua Lipa,Happier,zstd,ambience,
Lean On feat,Lean On feat. MØ & DJ Snake,Bohemian Rhapsody - Remastered 2011,Havana feat. Young Thug,Too Good At Goodbyes,Without Me,Can't Hold Us feat. Ray Dalton,Do I Wanna Know?,SICKO MODE,Choke,I Wanna Be Yours,zstd,ambience,
Thunder,Thunder,Señorita,Flowers,bad guy,Bohemian Rhapsody - Remastered 2011,Can't Hold Us feat. Ray Dalton,Circles,Havana feat. Young Thug,New Rules,goosebumps,zstd,ambience,
Shallow,Shallow,Havana feat. Young Thug,When I Was Your Man,Bohemian Rhapsody - Remastered 2011,Demons,Can't Hold Us feat. Ray Dalton,God's Plan,Do I Wanna Know?,Let Her Go,Thinking out Loud,zstd,ambience,
In the Morning,In the Morning,All of Me,Havana feat. Young Thug,Bohemian Rhapsody - Remastered 2011,Someone You Loved,Without Me with Juice WRLD,Viva La Vida,God's Plan,Unforgettable,Lele,zstd,ambience,
One Dance,One Dance,Havana feat. Young Thug,7 rings,Bohemian Rhapsody - Remastered 2011,Someone You Loved,SICKO MODE,Unforgettable,Believer,That's What I Like,Closer,zstd,ambience,
Flowers,Flowers,Señorita,Thunder,Circles,Stressed Out,Havana feat. Young Thug,Counting Stars,goosebumps,Don't Start Now,Without Me,zstd,ambience,
In the End,In the End,Bohemian Rhapsody - Remastered 2011,Mr. Brightside,Treat You Better,Havana feat. Young Thug,SICKO MODE,Can't Hold Us feat. Ray Dalton,Smells Like Teen Spirit,Thinking out Loud,Choke,zstd,ambience,
Mr,Mr. Brightside,Treat You Better,Unforgettable,Counting Stars,Smells Like Teen Spirit,Viva La Vida,Bohemian Rhapsody - Remastered 2011,Havana feat. Young Thug,In the End,bad guy,zstd,ambience,
lovely with Khalid,lovely with Khalid,Another Love,Can't Hold Us feat. Ray Dalton,Thinking out Loud,Havana feat. Young Thug,goosebumps,Take Me To Church,Let Her Go,Centipede,Bohemian Rhapsody - Remastered 2011,zstd,ambience,
Without Me,Without Me,Stressed Out,Do I Wanna Know?,Counting Stars,bad guy,Bohemian Rhapsody - Remastered 2011,Havana feat. Young Thug,Too Good At Goodbyes,Lose Yourself,Treat You Better,zstd,ambience,
rockstar,rockstar,Can't Hold Us feat. Ray Dalton,Havana feat. Young Thug,XO Tour Llif3,Bohemian Rhapsody - Remastered 2011,goosebumps,God's Plan,Choke,New Rules,Sweater Weather,zstd,ambience,
Just the Way You Are,Just the Way You Are,Can't Hold Us feat. Ray Dalton,Too Good At Goodbyes,Bohemian Rhapsody - Remastered 2011,Havana feat. Young Thug,New Rules,No Role Modelz,God's Plan,Happier,Watermelon Sugar,zstd,ambience,
Something Just Like This,Something Just Like This,Starboy,Can't Hold Us feat. Ray Dalton,Don't Start Now,Counting Stars,Lose Yourself,Do I Wanna Know?,Havana feat. Young Thug,New Rules,One Kiss with Dua Lipa,zstd,ambience,
As It Was,As It Was,Counting Stars,Havana feat. Young Thug,Wake Me Up - Radio Edit,Can't Hold Us feat. Ray Dalton,My Goodbye,Shape of You,There's Nothing Holdin' Me Back,Don't Start Now,Thinking out Loud,zstd,ambience,
goosebumps,goosebumps,Havana feat. Young Thug,New Rules,Can't Hold Us feat. Ray Dalton,Stressed Out,Thinking out Loud,Don't Start Now,Señorita,Flowers,Bohemian Rhapsody - Remastered 2011,zstd,ambience,
Watermelon Sugar,Watermelon Sugar,Havana feat. Young Thug,Can't Hold Us feat. Ray Dalton,Stressed Out,Too Good At Goodbyes,Flowers,Bohemian Rhapsody - Remastered 2011,Do I Wanna Know?,Thinking out Loud,New Rules,zstd,ambience,
Cuidado,Cuidado,Havana feat. Young Thug,Bohemian Rhapsody - Remastered 2011,Do I Wanna Know?,Too Good At Goodbyes,I Wanna Be Yours,Can't Hold Us feat. Ray Dalton,Say You Won't Let Go,Sorry,Demons,zstd,ambience,
Believer,Believer,That's What I Like,Can't Hold Us feat. Ray Dalton,Sweater Weather,Do I Wanna Know?,Havana feat. Young Thug,No Role Modelz,Bohemian Rhapsody - Remastered 2011,Counting Stars,Lose Yourself,zstd,ambience,
Without Me with Juice WRLD,Without Me with Juice WRLD,Choke,That's What I Like,Unforgettable,Die For You,Can't Hold Us feat. Ray Dalton,Havana feat. Young Thug,Counting Stars,Closer,No Role Modelz,zstd,ambience,
Lose Yourself,Lose Yourself,Choke,Can't Hold Us feat. Ray Dalton,Thunder,Counting Stars,Unforgettable,Havana feat. Young Thug,Without Me,Flowers,Don't Start Now,zstd,ambience,
