STAY with Justin Bieber,STAY with Justin Bieber,That's What I Like,Choke,No Role Modelz,Can't Hold Us feat. Ray Dalton,Mr. Brightside,In the End,Treat You Better,Havana feat. Young Thug,Cuidado,gzip,ambience,
Riptide,Riptide,Can't Hold Us feat. Ray Dalton,God's Plan,Havana feat. Young Thug,Bohemian Rhapsody - Remastered 2011,No Role Modelz,Do I Wanna Know?,Say You Won't Let Go,Treat You Better,Viva La Vida,gzip,ambience,
Thinking out Loud,Thinking out Loud,Can't Hold Us feat. Ray Dalton,Havana feat. Young Thug,Counting Stars,Don't Start Now,Flowers,Take Me To Church,The Night We Met,There's Nothing Holdin' Me Back,goosebumps,gzip,ambience,
Jocelyn Flores,Jocelyn Flores,Havana feat. Young Thug,Do I Wanna Know?,There's Nothing Holdin' Me Back,When I Was Your Man,Can't Hold Us feat. Ray Dalton,Man On the Moon,Shine On,Say You Won't Let Go,Bohemian Rhapsody - Remastered 2011,gzip,ambience,
When I Was Your Man,When I Was Your Man,Can't Hold Us feat. Ray Dalton,Havana feat. Young Thug,Happier,God's Plan,Watermelon Sugar,Bohemian Rhapsody - Remastered 2011,Demons,Too Good At Goodbyes,Take Me To Church,gzip,ambience,
God's Plan,God's Plan,Can't Hold Us feat. Ray Dalton,Havana feat. Young Thug,Riptide,No Role Modelz,Demons,INDUSTRY BABY feat. Jack Harlow,SICKO MODE,Bohemian Rhapsody - Remastered 2011,Do I Wanna Know?,gzip,ambience,
Can't Hold Us feat,Can't Hold Us feat. Ray Dalton,Don't Start Now,goosebumps,Havana feat. Young Thug,Circles,Flowers,New Rules,Take Me To Church,Thinking out Loud,Another Love,gzip,ambience,
Bohemian Rhapsody - Remastered 2011,Havana feat. Young Thug,Shine On,Can't Hold Us feat. Ray Dalton,Bohemian Rhapsody - Remastered 2011,Say You Won't Let Go,Viva La Vida,Closer,Man On the Moon,Do I Wanna Know?,Flowers,gzip,ambience,
There's Nothing Holdin' Me Back,There's Nothing Holdin' Me Back,Can't Hold Us feat. Ray Dalton,Havana feat. Young Thug,Thinking out Loud,Shape of You,Don't Start Now,Counting Stars,Flowers,goosebumps,Sunflower - Spider-Man: Into the Spider-Verse,gzip,ambience,
Take Me To Church,Take Me To Church,Can't Hold Us feat. Ray Dalton,Havana feat. Young Thug,Thinking out Loud,Another Love,Counting Stars,Bohemian Rhapsody - Remastered 2011,goosebumps,There's Nothing Holdin' Me Back,Don't Start Now,gzip,ambience,
7 rings,7 rings,Die For You,Counting Stars,Can't Hold Us feat. Ray Dalton,Shape of You,Unforgettable,Havana feat. Young Thug,That's What I Like,My Goodbye,There's Nothing Holdin' Me Back,gzip,ambience,
My Goodbye,My Goodbye,Can't Hold Us feat. Ray Dalton,Counting Stars,Die For You,Havana feat. Young Thug,Choke,In the End,Shape of You,Heat Waves,Unforgettable,gzip,ambience,
LOOP feat,LOOP feat. Lil Cherry,Can't Hold Us feat. Ray Dalton,Do I Wanna Know?,Without Me,Havana feat. Young Thug,Every Breath You Take,Man On the Moon,Believer,Counting Stars,Smells Like Teen Spirit,gzip,ambience,
Don't Start Now,Don't Start Now,Can't Hold Us feat. Ray Dalton,Thinking out Loud,goosebumps,Havana feat. Young Thug,Sunflower - Spider-Man: Into the Spider-Verse,Counting Stars,Flowers,Centipede,There's Nothing Holdin' Me Back,gzip,ambience,
No Role Modelz,No Role Modelz,Havana feat. Young Thug,Can't Hold Us feat. Ray Dalton,bad guy,Do I Wanna Know?,God's Plan,STAY with Justin Bieber,Believer,Happier,Demons,gzip,ambience,
All of Me,All of Me,Havana feat. Young Thug,Viva La Vida,Can't Hold Us feat. Ray Dalton,God's Plan,Closer,Bohemian Rhapsody - Remastered 2011,The Hills,Do I Wanna Know?,Demons,gzip,ambience,
Ether,Ether,Can't Hold Us feat. Ray Dalton,Counting Stars,Die For You,Photograph,Choke,goosebumps,Unforgettable,Stressed Out,Shape of You,gzip,ambience,
Closer,Closer,Can't Hold Us feat. Ray Dalton,Havana feat. Young Thug,No Role Modelz,Do I Wanna Know?,Viva La Vida,Say You Won't Let Go,Bohemian Rhapsody - Remastered 2011,Without Me with Juice WRLD,Too Good At Goodbyes,gzip,ambience,
Too Good At Goodbyes,Too Good At Goodbyes,Can't Hold Us feat. Ray Dalton,Havana feat. Young Thug,Happier,Watermelon Sugar,Just the Way You Are,Do I Wanna Know?,Bohemian Rhapsody - Remastered 2011,Say You Won't Let Go,When I Was Your Man,gzip,ambience,
bad guy,bad guy,Can't Hold Us feat. Ray Dalton,Without Me,Lose Yourself,Do I Wanna Know?,Counting Stars,Every Breath You Take,Smells Like Teen Spirit,Havana feat. Young Thug,Thinking out Loud,gzip,ambience,
That's What I Like,That's What I Like,Can't Hold Us feat. Ray Dalton,Choke,In the End,Believer,Bohemian Rhapsody - Remastered 2011,God's Plan,Havana feat. Young Thug,No Role Modelz,INDUSTRY BABY feat. Jack Harlow,gzip,ambience,
Viva La Vida,Viva La Vida,Havana feat. Young Thug,Treat You Better,Can't Hold Us feat. Ray Dalton,Every Breath You Take,Mr. Brightside,Smells Like Teen Spirit,Bohemian Rhapsody - Remastered 2011,Unforgettable,Closer,gzip,ambience,
Heat Waves,Heat Waves,Unforgettable,My Goodbye,Havana feat. Young Thug,Can't Hold Us feat. Ray Dalton,Counting Stars,Bohemian Rhapsody - Remastered 2011,There's Nothing Holdin' Me Back,Die For You,Shape of You,gzip,ambience,
Photograph,Photograph,Can't Hold Us feat. Ray Dalton,Counting Stars,Die For You,Shape of You,Thinking out Loud,Every Breath You Take,Smells Like Teen Spirit,Havana feat. Young Thug,Stressed Out,gzip,ambience,
Starboy,Starboy,Can't Hold Us feat. Ray Dalton,Watermelon Sugar,rockstar,Havana feat. Young Thug,Happier,Thunder,One Kiss with Dua Lipa,Too Good At Goodbyes,New Rules,gzip,ambience,
Walk On Water,Walk On Water,Can't Hold Us feat. Ray Dalton,Stressed Out,Smells Like Teen Spirit,Thunder,Circles,Flowers,Take Me To Church,Señorita,Stay With Me,gzip,ambience,
XO Tour Llif3,Havana feat. Young Thug,God's Plan,Can't Hold Us feat. Ray Dalton,Bohemian Rhapsody - Remastered 2011,INDUSTRY BABY feat. Jack Harlow,SICKO MODE,Demons,Believer,That's What I Like,Do I Wanna Know?,gzip,ambience,
Yellow,Yellow,Can't Hold Us feat. Ray Dalton,rockstar,Havana feat. Young Thug,Counting Stars,Man On the Moon,Unforgettable,Take Me To Church,Bohemian Rhapsody - Remastered 2011,Heat Waves,gzip,ambience,
The Hills,The Hills,Can't Hold Us feat. Ray Dalton,Say You Won't Let Go,Havana feat. Young Thug,Bohemian Rhapsody - Remastered 2011,Happier,Do I Wanna Know?,I Wanna Be Yours,Sweater Weather,God's Plan,gzip,ambience,
Shine On,Shine On,Havana feat. Young Thug,Do I Wanna Know?,Can't Hold Us feat. Ray Dalton,Viva La Vida,Choke,Treat You Better,Man On the Moon,Closer,Stressed Out,gzip,ambience,
Counting Stars,Counting Stars,Can't Hold Us feat. Ray Dalton,Die For You,Shape of You,Flowers,There's Nothing Holdin' Me Back,My Goodbye,Havana feat. Young Thug,Thinking out Loud,Treat You Better,gzip,ambience,
Treat You Better,Treat You Better,Mr. Brightside,Every Breath You Take,Viva La Vida,Choke,Can't Hold Us feat. Ray Dalton,Counting Stars,Unforgettable,Believer,Havana feat. Young Thug,gzip,ambience,
Say You Won't Let Go,Say You Won't Let Go,Havana feat. Young Thug,Can't Hold Us feat. Ray Dalton,Bohemian Rhapsody - Remastered 2011,Do I Wanna Know?,Happier,Sweater Weather,Demons,Too Good At Goodbyes,No Role Modelz,gzip,ambience,
INDUSTRY BABY feat,INDUSTRY BABY feat. Jack Harlow,Choke,That's What I Like,Can't Hold Us feat. Ray Dalton,Someone You Loved,Without Me with Juice WRLD,SICKO MODE,In the End,One Dance,Havana feat. Young Thug,gzip,ambience,
No Signal,No Signal,Can't Hold Us feat. Ray Dalton,Man On the Moon,Choke,Do I Wanna Know?,rockstar,I Wanna Be Yours,Cuidado,Without Me,Thunder,gzip,ambience,
Demons,Demons,Havana feat. Young Thug,Bohemian Rhapsody - Remastered 2011,Do I Wanna Know?,Can't Hold Us feat. Ray Dalton,Let Me Love You,Viva La Vida,Say You Won't Let Go,Closer,Man On the Moon,gzip,ambience,
Someone You Loved,Someone You Loved,That's What I Like,Viva La Vida,Havana feat. Young Thug,Can't Hold Us feat. Ray Dalton,Bohemian Rhapsody - Remastered 2011,Believer,In the End,STAY with Justin Bieber,Say You Won't Let Go,gzip,ambience,
Lucid Dreams,Lucid Dreams,Can't Hold Us feat. Ray Dalton,The Night We Met,Counting Stars,Havana feat. Young Thug,Thinking out Loud,Shape of You,There's Nothing Holdin' Me Back,Die For You,Something Just Like This,gzip,ambience,
Smells Like Teen Spirit,Smells Like Teen Spirit,Can't Hold Us feat. Ray Dalton,Havana feat. Young Thug,Mr. Brightside,Counting Stars,In the End,Walk On Water,Flowers,SICKO MODE,Bohemian Rhapsody - Remastered 2011,gzip,ambience,
Choke,Choke,Can't Hold Us feat. Ray Dalton,That's What I Like,In the End,Die For You,Havana feat. Young Thug,Counting Stars,SICKO MODE,Bohemian Rhapsody - Remastered 2011,Demons,gzip,ambience,
New Rules,New Rules,Can't Hold Us feat. Ray Dalton,Circles,Thunder,Coconut Water,goosebumps,Walk On Water,Flowers,Señorita,One Kiss with Dua Lipa,gzip,ambience,
Die For You,Die For You,7 rings,Shape of You,Can't Hold Us feat. Ray Dalton,Counting Stars,That's What I Like,My Goodbye,Unforgettable,Havana feat. Young Thug,Choke,gzip,ambience,
Centipede,Centipede,Can't Hold Us feat. Ray Dalton,Havana feat. Young Thug,Take Me To Church,goosebumps,Let Her Go,Stressed Out,Another Love,Thinking out Loud,Flowers,gzip,ambience,
Sweater Weather,Sweater Weather,Can't Hold Us feat. Ray Dalton,Do I Wanna Know?,Havana feat. Young Thug,Say You Won't Let Go,Viva La Vida,No Role Modelz,Bohemian Rhapsody - Remastered 2011,goosebumps,Thunder,gzip,ambience,
Circles,Circles,Can't Hold Us feat. Ray Dalton,Señorita,Flowers,Havana feat. Young Thug,Thunder,Another Love,Smells Like Teen Spirit,goosebumps,One Kiss with Dua Lipa,gzip,ambience,
Sorry,Sorry,Can't Hold Us feat. Ray Dalton,Choke,Havana feat. Young Thug,No Role Modelz,Closer,Sweater Weather,Say You Won't Let Go,Do I Wanna Know?,Too Good At Goodbyes,gzip,ambience,
VICIOUS CYCLE,VICIOUS CYCLE,Starboy,HUMBLE.,Can't Hold Us feat. Ray Dalton,All of Me,goosebumps,SICKO MODE,Havana feat. Young Thug,XO Tour Llif3,God's Plan,gzip,ambience,
Lele,Lele,Unforgettable,Can't Hold Us feat. Ray Dalton,Choke,Havana feat. Young Thug,Someone You Loved,One Dance,Bohemian Rhapsody - Remastered 2011,Counting Stars,Believer,gzip,ambience,
Sparkling Moments,Sparkling Moments,Can't Hold Us feat. Ray Dalton,Señorita,rockstar,Circles,Too Good At Goodbyes,Havana feat. Young Thug,New Rules,Thunder,Stressed Out,gzip,ambience,
Let Me Love You,Let Me Love You,Can't Hold Us feat. Ray Dalton,Smells Like Teen Spirit,Havana feat. Young Thug,Demons,No Role Modelz,Do I Wanna Know?,Choke,Thunder,Too Good At Goodbyes,gzip,ambience,
Wake Me Up - Radio Edit,Wake Me Up - Radio Edit,Can't Hold Us feat. Ray Dalton,Havana feat. Young Thug,Thinking out Loud,God's Plan,When I Was Your Man,Take Me To Church,Sunflower - Spider-Man: Into the Spider-Verse,There's Nothing Holdin' Me Back,Shape of You,gzip,ambience,
The Night We Met,The Night We Met,Can't Hold Us feat. Ray Dalton,Havana feat. Young Thug,Thinking out Loud,Wake Me Up - Radio Edit,Lucid Dreams,When I Was Your Man,God's Plan,Something Just Like This,There's Nothing Holdin' Me Back,gzip,ambience,
Cruel Summer,Cruel Summer,Can't Hold Us feat. Ray Dalton,Thinking out Loud,My Goodbye,Havana feat. Young Thug,As It Was,Counting Stars,goosebumps,Wake Me Up - Radio Edit,There's Nothing Holdin' Me Back,gzip,ambience,
Stressed Out,Stressed Out,Can't Hold Us feat. Ray Dalton,Havana feat. Young Thug,Take Me To Church,Do I Wanna Know?,goosebumps,Flowers,Señorita,Let Her Go,Another Love,gzip,ambience,
Man On the Moon,Man On the Moon,Can't Hold Us feat. Ray Dalton,Do I Wanna Know?,Bohemian Rhapsody - Remastered 2011,Havana feat. Young Thug,Too Good At Goodbyes,I Wanna Be Yours,Say You Won't Let Go,Counting Stars,Treat You Better,gzip,ambience,
Another Love,Can't Hold Us feat. Ray Dalton,Another Love,Take Me To Church,Don't Start Now,goosebumps,Flowers,Havana feat. Young Thug,Stressed Out,Thinking out Loud,Circles,gzip,ambience,
Stay With Me,Stay With Me,Can't Hold Us feat. Ray Dalton,Thunder,Stressed Out,Man On the Moon,Too Good At Goodbyes,goosebumps,Flowers,Do I Wanna Know?,Sweater Weather,gzip,ambience,
I Wanna Be Yours,I Wanna Be Yours,Demons,Can't Hold Us feat. Ray Dalton,Bohemian Rhapsody - Remastered 2011,Havana feat. Young Thug,Viva La Vida,Man On the Moon,Do I Wanna Know?,The Hills,Say You Won't Let Go,gzip,ambience,
HUMBLE,HUMBLE.,Can't Hold Us feat. Ray Dalton,VICIOUS CYCLE,bad guy,No Role Modelz,That's What I Like,Havana feat. Young Thug,Choke,God's Plan,Thunder,gzip,ambience,
Do I Wanna Know,Do I Wanna Know?,Havana feat. Young Thug,Can't Hold Us feat. Ray Dalton,Say You Won't Let Go,Too Good At Goodbyes,Happier,Bohemian Rhapsody - Remastered 2011,Demons,Viva La Vida,Watermelon Sugar,gzip,ambience,
Sunflower - Spider-Man Into the Spider-Verse,Sunflower - Spider-Man: Into the Spider-Verse,Can't Hold Us feat. Ray Dalton,There's Nothing Holdin' Me Back,Havana feat. Young Thug,Thinking out Loud,goosebumps,Don't Start Now,New Rules,XO Tour Llif3,Wake Me Up - Radio Edit,gzip,ambience,
SICKO MODE,SICKO MODE,Can't Hold Us feat. Ray Dalton,Die For You,Counting Stars,Havana feat. Young Thug,goosebumps,Choke,That's What I Like,7 rings,Shape of You,gzip,ambience,
One Kiss with Dua Lipa,One Kiss with Dua Lipa,Can't Hold Us feat. Ray Dalton,New Rules,Circles,Havana feat. Young Thug,Coconut Water,Señorita,Thunder,Do I Wanna Know?,Don't Start Now,gzip,ambience,
Unforgettable,Unforgettable,Choke,Counting Stars,Die For You,Can't Hold Us feat. Ray Dalton,My Goodbye,Treat You Better,Havana feat. Young Thug,Mr. Brightside,Shape of You,gzip,ambience,
Let Her Go,Let Her Go,Can't Hold Us feat. Ray Dalton,Flowers,Thinking out Loud,Stressed Out,Centipede,Walk On Water,Havana feat. Young Thug,Take Me To Church,There's Nothing Holdin' Me Back,gzip,ambience,
SAD!,SAD!,Can't Hold Us feat. Ray Dalton,Man On the Moon,Do I Wanna Know?,Havana feat. Young Thug,Too Good At Goodbyes,Sweater Weather,Counting Stars,Say You Won't Let Go,Stay With Me,gzip,ambience,
Happier,Happier,Can't Hold Us feat. Ray Dalton,Havana feat. Young Thug,Too Good At Goodbyes,Just the Way You Are,Bohemian Rhapsody - Remastered 2011,Watermelon Sugar,Lean On feat. MØ & DJ Snake,Circles,Say You Won't Let Go,gzip,ambience,
Every Breath You Take,Every Breath You Take,Treat You Better,Viva La Vida,Can't Hold Us feat. Ray Dalton,Counting Stars,Havana feat. Young Thug,Unforgettable,Smells Like Teen Spirit,Mr. Brightside,Do I Wanna Know?,gzip,ambience,
Señorita,Señorita,Can't Hold Us feat. Ray Dalton,Flowers,Circles,New Rules,Havana feat. Young Thug,Thunder,goosebumps,Another Love,Stay With Me,gzip,ambience,
Havana feat,Havana feat. Young Thug,Can't Hold Us feat. Ray Dalton,Bohemian Rhapsody - Remastered 2011,God's Plan,When I Was Your Man,Demons,Say You Won't Let Go,Do I Wanna Know?,Believer,SICKO MODE,gzip,ambience,
Love Yourself,Love Yourself,Havana feat. Young Thug,Can't Hold Us feat. Ray Dalton,God's Plan,INDUSTRY BABY feat. Jack Harlow,Bohemian Rhapsody - Remastered 2011,Demons,Shape of You,Die For You,SICKO MODE,gzip,ambience,
Shape of You,Shape of You,Die For You,Can't Hold Us feat. Ray Dalton,Counting Stars,Havana feat. Young Thug,My Goodbye,7 rings,Love Yourself,Lucid Dreams,Unforgettable,gzip,ambience,
Coconut Water,Coconut Water,Can't Hold Us feat. Ray Dalton,Circles,Señorita,goosebumps,Havana feat. Young Thug,Flowers,New Rules,Happier,Another Love,gzip,ambience,
Lean On feat,Lean On feat. MØ & DJ Snake,Can't Hold Us feat. Ray Dalton,Havana feat. Young Thug,Too Good At Goodbyes,SICKO MODE,Do I Wanna Know?,Sorry,Without Me,Choke,Bohemian Rhapsody - Remastered 2011,gzip,ambience,
Thunder,Thunder,Can't Hold Us feat. Ray Dalton,Flowers,Señorita,Havana feat. Young Thug,Circles,Smells Like Teen Spirit,Bohemian Rhapsody - Remastered 2011,Stressed Out,Do I Wanna Know?,gzip,ambience,
Shallow,Shallow,Havana feat. Young Thug,Can't Hold Us feat. Ray Dalton,Demons,God's Plan,When I Was Your Man,Bohemian Rhapsody - Remastered 2011,Do I Wanna Know?,Happier,Thinking out Loud,gzip,ambience,
In the Morning,In the Morning,All of Me,Havana feat. Young Thug,Without Me with Juice WRLD,Can't Hold Us feat. Ray Dalton,Viva La Vida,Bohemian Rhapsody - Remastered 2011,Unforgettable,Someone You Loved,Counting Stars,gzip,ambience,
One Dance,One Dance,Havana feat. Young Thug,Someone You Loved,Believer,Can't Hold Us feat. Ray Dalton,7 rings,That's What I Like,Unforgettable,Counting Stars,Closer,gzip,ambience,
Flowers,Flowers,Can't Hold Us feat. Ray Dalton,Stressed Out,Señorita,Circles,Thunder,Let Her Go,Havana feat. Young Thug,Counting Stars,Stay With Me,gzip,ambience,
In the End,Starboy,HUMBLE.,Can't Hold Us feat. Ray Dalton,In the End,Havana feat. Young Thug,rockstar,Mr. Brightside,Unforgettable,Bohemian Rhapsody - Remastered 2011,SICKO MODE,gzip,ambience,
Mr,Mr. Brightside,Treat You Better,Viva La Vida,Smells Like Teen Spirit,Unforgettable,Havana feat. Young Thug,Bohemian Rhapsody - Remastered 2011,Can't Hold Us feat. Ray Dalton,Counting Stars,In the End,gzip,ambience,
lovely with Khalid,lovely with Khalid,Can't Hold Us feat. Ray Dalton,Take Me To Church,goosebumps,Another Love,Thinking out Loud,Havana feat. Young Thug,Let Her Go,Counting Stars,Centipede,gzip,ambience,
Without Me,Without Me,Can't Hold Us feat. Ray Dalton,bad guy,Counting Stars,rockstar,Do I Wanna Know?,Walk On Water,Havana feat. Young Thug,Lose Yourself,Stay With Me,gzip,ambience,
rockstar,rockstar,Can't Hold Us feat. Ray Dalton,Choke,Havana feat. Young Thug,goosebumps,Do I Wanna Know?,XO Tour Llif3,New Rules,Happier,Coconut Water,gzip,ambience,
Just the Way You Are,Just the Way You Are,Can't Hold Us feat. Ray Dalton,Too Good At Goodbyes,Havana feat. Young Thug,Smells Like Teen Spirit,Bohemian Rhapsody - Remastered 2011,In the End,No Role Modelz,Happier,SICKO MODE,gzip,ambience,
Something Just Like This,Something Just Like This,Can't Hold Us feat. Ray Dalton,Don't Start Now,Lose Yourself,There's Nothing Holdin' Me Back,Havana feat. Young Thug,Starboy,Counting Stars,Thinking out Loud,Flowers,gzip,ambience,
As It Was,As It Was,Can't Hold Us feat. Ray Dalton,Havana feat. Young Thug,Die For You,Counting Stars,My Goodbye,Thinking out Loud,Wake Me Up - Radio Edit,Shape of You,There's Nothing Holdin' Me Back,gzip,ambience,
goosebumps,goosebumps,Can't Hold Us feat. Ray Dalton,Havana feat. Young Thug,Circles,Señorita,Thinking out Loud,One Kiss with Dua Lipa,New Rules,Another Love,Don't Start Now,gzip,ambience,
Watermelon Sugar,Watermelon Sugar,Can't Hold Us feat. Ray Dalton,Havana feat. Young Thug,Do I Wanna Know?,Flowers,Happier,Say You Won't Let Go,Bohemian Rhapsody - Remastered 2011,Stressed Out,Too Good At Goodbyes,gzip,ambience,
Cuidado,Cuidado,Can't Hold Us feat. Ray Dalton,Havana feat. Young Thug,Choke,Do I Wanna Know?,Closer,Too Good At Goodbyes,Say You Won't Let Go,Bohemian Rhapsody - Remastered 2011,SICKO MODE,gzip,ambience,
Believer,Believer,Can't Hold Us feat. Ray Dalton,That's What I Like,Sweater Weather,Havana feat. Young Thug,Do I Wanna Know?,Choke,Bohemian Rhapsody - Remastered 2011,Counting Stars,bad guy,gzip,ambience,
Without Me with Juice WRLD,Without Me with Juice WRLD,Choke,Can't Hold Us feat. Ray Dalton,That's What I Like,Unforgettable,Die For You,Counting Stars,INDUSTRY BABY feat. Jack Harlow,7 rings,Havana feat. Young Thug,gzip,ambience,
Lose Yourself,Lose Yourself,Can't Hold Us feat. Ray Dalton,Choke,Without Me,Do I Wanna Know?,bad guy,Counting Stars,Flowers,Havana feat. Young Thug,Smells Like Teen Spirit,gzip,ambience,
