Die For You,Die For You,Shape of You,Counting Stars,My Goodbye,7 rings,Photograph,Havana feat. Young Thug,Unforgettable,That's What I Like,Can't Hold Us feat. Ray Dalton,zstd,raw,30,60
Closer,Closer,Havana feat. Young Thug,Bohemian Rhapsody - Remastered 2011,Do I Wanna Know?,God's Plan,No Role Modelz,Demons,Viva La Vida,SICKO MODE,Sweater Weather,zstd,raw,30,60
bad guy,bad guy,Treat You Better,Havana feat. Young Thug,Bohemian Rhapsody - Remastered 2011,Counting Stars,Without Me,Thinking out Loud,Too Good At Goodbyes,Smells Like Teen Spirit,Lose Yourself,zstd,raw,30,60
Man On the Moon,Man On the Moon,Do I Wanna Know?,Havana feat. Young Thug,Bohemian Rhapsody - Remastered 2011,Sweater Weather,Too Good At Goodbyes,Señorita,bad guy,Flowers,Let Me Love You,zstd,raw,30,60
Cruel Summer,Cruel Summer,Counting Stars,Thinking out Loud,Walk On Water,Can't Hold Us feat. Ray Dalton,Stressed Out,New Rules,Wake Me Up - Radio Edit,Don't Start Now,Havana feat. Young Thug,zstd,raw,30,60
Can't Hold Us feat,Can't Hold Us feat. Ray Dalton,Don't Start Now,goosebumps,Thunder,New Rules,Circles,Choke,Coconut Water,XO Tour Llif3,Señorita,zstd,raw,30,60
Havana feat,Havana feat. Young Thug,Bohemian Rhapsody - Remastered 2011,Say You Won't Let Go,Do I Wanna Know?,Demons,Can't Hold Us feat. Ray Dalton,God's Plan,When I Was Your Man,Happier,Sweater Weather,zstd,raw,30,60
Mr,Mr. Brightside,Treat You Better,In the End,Viva La Vida,Smells Like Teen Spirit,Bohemian Rhapsody - Remastered 2011,Counting Stars,Havana feat. Young Thug,INDUSTRY BABY feat. Jack Harlow,Unforgettable,zstd,raw,30,60
Heat Waves,Heat Waves,Treat You Better,Photograph,Counting Stars,bad guy,Bohemian Rhapsody - Remastered 2011,Unforgettable,Havana feat. Young Thug,Lose Yourself,There's Nothing Holdin' Me Back,zstd,raw,30,60
LOOP feat,LOOP feat. Lil Cherry,Havana feat. Young Thug,Bohemian Rhapsody - Remastered 2011,Can't Hold Us feat. Ray Dalton,Do I Wanna Know?,Man On the Moon,Counting Stars,Believer,Too Good At Goodbyes,Every Breath You Take,zstd,raw,30,60
HUMBLE,HUMBLE.,XO Tour Llif3,Thunder,rockstar,Can't Hold Us feat. Ray Dalton,Choke,That's What I Like,Havana feat. Young Thug,Lose Yourself,New Rules,zstd,raw,30,60
Let Me Love You,Let Me Love You,Bohemian Rhapsody - Remastered 2011,Havana feat. Young Thug,Do I Wanna Know?,Viva La Vida,Man On the Moon,Smells Like Teen Spirit,Can't Hold Us feat. Ray Dalton,I Wanna Be Yours,Sweater Weather,zstd,raw,30,60
In the Morning,In the Morning,All of Me,Havana feat. Young Thug,Bohemian Rhapsody - Remastered 2011,Someone You Loved,Without Me with Juice WRLD,Viva La Vida,God's Plan,Unforgettable,Lele,zstd,raw,30,60
Counting Stars,Counting Stars,Choke,Can't Hold Us feat. Ray Dalton,goosebumps,Unforgettable,Havana feat. Young Thug,Die For You,SICKO MODE,There's Nothing Holdin' Me Back,bad guy,zstd,raw,30,60
Sweater Weather,Sweater Weather,Can't Hold Us feat. Ray Dalton,Bohemian Rhapsody - Remastered 2011,Do I Wanna Know?,Havana feat. Young Thug,New Rules,Without Me,Thunder,Say You Won't Let Go,Believer,zstd,raw,30,60
Love Yourself,Love Yourself,Shape of You,Havana feat. Young Thug,My Goodbye,God's Plan,Can't Hold Us feat. Ray Dalton,Bohemian Rhapsody - Remastered 2011,Counting Stars,Photograph,Unforgettable,zstd,raw,30,60
Stay With Me,Stay With Me,Starboy,Do I Wanna Know?,Man On the Moon,Thunder,Can't Hold Us feat. Ray Dalton,New Rules,Havana feat. Young Thug,Bohemian Rhapsody - Remastered 2011,Sweater Weather,zstd,raw,30,60
Believer,Believer,Havana feat. Young Thug,Bohemian Rhapsody - Remastered 2011,Can't Hold Us feat. Ray Dalton,Do I Wanna Know?,bad guy,No Role Modelz,Lose Yourself,God's Plan,Counting Stars,zstd,raw,30,60
When I Was Your Man,When I Was Your Man,Havana feat. Young Thug,Bohemian Rhapsody - Remastered 2011,Can't Hold Us feat. Ray Dalton,God's Plan,Happier,Demons,Too Good At Goodbyes,Thinking out Loud,Watermelon Sugar,zstd,raw,30,60
Cuidado,Cuidado,Havana feat. Young Thug,Bohemian Rhapsody - Remastered 2011,Do I Wanna Know?,Too Good At Goodbyes,I Wanna Be Yours,Can't Hold Us feat. Ray Dalton,Say You Won't Let Go,Man On the Moon,SICKO MODE,zstd,raw,30,60
Something Just Like This,Something Just Like This,Can't Hold Us feat. Ray Dalton,Havana feat. Young Thug,Counting Stars,Stay With Me,XO Tour Llif3,New Rules,goosebumps,Bohemian Rhapsody - Remastered 2011,Wake Me Up - Radio Edit,zstd,raw,30,60
VICIOUS CYCLE,VICIOUS CYCLE,XO Tour Llif3,God's Plan,Can't Hold Us feat. Ray Dalton,goosebumps,Havana feat. Young Thug,rockstar,SICKO MODE,Thunder,Sorry,zstd,raw,30,60
Watermelon Sugar,Watermelon Sugar,Havana feat. Young Thug,Can't Hold Us feat. Ray Dalton,Bohemian Rhapsody - Remastered 2011,Happier,New Rules,Shallow,Too Good At Goodbyes,Demons,Flowers,zstd,raw,30,60
Shape of You,Shape of You,Die For You,My Goodbye,Counting Stars,7 rings,Havana feat. Young Thug,Can't Hold Us feat. Ray Dalton,Lucid Dreams,Photograph,There's Nothing Holdin' Me Back,zstd,raw,30,60
Sunflower - Spider-Man Into the Spider-Verse,Sunflower - Spider-Man: Into the Spider-Verse,Can't Hold Us feat. Ray Dalton,Havana feat. Young Thug,XO Tour Llif3,Thinking out Loud,There's Nothing Holdin' Me Back,goosebumps,God's Plan,Circles,Don't Start Now,zstd,raw,30,60
One Dance,One Dance,Unforgettable,Havana feat. Young Thug,Lose Yourself,Choke,Counting Stars,Believer,Bohemian Rhapsody - Remastered 2011,SICKO MODE,Treat You Better,zstd,raw,30,60
Shine On,Shine On,Bohemian Rhapsody - Remastered 2011,Havana feat. Young Thug,INDUSTRY BABY feat. Jack Harlow,Say You Won't Let Go,Viva La Vida,Do I Wanna Know?,Demons,SICKO MODE,Closer,zstd,raw,30,60
Let Her Go,Let Her Go,Havana feat. Young Thug,Bohemian Rhapsody - Remastered 2011,Thinking out Loud,There's Nothing Holdin' Me Back,Take Me To Church,When I Was Your Man,Too Good At Goodbyes,Photograph,Flowers,zstd,raw,30,60
No Role Modelz,No Role Modelz,Havana feat. Young Thug,Can't Hold Us feat. Ray Dalton,God's Plan,Do I Wanna Know?,Closer,Bohemian Rhapsody - Remastered 2011,Thunder,New Rules,Believer,zstd,raw,30,60
Too Good At Goodbyes,Too Good At Goodbyes,Havana feat. Young Thug,Let Her Go,Bohemian Rhapsody - Remastered 2011,When I Was Your Man,Do I Wanna Know?,Happier,Man On the Moon,Say You Won't Let Go,Watermelon Sugar,zstd,raw,30,60
Shallow,Shallow,Can't Hold Us feat. Ray Dalton,Bohemian Rhapsody - Remastered 2011,Havana feat. Young Thug,Thinking out Loud,Without Me,goosebumps,Walk On Water,Take Me To Church,Don't Start Now,zstd,raw,30,60
Take Me To Church,Take Me To Church,Thinking out Loud,Can't Hold Us feat. Ray Dalton,Havana feat. Young Thug,Counting Stars,Another Love,Bohemian Rhapsody - Remastered 2011,There's Nothing Holdin' Me Back,goosebumps,Shallow,zstd,raw,30,60
The Hills,The Hills,Havana feat. Young Thug,Demons,Bohemian Rhapsody - Remastered 2011,All of Me,God's Plan,Can't Hold Us feat. Ray Dalton,Do I Wanna Know?,No Role Modelz,Say You Won't Let Go,zstd,raw,30,60
Centipede,Centipede,Can't Hold Us feat. Ray Dalton,Take Me To Church,Wake Me Up - Radio Edit,Stressed Out,Thinking out Loud,Flowers,Another Love,Señorita,goosebumps,zstd,raw,30,60
Someone You Loved,Someone You Loved,Bohemian Rhapsody - Remastered 2011,That's What I Like,Havana feat. Young Thug,Viva La Vida,INDUSTRY BABY feat. Jack Harlow,SICKO MODE,In the End,Unforgettable,God's Plan,zstd,raw,30,60
Señorita,Señorita,Flowers,Circles,Stressed Out,New Rules,Thunder,Can't Hold Us feat. Ray Dalton,goosebumps,Another Love,Stay With Me,zstd,raw,30,60
INDUSTRY BABY feat,INDUSTRY BABY feat. Jack Harlow,Choke,Bohemian Rhapsody - Remastered 2011,Unforgettable,That's What I Like,Havana feat. Young Thug,Without Me with Juice WRLD,SICKO MODE,Do I Wanna Know?,In the End,zstd,raw,30,60
STAY with Justin Bieber,STAY with Justin Bieber,Treat You Better,No Role Modelz,Viva La Vida,Mr. Brightside,Believer,Havana feat. Young Thug,Bohemian Rhapsody - Remastered 2011,Counting Stars,bad guy,zstd,raw,30,60
Walk On Water,Walk On Water,Stressed Out,Señorita,Treat You Better,Without Me,Cruel Summer,Take Me To Church,Counting Stars,Shallow,Thinking out Loud,zstd,raw,30,60
Another Love,Another Love,lovely with Khalid,Can't Hold Us feat. Ray Dalton,Let Her Go,Havana feat. Young Thug,Take Me To Church,goosebumps,Bohemian Rhapsody - Remastered 2011,God's Plan,Coconut Water,zstd,raw,30,60
Do I Wanna Know,Do I Wanna Know?,Havana feat. Young Thug,Bohemian Rhapsody - Remastered 2011,Say You Won't Let Go,bad guy,Sweater Weather,Too Good At Goodbyes,Man On the Moon,Believer,Lose Yourself,zstd,raw,30,60
SAD!,SAD!,Man On the Moon,Sweater Weather,bad guy,Bohemian Rhapsody - Remastered 2011,Havana feat. Young Thug,Too Good At Goodbyes,Treat You Better,Do I Wanna Know?,Smells Like Teen Spirit,zstd,raw,30,60
XO Tour Llif3,XO Tour Llif3,Can't Hold Us feat. Ray Dalton,Havana feat. Young Thug,Don't Start Now,God's Plan,Die For You,goosebumps,SICKO MODE,New Rules,Choke,zstd,raw,30,60
Thinking out Loud,Thinking out Loud,Havana feat. Young Thug,Can't Hold Us feat. Ray Dalton,There's Nothing Holdin' Me Back,Don't Start Now,Bohemian Rhapsody - Remastered 2011,Take Me To Church,Flowers,Counting Stars,SICKO MODE,zstd,raw,30,60
Stressed Out,Stressed Out,Can't Hold Us feat. Ray Dalton,Havana feat. Young Thug,Another Love,goosebumps,New Rules,Do I Wanna Know?,Señorita,Die For You,Bohemian Rhapsody - Remastered 2011,zstd,raw,30,60
Lean On feat,Lean On feat. MØ & DJ Snake,Havana feat. Young Thug,Bohemian Rhapsody - Remastered 2011,Can't Hold Us feat. Ray Dalton,Sorry,Too Good At Goodbyes,SICKO MODE,I Wanna Be Yours,Choke,Do I Wanna Know?,zstd,raw,30,60
God's Plan,God's Plan,Havana feat. Young Thug,Can't Hold Us feat. Ray Dalton,No Role Modelz,Bohemian Rhapsody - Remastered 2011,Demons,SICKO MODE,HUMBLE.,INDUSTRY BABY feat. Jack Harlow,Believer,zstd,raw,30,60
Circles,Circles,Señorita,Thunder,Flowers,Havana feat. Young Thug,Bohemian Rhapsody - Remastered 2011,goosebumps,Sparkling Moments,Can't Hold Us feat. Ray Dalton,Smells Like Teen Spirit,zstd,raw,30,60
No Signal,No Signal,Man On the Moon,Do I Wanna Know?,I Wanna Be Yours,Too Good At Goodbyes,Bohemian Rhapsody - Remastered 2011,Havana feat. Young Thug,Cuidado,SAD!,Sweater Weather,zstd,raw,30,60
Treat You Better,Treat You Better,Mr. Brightside,Smells Like Teen Spirit,Viva La Vida,Photograph,Bohemian Rhapsody - Remastered 2011,Every Breath You Take,Counting Stars,In the End,Unforgettable,zstd,raw,30,60
Lose Yourself,Lose Yourself,Choke,Can't Hold Us feat. Ray Dalton,Without Me,Thunder,Counting Stars,Unforgettable,Havana feat. Young Thug,Flowers,Bohemian Rhapsody - Remastered 2011,zstd,raw,30,60
SICKO MODE,SICKO MODE,Choke,XO Tour Llif3,Can't Hold Us feat. Ray Dalton,Havana feat. Young Thug,One Dance,Thunder,That's What I Like,goosebumps,Lean On feat. MØ & DJ Snake,zstd,raw,30,60
All of Me,All of Me,Havana feat. Young Thug,God's Plan,Bohemian Rhapsody - Remastered 2011,Viva La Vida,Closer,Demons,The Hills,Someone You Loved,No Role Modelz,zstd,raw,30,60
There's Nothing Holdin' Me Back,There's Nothing Holdin' Me Back,Havana feat. Young Thug,Counting Stars,Bohemian Rhapsody - Remastered 2011,Shape of You,Thinking out Loud,Photograph,Let Her Go,Unforgettable,Lucid Dreams,zstd,raw,30,60
Wake Me Up - Radio Edit,Wake Me Up - Radio Edit,Havana feat. Young Thug,Can't Hold Us feat. Ray Dalton,Bohemian Rhapsody - Remastered 2011,Thinking out Loud,SICKO MODE,Don't Start Now,Shallow,Circles,There's Nothing Holdin' Me Back,zstd,raw,30,60
rockstar,rockstar,Choke,Thunder,Can't Hold Us feat. Ray Dalton,Lose Yourself,Sorry,New Rules,goosebumps,Sweater Weather,Without Me,zstd,raw,30,60
Happier,Happier,Havana feat. Young Thug,Can't Hold Us feat. Ray Dalton,Bohemian Rhapsody - Remastered 2011,God's Plan,Demons,Too Good At Goodbyes,Watermelon Sugar,The Hills,Just the Way You Are,zstd,raw,30,60
Unforgettable,Unforgettable,Heat Waves,Havana feat. Young Thug,Without Me with Juice WRLD,7 rings,Bohemian Rhapsody - Remastered 2011,Believer,God's Plan,Counting Stars,My Goodbye,zstd,raw,30,60
Every Breath You Take,Every Breath You Take,Treat You Better,Unforgettable,Photograph,Smells Like Teen Spirit,Counting Stars,Mr. Brightside,Viva La Vida,Havana feat. Young Thug,Bohemian Rhapsody - Remastered 2011,zstd,raw,30,60
Without Me with Juice WRLD,Without Me with Juice WRLD,Choke,Can't Hold Us feat. Ray Dalton,That's What I Like,Die For You,XO Tour Llif3,No Role Modelz,Unforgettable,Havana feat. Young Thug,Counting Stars,zstd,raw,30,60
