One Kiss with Dua Lipa,One Kiss with Dua Lipa,Can't Hold Us feat. Ray Dalton,New Rules,Havana feat. Young Thug,Happier,Circles,Coconut Water,Bohemian Rhapsody - Remastered 2011,Do I Wanna Know?,Señorita,gzip,raw,30,85
The Night We Met,The Night We Met,Can't Hold Us feat. Ray Dalton,Havana feat. Young Thug,Lucid Dreams,Thinking out Loud,Wake Me Up - Radio Edit,Counting Stars,When I Was Your Man,Take Me To Church,Love Yourself,gzip,raw,30,85
Die For You,Die For You,Shape of You,7 rings,Counting Stars,My Goodbye,Can't Hold Us feat. Ray Dalton,That's What I Like,Heat Waves,Havana feat. Young Thug,Unforgettable,gzip,raw,30,85
Closer,Closer,Havana feat. Young Thug,Do I Wanna Know?,No Role Modelz,Can't Hold Us feat. Ray Dalton,Shine On,Bohemian Rhapsody - Remastered 2011,Viva La Vida,Sweater Weather,Man On the Moon,gzip,raw,30,85
Don't Start Now,Don't Start Now,Can't Hold Us feat. Ray Dalton,Thinking out Loud,Sunflower - Spider-Man: Into the Spider-Verse,Flowers,Havana feat. Young Thug,goosebumps,New Rules,There's Nothing Holdin' Me Back,Counting Stars,gzip,raw,30,85
bad guy,bad guy,Can't Hold Us feat. Ray Dalton,Without Me,Havana feat. Young Thug,Smells Like Teen Spirit,Counting Stars,Shine On,Do I Wanna Know?,Treat You Better,Flowers,gzip,raw,30,85
Man On the Moon,Starboy,Man On the Moon,All of Me,HUMBLE.,Can't Hold Us feat. Ray Dalton,Sweater Weather,Do I Wanna Know?,No Signal,Havana feat. Young Thug,rockstar,gzip,raw,30,85
Ether,Can't Hold Us feat. Ray Dalton,Ether,Die For You,Counting Stars,Photograph,Choke,Unforgettable,goosebumps,Starboy,Stressed Out,gzip,raw,30,85
Cruel Summer,Cruel Summer,Can't Hold Us feat. Ray Dalton,Walk On Water,Thinking out Loud,Counting Stars,Take Me To Church,Havana feat. Young Thug,Wake Me Up - Radio Edit,goosebumps,There's Nothing Holdin' Me Back,gzip,raw,30,85
Can't Hold Us feat,Can't Hold Us feat. Ray Dalton,goosebumps,Don't Start Now,Thunder,Coconut Water,Circles,New Rules,Flowers,Thinking out Loud,Havana feat. Young Thug,gzip,raw,30,85
Havana feat,Havana feat. Young Thug,Can't Hold Us feat. Ray Dalton,Say You Won't Let Go,When I Was Your Man,Happier,Do I Wanna Know?,Demons,Bohemian Rhapsody - Remastered 2011,Watermelon Sugar,Believer,gzip,raw,30,85
In the End,In the End,Mr. Brightside,Bohemian Rhapsody - Remastered 2011,Can't Hold Us feat. Ray Dalton,Smells Like Teen Spirit,Havana feat. Young Thug,Choke,SICKO MODE,Demons,That's What I Like,gzip,raw,30,85
Mr,Mr. Brightside,Treat You Better,In the End,Viva La Vida,Smells Like Teen Spirit,Havana feat. Young Thug,Unforgettable,Counting Stars,Bohemian Rhapsody - Remastered 2011,SICKO MODE,gzip,raw,30,85
Heat Waves,Heat Waves,HUMBLE.,Can't Hold Us feat. Ray Dalton,Lose Yourself,rockstar,Unforgettable,Havana feat. Young Thug,bad guy,Treat You Better,Counting Stars,gzip,raw,30,85
LOOP feat,LOOP feat. Lil Cherry,Can't Hold Us feat. Ray Dalton,Havana feat. Young Thug,Every Breath You Take,Do I Wanna Know?,Counting Stars,Man On the Moon,Believer,Smells Like Teen Spirit,Bohemian Rhapsody - Remastered 2011,gzip,raw,30,85
Sparkling Moments,Sparkling Moments,Starboy,VICIOUS CYCLE,Can't Hold Us feat. Ray Dalton,HUMBLE.,Señorita,Circles,Thunder,rockstar,goosebumps,gzip,raw,30,85
HUMBLE,HUMBLE.,Starboy,VICIOUS CYCLE,bad guy,Can't Hold Us feat. Ray Dalton,Choke,Without Me,Thunder,That's What I Like,Lose Yourself,gzip,raw,30,85
Choke,Choke,Can't Hold Us feat. Ray Dalton,That's What I Like,In the End,Havana feat. Young Thug,Counting Stars,Bohemian Rhapsody - Remastered 2011,Closer,Unforgettable,goosebumps,gzip,raw,30,85
Viva La Vida,Viva La Vida,Can't Hold Us feat. Ray Dalton,Bohemian Rhapsody - Remastered 2011,Havana feat. Young Thug,Treat You Better,Mr. Brightside,Smells Like Teen Spirit,Counting Stars,Every Breath You Take,SICKO MODE,gzip,raw,30,85
Without Me,Without Me,Can't Hold Us feat. Ray Dalton,rockstar,Do I Wanna Know?,Walk On Water,Counting Stars,Let Her Go,Havana feat. Young Thug,Lose Yourself,Man On the Moon,gzip,raw,30,85
Let Me Love You,Let Me Love You,Can't Hold Us feat. Ray Dalton,Havana feat. Young Thug,Smells Like Teen Spirit,No Role Modelz,Do I Wanna Know?,Choke,Thunder,Closer,Man On the Moon,gzip,raw,30,85
In the Morning,In the Morning,All of Me,Havana feat. Young Thug,Can't Hold Us feat. Ray Dalton,Viva La Vida,Without Me with Juice WRLD,Bohemian Rhapsody - Remastered 2011,Unforgettable,Someone You Loved,Counting Stars,gzip,raw,30,85
Counting Stars,Counting Stars,Can't Hold Us feat. Ray Dalton,There's Nothing Holdin' Me Back,Havana feat. Young Thug,Unforgettable,Treat You Better,Die For You,Shape of You,goosebumps,Thinking out Loud,gzip,raw,30,85
Starboy,Starboy,Can't Hold Us feat. Ray Dalton,One Kiss with Dua Lipa,New Rules,Thunder,Stressed Out,Circles,Señorita,Coconut Water,Stay With Me,gzip,raw,30,85
Just the Way You Are,Just the Way You Are,Can't Hold Us feat. Ray Dalton,Too Good At Goodbyes,Happier,Havana feat. Young Thug,No Role Modelz,Bohemian Rhapsody - Remastered 2011,Do I Wanna Know?,Lean On feat. MØ & DJ Snake,Thunder,gzip,raw,30,85
Sweater Weather,Sweater Weather,Can't Hold Us feat. Ray Dalton,Do I Wanna Know?,Havana feat. Young Thug,Say You Won't Let Go,No Role Modelz,Bohemian Rhapsody - Remastered 2011,Man On the Moon,Viva La Vida,Thunder,gzip,raw,30,85
That's What I Like,That's What I Like,Can't Hold Us feat. Ray Dalton,Choke,In the End,Bohemian Rhapsody - Remastered 2011,INDUSTRY BABY feat. Jack Harlow,Havana feat. Young Thug,Believer,No Role Modelz,God's Plan,gzip,raw,30,85
Thunder,Starboy,Thunder,VICIOUS CYCLE,HUMBLE.,Can't Hold Us feat. Ray Dalton,rockstar,Coconut Water,Choke,goosebumps,Lose Yourself,gzip,raw,30,85
content,Do I Wanna Know?,Lose Yourself,SICKO MODE,Too Good At Goodbyes,SAD!,Without Me,Just the Way You Are,Say You Won't Let Go,Sweater Weather,That's What I Like,gzip,raw,30,85
Love Yourself,Love Yourself,Shape of You,Can't Hold Us feat. Ray Dalton,Havana feat. Young Thug,Counting Stars,Die For You,My Goodbye,When I Was Your Man,Unforgettable,Heat Waves,gzip,raw,30,85
As It Was,As It Was,Can't Hold Us feat. Ray Dalton,Counting Stars,Die For You,Havana feat. Young Thug,My Goodbye,Shape of You,Something Just Like This,There's Nothing Holdin' Me Back,Thinking out Loud,gzip,raw,30,85
Jocelyn Flores,Jocelyn Flores,Havana feat. Young Thug,Can't Hold Us feat. Ray Dalton,When I Was Your Man,Happier,Bohemian Rhapsody - Remastered 2011,There's Nothing Holdin' Me Back,God's Plan,Do I Wanna Know?,SICKO MODE,gzip,raw,30,85
Stay With Me,Stay With Me,Can't Hold Us feat. Ray Dalton,Do I Wanna Know?,Thunder,Man On the Moon,Stressed Out,Too Good At Goodbyes,Havana feat. Young Thug,Flowers,Another Love,gzip,raw,30,85
Believer,Believer,Havana feat. Young Thug,Can't Hold Us feat. Ray Dalton,Bohemian Rhapsody - Remastered 2011,Do I Wanna Know?,bad guy,No Role Modelz,Counting Stars,Shine On,Say You Won't Let Go,gzip,raw,30,85
7 rings,7 rings,Die For You,Can't Hold Us feat. Ray Dalton,That's What I Like,Shape of You,Havana feat. Young Thug,My Goodbye,Counting Stars,God's Plan,Without Me with Juice WRLD,gzip,raw,30,85
When I Was Your Man,When I Was Your Man,Can't Hold Us feat. Ray Dalton,Havana feat. Young Thug,Happier,God's Plan,Bohemian Rhapsody - Remastered 2011,Demons,Watermelon Sugar,Do I Wanna Know?,Take Me To Church,gzip,raw,30,85
Cuidado,Cuidado,Can't Hold Us feat. Ray Dalton,Choke,Do I Wanna Know?,Havana feat. Young Thug,STAY with Justin Bieber,Closer,Man On the Moon,Too Good At Goodbyes,Say You Won't Let Go,gzip,raw,30,85
Something Just Like This,Can't Hold Us feat. Ray Dalton,Something Just Like This,goosebumps,Havana feat. Young Thug,Walk On Water,Stay With Me,Thinking out Loud,Counting Stars,SICKO MODE,Lose Yourself,gzip,raw,30,85
VICIOUS CYCLE,VICIOUS CYCLE,Starboy,HUMBLE.,Can't Hold Us feat. Ray Dalton,All of Me,goosebumps,Havana feat. Young Thug,SICKO MODE,God's Plan,Thunder,gzip,raw,30,85
Watermelon Sugar,Watermelon Sugar,Can't Hold Us feat. Ray Dalton,Havana feat. Young Thug,Happier,Demons,Bohemian Rhapsody - Remastered 2011,God's Plan,New Rules,Flowers,Too Good At Goodbyes,gzip,raw,30,85
Shape of You,Shape of You,Die For You,Can't Hold Us feat. Ray Dalton,Counting Stars,My Goodbye,Havana feat. Young Thug,Thinking out Loud,7 rings,There's Nothing Holdin' Me Back,Love Yourself,gzip,raw,30,85
Sunflower - Spider-Man Into the Spider-Verse,Sunflower - Spider-Man: Into the Spider-Verse,Can't Hold Us feat. Ray Dalton,There's Nothing Holdin' Me Back,Havana feat. Young Thug,Thinking out Loud,Don't Start Now,Circles,goosebumps,Another Love,XO Tour Llif3,gzip,raw,30,85
Sorry,Sorry,Can't Hold Us feat. Ray Dalton,Choke,The Hills,Havana feat. Young Thug,Sweater Weather,Say You Won't Let Go,Do I Wanna Know?,Cuidado,Closer,gzip,raw,30,85
Shine On,Shine On,Havana feat. Young Thug,INDUSTRY BABY feat. Jack Harlow,Can't Hold Us feat. Ray Dalton,Choke,Do I Wanna Know?,Say You Won't Let Go,Closer,Bohemian Rhapsody - Remastered 2011,No Role Modelz,gzip,raw,30,85
Let Her Go,Let Her Go,Can't Hold Us feat. Ray Dalton,Havana feat. Young Thug,Thinking out Loud,When I Was Your Man,Flowers,Stressed Out,Take Me To Church,Centipede,goosebumps,gzip,raw,30,85
No Role Modelz,No Role Modelz,Can't Hold Us feat. Ray Dalton,Havana feat. Young Thug,Choke,Thunder,Do I Wanna Know?,STAY with Justin Bieber,God's Plan,Sweater Weather,Closer,gzip,raw,30,85
Too Good At Goodbyes,Too Good At Goodbyes,Can't Hold Us feat. Ray Dalton,Havana feat. Young Thug,Do I Wanna Know?,Watermelon Sugar,Say You Won't Let Go,When I Was Your Man,Happier,Man On the Moon,rockstar,gzip,raw,30,85
Shallow,Shallow,Can't Hold Us feat. Ray Dalton,Thinking out Loud,Havana feat. Young Thug,Take Me To Church,Too Good At Goodbyes,God's Plan,Thunder,Don't Start Now,Demons,gzip,raw,30,85
Take Me To Church,Take Me To Church,Can't Hold Us feat. Ray Dalton,Thinking out Loud,Havana feat. Young Thug,Counting Stars,Another Love,Bohemian Rhapsody - Remastered 2011,goosebumps,There's Nothing Holdin' Me Back,Demons,gzip,raw,30,85
The Hills,The Hills,Havana feat. Young Thug,Can't Hold Us feat. Ray Dalton,Do I Wanna Know?,Demons,Viva La Vida,Bohemian Rhapsody - Remastered 2011,All of Me,Happier,Say You Won't Let Go,gzip,raw,30,85
Demons,Demons,Can't Hold Us feat. Ray Dalton,Havana feat. Young Thug,Do I Wanna Know?,Bohemian Rhapsody - Remastered 2011,God's Plan,Say You Won't Let Go,Smells Like Teen Spirit,Happier,INDUSTRY BABY feat. Jack Harlow,gzip,raw,30,85
Flowers,Flowers,Can't Hold Us feat. Ray Dalton,Stressed Out,Circles,Señorita,Thunder,Let Her Go,Havana feat. Young Thug,Counting Stars,Stay With Me,gzip,raw,30,85
I Wanna Be Yours,I Wanna Be Yours,Man On the Moon,Havana feat. Young Thug,Can't Hold Us feat. Ray Dalton,Do I Wanna Know?,Demons,Happier,Too Good At Goodbyes,Bohemian Rhapsody - Remastered 2011,Say You Won't Let Go,gzip,raw,30,85
New Rules,New Rules,Can't Hold Us feat. Ray Dalton,One Kiss with Dua Lipa,Watermelon Sugar,Don't Start Now,Havana feat. Young Thug,Coconut Water,Flowers,Circles,Do I Wanna Know?,gzip,raw,30,85
lovely with Khalid,lovely with Khalid,Can't Hold Us feat. Ray Dalton,Havana feat. Young Thug,goosebumps,Take Me To Church,Another Love,Thinking out Loud,When I Was Your Man,God's Plan,Happier,gzip,raw,30,85
Someone You Loved,Someone You Loved,That's What I Like,Havana feat. Young Thug,Can't Hold Us feat. Ray Dalton,Bohemian Rhapsody - Remastered 2011,Believer,Viva La Vida,Say You Won't Let Go,In the End,SICKO MODE,gzip,raw,30,85
goosebumps,goosebumps,Havana feat. Young Thug,Can't Hold Us feat. Ray Dalton,Believer,God's Plan,Choke,SICKO MODE,Counting Stars,Do I Wanna Know?,No Role Modelz,gzip,raw,30,85
INDUSTRY BABY feat,INDUSTRY BABY feat. Jack Harlow,Choke,That's What I Like,Can't Hold Us feat. Ray Dalton,Someone You Loved,Without Me with Juice WRLD,One Dance,In the End,Lele,Unforgettable,gzip,raw,30,85
STAY with Justin Bieber,STAY with Justin Bieber,No Role Modelz,Treat You Better,Cuidado,Havana feat. Young Thug,Smells Like Teen Spirit,Mr. Brightside,Can't Hold Us feat. Ray Dalton,Choke,Viva La Vida,gzip,raw,30,85
Yellow,Yellow,Can't Hold Us feat. Ray Dalton,rockstar,Havana feat. Young Thug,Counting Stars,Bohemian Rhapsody - Remastered 2011,Unforgettable,Man On the Moon,Die For You,Heat Waves,gzip,raw,30,85
Walk On Water,Walk On Water,Can't Hold Us feat. Ray Dalton,Stressed Out,Señorita,Thunder,Thinking out Loud,Too Good At Goodbyes,Smells Like Teen Spirit,Take Me To Church,goosebumps,gzip,raw,30,85
Another Love,Another Love,Can't Hold Us feat. Ray Dalton,lovely with Khalid,Havana feat. Young Thug,Take Me To Church,Let Her Go,goosebumps,Happier,Thinking out Loud,Stressed Out,gzip,raw,30,85
Do I Wanna Know,Do I Wanna Know?,Can't Hold Us feat. Ray Dalton,Havana feat. Young Thug,Say You Won't Let Go,Man On the Moon,Too Good At Goodbyes,Sweater Weather,Cuidado,Flowers,Bohemian Rhapsody - Remastered 2011,gzip,raw,30,85
Lele,Lele,Can't Hold Us feat. Ray Dalton,Unforgettable,Havana feat. Young Thug,Choke,Counting Stars,Bohemian Rhapsody - Remastered 2011,One Dance,SICKO MODE,Viva La Vida,gzip,raw,30,85
SAD!,SAD!,Can't Hold Us feat. Ray Dalton,Man On the Moon,Do I Wanna Know?,Havana feat. Young Thug,Smells Like Teen Spirit,Sweater Weather,Too Good At Goodbyes,Counting Stars,Stressed Out,gzip,raw,30,85
XO Tour Llif3,XO Tour Llif3,Can't Hold Us feat. Ray Dalton,Don't Start Now,rockstar,Choke,Havana feat. Young Thug,goosebumps,Die For You,SICKO MODE,Thinking out Loud,gzip,raw,30,85
Thinking out Loud,Thinking out Loud,Can't Hold Us feat. Ray Dalton,Don't Start Now,Havana feat. Young Thug,Take Me To Church,There's Nothing Holdin' Me Back,Sunflower - Spider-Man: Into the Spider-Verse,Flowers,goosebumps,Counting Stars,gzip,raw,30,85
Smells Like Teen Spirit,Smells Like Teen Spirit,Treat You Better,Mr. Brightside,Havana feat. Young Thug,Can't Hold Us feat. Ray Dalton,Viva La Vida,SICKO MODE,Counting Stars,Bohemian Rhapsody - Remastered 2011,Thunder,gzip,raw,30,85
Stressed Out,Stressed Out,Can't Hold Us feat. Ray Dalton,Havana feat. Young Thug,Another Love,Take Me To Church,goosebumps,Do I Wanna Know?,Happier,When I Was Your Man,Die For You,gzip,raw,30,85
Lean On feat,Lean On feat. MØ & DJ Snake,Can't Hold Us feat. Ray Dalton,Havana feat. Young Thug,Too Good At Goodbyes,Sorry,Happier,Do I Wanna Know?,No Role Modelz,Choke,Bohemian Rhapsody - Remastered 2011,gzip,raw,30,85
Circles,Circles,Can't Hold Us feat. Ray Dalton,Señorita,Havana feat. Young Thug,Flowers,Thunder,goosebumps,Another Love,New Rules,Stressed Out,gzip,raw,30,85
No Signal,No Signal,Man On the Moon,Can't Hold Us feat. Ray Dalton,Do I Wanna Know?,Too Good At Goodbyes,Cuidado,Say You Won't Let Go,I Wanna Be Yours,Havana feat. Young Thug,Choke,gzip,raw,30,85
Treat You Better,Treat You Better,Mr. Brightside,Can't Hold Us feat. Ray Dalton,Havana feat. Young Thug,Smells Like Teen Spirit,Shape of You,In the End,Choke,Counting Stars,Viva La Vida,gzip,raw,30,85
Lose Yourself,Lose Yourself,Can't Hold Us feat. Ray Dalton,Choke,Flowers,Thunder,Without Me,Do I Wanna Know?,No Role Modelz,Havana feat. Young Thug,Counting Stars,gzip,raw,30,85
SICKO MODE,Starboy,Lose Yourself,Stressed Out,Unforgettable,Too Good At Goodbyes,Without Me,HUMBLE.,Sparkling Moments,goosebumps,The Night We Met,gzip,raw,30,85
All of Me,All of Me,Havana feat. Young Thug,God's Plan,Viva La Vida,Can't Hold Us feat. Ray Dalton,Closer,Bohemian Rhapsody - Remastered 2011,The Hills,When I Was Your Man,Demons,gzip,raw,30,85
Lucid Dreams,Lucid Dreams,Can't Hold Us feat. Ray Dalton,There's Nothing Holdin' Me Back,The Night We Met,Counting Stars,Havana feat. Young Thug,Shape of You,Thinking out Loud,Unforgettable,Die For You,gzip,raw,30,85
My Goodbye,My Goodbye,Can't Hold Us feat. Ray Dalton,Die For You,Counting Stars,In the End,Choke,Havana feat. Young Thug,Don't Start Now,There's Nothing Holdin' Me Back,XO Tour Llif3,gzip,raw,30,85
Coconut Water,Coconut Water,Can't Hold Us feat. Ray Dalton,Don't Start Now,Centipede,New Rules,goosebumps,Circles,Stressed Out,Another Love,Walk On Water,gzip,raw,30,85
Wake Me Up - Radio Edit,Wake Me Up - Radio Edit,Can't Hold Us feat. Ray Dalton,Havana feat. Young Thug,Thinking out Loud,Circles,SICKO MODE,Bohemian Rhapsody - Remastered 2011,Don't Start Now,There's Nothing Holdin' Me Back,Counting Stars,gzip,raw,30,85
rockstar,rockstar,VICIOUS CYCLE,HUMBLE.,Yellow,No Signal,Photograph,Can't Hold Us feat. Ray Dalton,Choke,All of Me,Without Me,gzip,raw,30,85
Happier,Happier,Can't Hold Us feat. Ray Dalton,Havana feat. Young Thug,Demons,Watermelon Sugar,Bohemian Rhapsody - Remastered 2011,God's Plan,When I Was Your Man,Too Good At Goodbyes,I Wanna Be Yours,gzip,raw,30,85
Unforgettable,Unforgettable,Heat Waves,Havana feat. Young Thug,Can't Hold Us feat. Ray Dalton,Choke,Counting Stars,That's What I Like,My Goodbye,Believer,7 rings,gzip,raw,30,85
Every Breath You Take,Every Breath You Take,Viva La Vida,Treat You Better,Can't Hold Us feat. Ray Dalton,Counting Stars,Havana feat. Young Thug,Unforgettable,Smells Like Teen Spirit,Mr. Brightside,Do I Wanna Know?,gzip,raw,30,85
Without Me with Juice WRLD,Without Me with Juice WRLD,Can't Hold Us feat. Ray Dalton,Choke,rockstar,That's What I Like,Die For You,Unforgettable,No Role Modelz,Counting Stars,Havana feat. Young Thug,gzip,raw,30,85
