One Kiss with Dua Lipa,One Kiss with Dua Lipa,New Rules,Can't Hold Us feat. Ray Dalton,Happier,Stressed Out,Watermelon Sugar,Flowers,Do I Wanna Know?,Circles,Bohemian Rhapsody - Remastered 2011,bzip2,raw,30,80
The Night We Met,The Night We Met,Lucid Dreams,Thinking out Loud,There's Nothing Holdin' Me Back,Can't Hold Us feat. Ray Dalton,God's Plan,Wake Me Up - Radio Edit,XO Tour Llif3,Bohemian Rhapsody - Remastered 2011,Cruel Summer,bzip2,raw,30,80
Die For You,Die For You,7 rings,My Goodbye,Counting Stars,Shape of You,That's What I Like,INDUSTRY BABY feat. Jack Harlow,Unforgettable,Choke,Photograph,bzip2,raw,30,80
Don't Start Now,Don't Start Now,Thinking out Loud,Flowers,There's Nothing Holdin' Me Back,Can't Hold Us feat. Ray Dalton,Coconut Water,New Rules,Watermelon Sugar,Shallow,Another Love,bzip2,raw,30,80
Man On the Moon,Man On the Moon,God's Plan,Bohemian Rhapsody - Remastered 2011,Do I Wanna Know?,Sweater Weather,Too Good At Goodbyes,Choke,Flowers,Havana feat. Young Thug,All of Me,bzip2,raw,30,80
Ether,Ether,My Goodbye,Photograph,Die For You,Counting Stars,Can't Hold Us feat. Ray Dalton,Another Love,Shape of You,All of Me,Stressed Out,bzip2,raw,30,80
Cruel Summer,Cruel Summer,Thinking out Loud,Don't Start Now,Can't Hold Us feat. Ray Dalton,My Goodbye,New Rules,Counting Stars,God's Plan,There's Nothing Holdin' Me Back,Watermelon Sugar,bzip2,raw,30,80
Can't Hold Us feat,Can't Hold Us feat. Ray Dalton,New Rules,Don't Start Now,Coconut Water,Havana feat. Young Thug,XO Tour Llif3,Señorita,goosebumps,Shallow,Thunder,bzip2,raw,30,80
Havana feat,Havana feat. Young Thug,Say You Won't Let Go,When I Was Your Man,Sweater Weather,Do I Wanna Know?,Bohemian Rhapsody - Remastered 2011,New Rules,One Kiss with Dua Lipa,Cuidado,bad guy,bzip2,raw,30,80
In the End,In the End,Mr. Brightside,Bohemian Rhapsody - Remastered 2011,My Goodbye,Treat You Better,INDUSTRY BABY feat. Jack Harlow,Closer,God's Plan,Choke,That's What I Like,bzip2,raw,30,80
Mr,Mr. Brightside,Treat You Better,Viva La Vida,Bohemian Rhapsody - Remastered 2011,Smells Like Teen Spirit,In the End,My Goodbye,Closer,Unforgettable,God's Plan,bzip2,raw,30,80
Heat Waves,Heat Waves,Choke,God's Plan,Can't Hold Us feat. Ray Dalton,Treat You Better,INDUSTRY BABY feat. Jack Harlow,My Goodbye,All of Me,Thinking out Loud,There's Nothing Holdin' Me Back,bzip2,raw,30,80
LOOP feat,LOOP feat. Lil Cherry,Do I Wanna Know?,Every Breath You Take,Believer,Lose Yourself,Shine On,Man On the Moon,Havana feat. Young Thug,Bohemian Rhapsody - Remastered 2011,That's What I Like,bzip2,raw,30,80
Sparkling Moments,Sparkling Moments,Señorita,God's Plan,New Rules,Havana feat. Young Thug,Too Good At Goodbyes,Can't Hold Us feat. Ray Dalton,Flowers,Circles,goosebumps,bzip2,raw,30,80
HUMBLE,HUMBLE.,Jocelyn Flores,bad guy,Can't Hold Us feat. Ray Dalton,XO Tour Llif3,All of Me,SICKO MODE,That's What I Like,INDUSTRY BABY feat. Jack Harlow,Sweater Weather,bzip2,raw,30,80
Choke,Choke,That's What I Like,INDUSTRY BABY feat. Jack Harlow,Shine On,Unforgettable,STAY with Justin Bieber,Closer,Can't Hold Us feat. Ray Dalton,Believer,SICKO MODE,bzip2,raw,30,80
Viva La Vida,Viva La Vida,Bohemian Rhapsody - Remastered 2011,Treat You Better,Mr. Brightside,God's Plan,Closer,Smells Like Teen Spirit,Can't Hold Us feat. Ray Dalton,All of Me,No Role Modelz,bzip2,raw,30,80
Let Me Love You,Let Me Love You,Bohemian Rhapsody - Remastered 2011,Havana feat. Young Thug,Sweater Weather,Man On the Moon,Can't Hold Us feat. Ray Dalton,Smells Like Teen Spirit,Closer,Demons,Do I Wanna Know?,bzip2,raw,30,80
In the Morning,In the Morning,Havana feat. Young Thug,All of Me,Bohemian Rhapsody - Remastered 2011,INDUSTRY BABY feat. Jack Harlow,Can't Hold Us feat. Ray Dalton,Treat You Better,Smells Like Teen Spirit,No Role Modelz,Die For You,bzip2,raw,30,80
Counting Stars,Counting Stars,Die For You,Shape of You,Bohemian Rhapsody - Remastered 2011,Can't Hold Us feat. Ray Dalton,My Goodbye,Treat You Better,Don't Start Now,Love Yourself,Choke,bzip2,raw,30,80
Starboy,Starboy,New Rules,One Kiss with Dua Lipa,Stressed Out,Stay With Me,Die For You,God's Plan,Señorita,No Role Modelz,Something Just Like This,bzip2,raw,30,80
Just the Way You Are,Just the Way You Are,Too Good At Goodbyes,Happier,New Rules,Watermelon Sugar,Lose Yourself,Say You Won't Let Go,Señorita,Can't Hold Us feat. Ray Dalton,When I Was Your Man,bzip2,raw,30,80
Sweater Weather,Sweater Weather,Do I Wanna Know?,Man On the Moon,Bohemian Rhapsody - Remastered 2011,Too Good At Goodbyes,Can't Hold Us feat. Ray Dalton,Say You Won't Let Go,No Role Modelz,Closer,I Wanna Be Yours,bzip2,raw,30,80
That's What I Like,That's What I Like,Choke,INDUSTRY BABY feat. Jack Harlow,Believer,HUMBLE.,Lean On feat. MØ & DJ Snake,Without Me with Juice WRLD,Just the Way You Are,No Role Modelz,New Rules,bzip2,raw,30,80
content,Do I Wanna Know?,In the Morning,Shine On,HUMBLE.,Say You Won't Let Go,VICIOUS CYCLE,No Signal,bad guy,Watermelon Sugar,Cuidado,bzip2,raw,30,80
Love Yourself,Love Yourself,Photograph,Shape of You,Counting Stars,My Goodbye,There's Nothing Holdin' Me Back,SICKO MODE,INDUSTRY BABY feat. Jack Harlow,Can't Hold Us feat. Ray Dalton,Thinking out Loud,bzip2,raw,30,80
Jocelyn Flores,Jocelyn Flores,INDUSTRY BABY feat. Jack Harlow,Shine On,SICKO MODE,God's Plan,Can't Hold Us feat. Ray Dalton,Lose Yourself,Shape of You,Bohemian Rhapsody - Remastered 2011,bad guy,bzip2,raw,30,80
Believer,Believer,bad guy,That's What I Like,No Role Modelz,Bohemian Rhapsody - Remastered 2011,All of Me,Closer,When I Was Your Man,Do I Wanna Know?,Choke,bzip2,raw,30,80
When I Was Your Man,When I Was Your Man,Havana feat. Young Thug,New Rules,Happier,Flowers,Just the Way You Are,Thinking out Loud,Can't Hold Us feat. Ray Dalton,Watermelon Sugar,Circles,bzip2,raw,30,80
Cuidado,Cuidado,STAY with Justin Bieber,Choke,That's What I Like,Havana feat. Young Thug,Do I Wanna Know?,All of Me,Too Good At Goodbyes,Closer,When I Was Your Man,bzip2,raw,30,80
Something Just Like This,Something Just Like This,All of Me,Havana feat. Young Thug,Can't Hold Us feat. Ray Dalton,When I Was Your Man,Bohemian Rhapsody - Remastered 2011,Thinking out Loud,Another Love,Wake Me Up - Radio Edit,Watermelon Sugar,bzip2,raw,30,80
VICIOUS CYCLE,VICIOUS CYCLE,God's Plan,Can't Hold Us feat. Ray Dalton,Coconut Water,Jocelyn Flores,New Rules,Happier,SICKO MODE,One Kiss with Dua Lipa,Shine On,bzip2,raw,30,80
Watermelon Sugar,Watermelon Sugar,Flowers,Too Good At Goodbyes,New Rules,Don't Start Now,Can't Hold Us feat. Ray Dalton,Say You Won't Let Go,Another Love,Happier,Señorita,bzip2,raw,30,80
Shape of You,Shape of You,Die For You,My Goodbye,Counting Stars,7 rings,Ether,Photograph,Can't Hold Us feat. Ray Dalton,Thinking out Loud,Stressed Out,bzip2,raw,30,80
Sunflower - Spider-Man Into the Spider-Verse,Sunflower - Spider-Man: Into the Spider-Verse,Circles,Can't Hold Us feat. Ray Dalton,Don't Start Now,Thinking out Loud,There's Nothing Holdin' Me Back,Bohemian Rhapsody - Remastered 2011,Wake Me Up - Radio Edit,Watermelon Sugar,XO Tour Llif3,bzip2,raw,30,80
Sorry,Sorry,Choke,Havana feat. Young Thug,Let Me Love You,Man On the Moon,Happier,Just the Way You Are,One Kiss with Dua Lipa,God's Plan,Say You Won't Let Go,bzip2,raw,30,80
One Dance,One Dance,All of Me,That's What I Like,Choke,Cuidado,Havana feat. Young Thug,INDUSTRY BABY feat. Jack Harlow,Shine On,STAY with Justin Bieber,Die For You,bzip2,raw,30,80
Shine On,Shine On,INDUSTRY BABY feat. Jack Harlow,Havana feat. Young Thug,Closer,Choke,Bohemian Rhapsody - Remastered 2011,Treat You Better,No Role Modelz,All of Me,LOOP feat. Lil Cherry,bzip2,raw,30,80
Let Her Go,Let Her Go,Another Love,Shallow,God's Plan,goosebumps,Havana feat. Young Thug,Stressed Out,Flowers,There's Nothing Holdin' Me Back,Can't Hold Us feat. Ray Dalton,bzip2,raw,30,80
No Role Modelz,No Role Modelz,New Rules,Choke,That's What I Like,Closer,Can't Hold Us feat. Ray Dalton,STAY with Justin Bieber,Do I Wanna Know?,Havana feat. Young Thug,HUMBLE.,bzip2,raw,30,80
Too Good At Goodbyes,Too Good At Goodbyes,When I Was Your Man,Havana feat. Young Thug,Do I Wanna Know?,Happier,Watermelon Sugar,Say You Won't Let Go,Let Her Go,New Rules,Bohemian Rhapsody - Remastered 2011,bzip2,raw,30,80
Take Me To Church,Take Me To Church,Can't Hold Us feat. Ray Dalton,Thinking out Loud,Bohemian Rhapsody - Remastered 2011,God's Plan,Counting Stars,Another Love,Don't Start Now,Do I Wanna Know?,Shallow,bzip2,raw,30,80
The Hills,The Hills,Closer,Havana feat. Young Thug,Bohemian Rhapsody - Remastered 2011,Do I Wanna Know?,Demons,God's Plan,Happier,Say You Won't Let Go,Sweater Weather,bzip2,raw,30,80
Demons,Demons,Bohemian Rhapsody - Remastered 2011,Closer,Do I Wanna Know?,INDUSTRY BABY feat. Jack Harlow,Choke,Watermelon Sugar,Say You Won't Let Go,Sweater Weather,Too Good At Goodbyes,bzip2,raw,30,80
Flowers,Flowers,Thunder,Let Her Go,Watermelon Sugar,Havana feat. Young Thug,Don't Start Now,Can't Hold Us feat. Ray Dalton,Bohemian Rhapsody - Remastered 2011,Happier,Señorita,bzip2,raw,30,80
Centipede,Centipede,Bohemian Rhapsody - Remastered 2011,Watermelon Sugar,Can't Hold Us feat. Ray Dalton,Another Love,God's Plan,Don't Start Now,Flowers,Too Good At Goodbyes,Walk On Water,bzip2,raw,30,80
New Rules,New Rules,One Kiss with Dua Lipa,Watermelon Sugar,Coconut Water,Don't Start Now,Can't Hold Us feat. Ray Dalton,Happier,Say You Won't Let Go,Señorita,Havana feat. Young Thug,bzip2,raw,30,80
lovely with Khalid,lovely with Khalid,Another Love,Can't Hold Us feat. Ray Dalton,Thinking out Loud,Too Good At Goodbyes,There's Nothing Holdin' Me Back,Watermelon Sugar,Bohemian Rhapsody - Remastered 2011,goosebumps,Shape of You,bzip2,raw,30,80
Someone You Loved,Someone You Loved,Treat You Better,That's What I Like,Bohemian Rhapsody - Remastered 2011,Viva La Vida,STAY with Justin Bieber,Mr. Brightside,Unforgettable,All of Me,No Role Modelz,bzip2,raw,30,80
goosebumps,goosebumps,Choke,No Role Modelz,Can't Hold Us feat. Ray Dalton,God's Plan,SICKO MODE,Havana feat. Young Thug,INDUSTRY BABY feat. Jack Harlow,Bohemian Rhapsody - Remastered 2011,HUMBLE.,bzip2,raw,30,80
Señorita,Señorita,New Rules,Stressed Out,Flowers,Thunder,Circles,Don't Start Now,Can't Hold Us feat. Ray Dalton,Too Good At Goodbyes,Watermelon Sugar,bzip2,raw,30,80
INDUSTRY BABY feat,INDUSTRY BABY feat. Jack Harlow,Choke,Shine On,STAY with Justin Bieber,That's What I Like,Without Me with Juice WRLD,rockstar,Unforgettable,SICKO MODE,God's Plan,bzip2,raw,30,80
Walk On Water,Walk On Water,New Rules,Stressed Out,Flowers,Watermelon Sugar,Another Love,Just the Way You Are,Señorita,Thinking out Loud,Let Her Go,bzip2,raw,30,80
Another Love,Another Love,Let Her Go,lovely with Khalid,Do I Wanna Know?,God's Plan,Walk On Water,Can't Hold Us feat. Ray Dalton,Shallow,Stressed Out,goosebumps,bzip2,raw,30,80
Do I Wanna Know,Do I Wanna Know?,Sweater Weather,Bohemian Rhapsody - Remastered 2011,Say You Won't Let Go,Can't Hold Us feat. Ray Dalton,Man On the Moon,Closer,No Role Modelz,Another Love,Cuidado,bzip2,raw,30,80
Lele,Lele,Choke,Unforgettable,Bohemian Rhapsody - Remastered 2011,INDUSTRY BABY feat. Jack Harlow,Do I Wanna Know?,Without Me with Juice WRLD,Closer,Can't Hold Us feat. Ray Dalton,Die For You,bzip2,raw,30,80
SAD!,SAD!,All of Me,Havana feat. Young Thug,Can't Hold Us feat. Ray Dalton,Bohemian Rhapsody - Remastered 2011,Sweater Weather,bad guy,Love Yourself,Closer,When I Was Your Man,bzip2,raw,30,80
XO Tour Llif3,XO Tour Llif3,Don't Start Now,Can't Hold Us feat. Ray Dalton,New Rules,One Kiss with Dua Lipa,INDUSTRY BABY feat. Jack Harlow,Choke,SICKO MODE,God's Plan,HUMBLE.,bzip2,raw,30,80
Thinking out Loud,Thinking out Loud,Don't Start Now,New Rules,There's Nothing Holdin' Me Back,Flowers,Havana feat. Young Thug,Too Good At Goodbyes,Can't Hold Us feat. Ray Dalton,Take Me To Church,Watermelon Sugar,bzip2,raw,30,80
Smells Like Teen Spirit,Smells Like Teen Spirit,Mr. Brightside,Treat You Better,Bohemian Rhapsody - Remastered 2011,God's Plan,All of Me,Thunder,Can't Hold Us feat. Ray Dalton,Every Breath You Take,Too Good At Goodbyes,bzip2,raw,30,80
Bohemian Rhapsody - Remastered 2011,Bohemian Rhapsody - Remastered 2011,HUMBLE.,God's Plan,INDUSTRY BABY feat. Jack Harlow,Havana feat. Young Thug,Lose Yourself,Closer,Can't Hold Us feat. Ray Dalton,Demons,SICKO MODE,bzip2,raw,30,80
Stressed Out,Stressed Out,New Rules,Another Love,Can't Hold Us feat. Ray Dalton,Watermelon Sugar,One Kiss with Dua Lipa,Die For You,When I Was Your Man,God's Plan,Coconut Water,bzip2,raw,30,80
Lean On feat,Lean On feat. MØ & DJ Snake,INDUSTRY BABY feat. Jack Harlow,God's Plan,Choke,Happier,Havana feat. Young Thug,That's What I Like,New Rules,One Kiss with Dua Lipa,Jocelyn Flores,bzip2,raw,30,80
God's Plan,God's Plan,HUMBLE.,Shine On,bad guy,INDUSTRY BABY feat. Jack Harlow,Can't Hold Us feat. Ray Dalton,Choke,Bohemian Rhapsody - Remastered 2011,Demons,LOOP feat. Lil Cherry,bzip2,raw,30,80
Circles,Circles,Señorita,Bohemian Rhapsody - Remastered 2011,Can't Hold Us feat. Ray Dalton,Too Good At Goodbyes,Stressed Out,Watermelon Sugar,Do I Wanna Know?,Happier,Sweater Weather,bzip2,raw,30,80
No Signal,No Signal,Do I Wanna Know?,I Wanna Be Yours,Man On the Moon,God's Plan,Bohemian Rhapsody - Remastered 2011,Havana feat. Young Thug,Happier,Closer,INDUSTRY BABY feat. Jack Harlow,bzip2,raw,30,80
Treat You Better,Treat You Better,Mr. Brightside,God's Plan,Every Breath You Take,Bohemian Rhapsody - Remastered 2011,INDUSTRY BABY feat. Jack Harlow,Smells Like Teen Spirit,Just the Way You Are,That's What I Like,My Goodbye,bzip2,raw,30,80
Lose Yourself,Lose Yourself,Can't Hold Us feat. Ray Dalton,Havana feat. Young Thug,Do I Wanna Know?,Sweater Weather,All of Me,Stressed Out,Don't Start Now,Choke,Bohemian Rhapsody - Remastered 2011,bzip2,raw,30,80
All of Me,All of Me,HUMBLE.,Closer,Cuidado,Bohemian Rhapsody - Remastered 2011,Havana feat. Young Thug,That's What I Like,Someone You Loved,STAY with Justin Bieber,No Role Modelz,bzip2,raw,30,80
Lucid Dreams,Lucid Dreams,goosebumps,New Rules,My Goodbye,Havana feat. Young Thug,Choke,HUMBLE.,Unforgettable,Can't Hold Us feat. Ray Dalton,Die For You,bzip2,raw,30,80
There's Nothing Holdin' Me Back,There's Nothing Holdin' Me Back,Thinking out Loud,My Goodbye,Shape of You,Love Yourself,Die For You,New Rules,Counting Stars,God's Plan,Don't Start Now,bzip2,raw,30,80
My Goodbye,My Goodbye,Choke,Die For You,Can't Hold Us feat. Ray Dalton,Counting Stars,That's What I Like,In the End,Heat Waves,Shape of You,There's Nothing Holdin' Me Back,bzip2,raw,30,80
Coconut Water,Coconut Water,New Rules,Stressed Out,Can't Hold Us feat. Ray Dalton,Don't Start Now,Something Just Like This,goosebumps,Another Love,Watermelon Sugar,Do I Wanna Know?,bzip2,raw,30,80
Wake Me Up - Radio Edit,Wake Me Up - Radio Edit,Can't Hold Us feat. Ray Dalton,Bohemian Rhapsody - Remastered 2011,Don't Start Now,When I Was Your Man,There's Nothing Holdin' Me Back,Stressed Out,Thinking out Loud,Another Love,All of Me,bzip2,raw,30,80
rockstar,rockstar,INDUSTRY BABY feat. Jack Harlow,Lean On feat. MØ & DJ Snake,Can't Hold Us feat. Ray Dalton,No Signal,Shine On,One Kiss with Dua Lipa,SICKO MODE,New Rules,God's Plan,bzip2,raw,30,80
Happier,Happier,New Rules,Just the Way You Are,One Kiss with Dua Lipa,Watermelon Sugar,Say You Won't Let Go,Stressed Out,Circles,Can't Hold Us feat. Ray Dalton,Too Good At Goodbyes,bzip2,raw,30,80
Unforgettable,Unforgettable,Without Me with Juice WRLD,Choke,Heat Waves,Die For You,INDUSTRY BABY feat. Jack Harlow,My Goodbye,Believer,All of Me,Havana feat. Young Thug,bzip2,raw,30,80
Photograph,Photograph,My Goodbye,Counting Stars,Die For You,Thinking out Loud,Shape of You,Can't Hold Us feat. Ray Dalton,goosebumps,Stressed Out,Bohemian Rhapsody - Remastered 2011,bzip2,raw,30,80
Every Breath You Take,Every Breath You Take,Treat You Better,Viva La Vida,God's Plan,Bohemian Rhapsody - Remastered 2011,Can't Hold Us feat. Ray Dalton,Smells Like Teen Spirit,Closer,All of Me,Mr. Brightside,bzip2,raw,30,80
Without Me with Juice WRLD,Without Me with Juice WRLD,Choke,That's What I Like,Die For You,Unforgettable,INDUSTRY BABY feat. Jack Harlow,God's Plan,SICKO MODE,Can't Hold Us feat. Ray Dalton,7 rings,bzip2,raw,30,80
