Coconut Water,Coconut Water,Can't Hold Us feat. Ray Dalton,Another Love,Havana feat. Young Thug,Señorita,Happier,New Rules,Circles,Stressed Out,Bohemian Rhapsody - Remastered 2011,bzip2,pinknoise,20
Starboy,Starboy,New Rules,One Kiss with Dua Lipa,Die For You,Can't Hold Us feat. Ray Dalton,Havana feat. Young Thug,Something Just Like This,Stay With Me,Señorita,Watermelon Sugar,bzip2,pinknoise,20
Bohemian Rhapsody - Remastered 2011,Bohemian Rhapsody - Remastered 2011,Closer,Do I Wanna Know?,Choke,Can't Hold Us feat. Ray Dalton,Shine On,INDUSTRY BABY feat. Jack Harlow,Demons,God's Plan,All of Me,bzip2,pinknoise,20
That's What I Like,That's What I Like,Choke,INDUSTRY BABY feat. Jack Harlow,Believer,STAY with Justin Bieber,Die For You,Unforgettable,New Rules,No Role Modelz,Shine On,bzip2,pinknoise,20
Yellow,Yellow,God's Plan,Can't Hold Us feat. Ray Dalton,Havana feat. Young Thug,Bohemian Rhapsody - Remastered 2011,All of Me,Counting Stars,When I Was Your Man,Die For You,Closer,bzip2,pinknoise,20
Jocelyn Flores,Jocelyn Flores,bad guy,INDUSTRY BABY feat. Jack Harlow,Havana feat. Young Thug,XO Tour Llif3,SICKO MODE,Bohemian Rhapsody - Remastered 2011,Stressed Out,No Role Modelz,Can't Hold Us feat. Ray Dalton,bzip2,pinknoise,20
VICIOUS CYCLE,VICIOUS CYCLE,HUMBLE.,God's Plan,Shine On,Jocelyn Flores,Can't Hold Us feat. Ray Dalton,Happier,No Role Modelz,SICKO MODE,Lose Yourself,bzip2,pinknoise,20
Ether,Ether,Die For You,All of Me,Counting Stars,Another Love,Photograph,Can't Hold Us feat. Ray Dalton,My Goodbye,goosebumps,When I Was Your Man,bzip2,pinknoise,20
Smells Like Teen Spirit,Smells Like Teen Spirit,Mr. Brightside,Bohemian Rhapsody - Remastered 2011,Thunder,God's Plan,Closer,Treat You Better,Can't Hold Us feat. Ray Dalton,Every Breath You Take,Watermelon Sugar,bzip2,pinknoise,20
Wake Me Up - Radio Edit,Wake Me Up - Radio Edit,Thinking out Loud,Can't Hold Us feat. Ray Dalton,Bohemian Rhapsody - Remastered 2011,There's Nothing Holdin' Me Back,Another Love,Counting Stars,Don't Start Now,Stressed Out,All of Me,bzip2,pinknoise,20
bad guy,bad guy,All of Me,When I Was Your Man,Havana feat. Young Thug,Sweater Weather,God's Plan,Too Good At Goodbyes,Treat You Better,Choke,Do I Wanna Know?,bzip2,pinknoise,20
Let Her Go,Let Her Go,Another Love,Centipede,Stressed Out,Flowers,Havana feat. Young Thug,Walk On Water,Thinking out Loud,God's Plan,Shallow,bzip2,pinknoise,20
As It Was,As It Was,Can't Hold Us feat. Ray Dalton,Die For You,Don't Start Now,There's Nothing Holdin' Me Back,New Rules,Bohemian Rhapsody - Remastered 2011,Counting Stars,My Goodbye,Stressed Out,bzip2,pinknoise,20
Man On the Moon,Man On the Moon,Bohemian Rhapsody - Remastered 2011,Sweater Weather,Do I Wanna Know?,Havana feat. Young Thug,Thunder,Too Good At Goodbyes,Stay With Me,I Wanna Be Yours,Just the Way You Are,bzip2,pinknoise,20
Stressed Out,Stressed Out,New Rules,Another Love,Can't Hold Us feat. Ray Dalton,Die For You,Thunder,One Kiss with Dua Lipa,Watermelon Sugar,God's Plan,Señorita,bzip2,pinknoise,20
Can't Hold Us feat,Can't Hold Us feat. Ray Dalton,New Rules,Señorita,Don't Start Now,Choke,Havana feat. Young Thug,Lose Yourself,Shallow,goosebumps,Coconut Water,bzip2,pinknoise,20
Without Me with Juice WRLD,Without Me with Juice WRLD,INDUSTRY BABY feat. Jack Harlow,Unforgettable,Choke,Die For You,SICKO MODE,That's What I Like,XO Tour Llif3,Lucid Dreams,Can't Hold Us feat. Ray Dalton,bzip2,pinknoise,20
One Kiss with Dua Lipa,One Kiss with Dua Lipa,New Rules,Circles,Watermelon Sugar,Can't Hold Us feat. Ray Dalton,Happier,There's Nothing Holdin' Me Back,Bohemian Rhapsody - Remastered 2011,God's Plan,Just the Way You Are,bzip2,pinknoise,20
God's Plan,God's Plan,bad guy,Bohemian Rhapsody - Remastered 2011,SICKO MODE,INDUSTRY BABY feat. Jack Harlow,Can't Hold Us feat. Ray Dalton,Shine On,Demons,Closer,There's Nothing Holdin' Me Back,bzip2,pinknoise,20
Circles,Circles,Señorita,Bohemian Rhapsody - Remastered 2011,Can't Hold Us feat. Ray Dalton,Too Good At Goodbyes,Happier,Stressed Out,Watermelon Sugar,God's Plan,Flowers,bzip2,pinknoise,20
Centipede,Centipede,Another Love,Bohemian Rhapsody - Remastered 2011,Can't Hold Us feat. Ray Dalton,Let Her Go,Circles,Watermelon Sugar,Thinking out Loud,When I Was Your Man,Take Me To Church,bzip2,pinknoise,20
Thinking out Loud,Thinking out Loud,Don't Start Now,There's Nothing Holdin' Me Back,New Rules,Can't Hold Us feat. Ray Dalton,Havana feat. Young Thug,XO Tour Llif3,God's Plan,Take Me To Church,Flowers,bzip2,pinknoise,20
Without Me,Without Me,Do I Wanna Know?,God's Plan,bad guy,Havana feat. Young Thug,Bohemian Rhapsody - Remastered 2011,Can't Hold Us feat. Ray Dalton,Too Good At Goodbyes,Sweater Weather,New Rules,bzip2,pinknoise,20
Take Me To Church,Take Me To Church,God's Plan,Can't Hold Us feat. Ray Dalton,Bohemian Rhapsody - Remastered 2011,Thinking out Loud,Another Love,Don't Start Now,Do I Wanna Know?,Havana feat. Young Thug,There's Nothing Holdin' Me Back,bzip2,pinknoise,20
Walk On Water,Walk On Water,Stressed Out,New Rules,Flowers,Señorita,Too Good At Goodbyes,Watermelon Sugar,Can't Hold Us feat. Ray Dalton,Havana feat. Young Thug,Treat You Better,bzip2,pinknoise,20
Unforgettable,Unforgettable,Choke,Die For You,STAY with Justin Bieber,INDUSTRY BABY feat. Jack Harlow,Counting Stars,That's What I Like,My Goodbye,Bohemian Rhapsody - Remastered 2011,Without Me with Juice WRLD,bzip2,pinknoise,20
SICKO MODE,SICKO MODE,Havana feat. Young Thug,INDUSTRY BABY feat. Jack Harlow,Die For You,Shine On,Can't Hold Us feat. Ray Dalton,bad guy,goosebumps,Happier,Thinking out Loud,bzip2,pinknoise,20
SAD!,SAD!,Say You Won't Let Go,Happier,Bohemian Rhapsody - Remastered 2011,Can't Hold Us feat. Ray Dalton,Sweater Weather,Closer,Demons,All of Me,goosebumps,bzip2,pinknoise,20
STAY with Justin Bieber,STAY with Justin Bieber,Choke,Believer,No Role Modelz,Treat You Better,That's What I Like,Closer,bad guy,All of Me,Mr. Brightside,bzip2,pinknoise,20
Love Yourself,Love Yourself,Shape of You,Counting Stars,XO Tour Llif3,There's Nothing Holdin' Me Back,Photograph,Die For You,SICKO MODE,My Goodbye,Unforgettable,bzip2,pinknoise,20
Mr,Mr. Brightside,Treat You Better,Viva La Vida,Bohemian Rhapsody - Remastered 2011,Smells Like Teen Spirit,In the End,God's Plan,Unforgettable,Closer,My Goodbye,bzip2,pinknoise,20
Do I Wanna Know,Do I Wanna Know?,Sweater Weather,Bohemian Rhapsody - Remastered 2011,bad guy,Can't Hold Us feat. Ray Dalton,Say You Won't Let Go,Closer,Choke,No Role Modelz,Man On the Moon,bzip2,pinknoise,20
Counting Stars,Counting Stars,My Goodbye,Die For You,Shape of You,Can't Hold Us feat. Ray Dalton,Photograph,Thinking out Loud,Bohemian Rhapsody - Remastered 2011,Don't Start Now,Treat You Better,bzip2,pinknoise,20
Riptide,Riptide,God's Plan,Bohemian Rhapsody - Remastered 2011,In the End,That's What I Like,I Wanna Be Yours,Can't Hold Us feat. Ray Dalton,Viva La Vida,All of Me,No Role Modelz,bzip2,pinknoise,20
Every Breath You Take,Every Breath You Take,God's Plan,INDUSTRY BABY feat. Jack Harlow,Bohemian Rhapsody - Remastered 2011,Can't Hold Us feat. Ray Dalton,Treat You Better,All of Me,Smells Like Teen Spirit,Closer,No Role Modelz,bzip2,pinknoise,20
No Role Modelz,No Role Modelz,Shine On,That's What I Like,Closer,Choke,Believer,All of Me,goosebumps,Just the Way You Are,bad guy,bzip2,pinknoise,20
Don't Start Now,Don't Start Now,Flowers,There's Nothing Holdin' Me Back,New Rules,Thinking out Loud,Sunflower - Spider-Man: Into the Spider-Verse,Havana feat. Young Thug,Can't Hold Us feat. Ray Dalton,When I Was Your Man,Wake Me Up - Radio Edit,bzip2,pinknoise,20
Lele,Lele,Unforgettable,Choke,INDUSTRY BABY feat. Jack Harlow,Without Me with Juice WRLD,Bohemian Rhapsody - Remastered 2011,Treat You Better,Die For You,Closer,In the End,bzip2,pinknoise,20
lovely with Khalid,lovely with Khalid,Can't Hold Us feat. Ray Dalton,Thinking out Loud,Bohemian Rhapsody - Remastered 2011,XO Tour Llif3,Don't Start Now,God's Plan,There's Nothing Holdin' Me Back,Love Yourself,goosebumps,bzip2,pinknoise,20
All of Me,All of Me,Closer,HUMBLE.,No Role Modelz,That's What I Like,Bohemian Rhapsody - Remastered 2011,INDUSTRY BABY feat. Jack Harlow,Treat You Better,Viva La Vida,Do I Wanna Know?,bzip2,pinknoise,20
Watermelon Sugar,Watermelon Sugar,Too Good At Goodbyes,Can't Hold Us feat. Ray Dalton,Señorita,Bohemian Rhapsody - Remastered 2011,Flowers,God's Plan,New Rules,Circles,Do I Wanna Know?,bzip2,pinknoise,20
There's Nothing Holdin' Me Back,There's Nothing Holdin' Me Back,Havana feat. Young Thug,XO Tour Llif3,Counting Stars,Die For You,Love Yourself,Thinking out Loud,My Goodbye,INDUSTRY BABY feat. Jack Harlow,goosebumps,bzip2,pinknoise,20
Thunder,Thunder,Stressed Out,Too Good At Goodbyes,God's Plan,Stay With Me,Havana feat. Young Thug,Do I Wanna Know?,New Rules,Señorita,Bohemian Rhapsody - Remastered 2011,bzip2,pinknoise,20
Demons,Demons,Do I Wanna Know?,Bohemian Rhapsody - Remastered 2011,Sweater Weather,Say You Won't Let Go,INDUSTRY BABY feat. Jack Harlow,Closer,Watermelon Sugar,Treat You Better,No Role Modelz,bzip2,pinknoise,20
One Dance,One Dance,All of Me,That's What I Like,Havana feat. Young Thug,INDUSTRY BABY feat. Jack Harlow,Choke,Bohemian Rhapsody - Remastered 2011,When I Was Your Man,Unforgettable,Can't Hold Us feat. Ray Dalton,bzip2,pinknoise,20
Shine On,Shine On,INDUSTRY BABY feat. Jack Harlow,Treat You Better,Choke,Bohemian Rhapsody - Remastered 2011,No Role Modelz,Closer,Unforgettable,God's Plan,Do I Wanna Know?,bzip2,pinknoise,20
7 rings,7 rings,XO Tour Llif3,Die For You,Unforgettable,Counting Stars,New Rules,There's Nothing Holdin' Me Back,Shape of You,All of Me,That's What I Like,bzip2,pinknoise,20
When I Was Your Man,When I Was Your Man,New Rules,Watermelon Sugar,HUMBLE.,Just the Way You Are,Too Good At Goodbyes,One Kiss with Dua Lipa,Can't Hold Us feat. Ray Dalton,Happier,Havana feat. Young Thug,bzip2,pinknoise,20
Sorry,Sorry,Choke,Havana feat. Young Thug,God's Plan,Closer,That's What I Like,Viva La Vida,Bohemian Rhapsody - Remastered 2011,No Role Modelz,Shine On,bzip2,pinknoise,20
Too Good At Goodbyes,Too Good At Goodbyes,Say You Won't Let Go,Just the Way You Are,When I Was Your Man,Havana feat. Young Thug,Watermelon Sugar,Bohemian Rhapsody - Remastered 2011,Do I Wanna Know?,Thinking out Loud,Man On the Moon,bzip2,pinknoise,20
Photograph,Photograph,Love Yourself,Die For You,Counting Stars,XO Tour Llif3,Shape of You,Thinking out Loud,There's Nothing Holdin' Me Back,Treat You Better,All of Me,bzip2,pinknoise,20
Lose Yourself,Lose Yourself,All of Me,When I Was Your Man,In the Morning,God's Plan,Havana feat. Young Thug,Bohemian Rhapsody - Remastered 2011,Can't Hold Us feat. Ray Dalton,Let Her Go,Another Love,bzip2,pinknoise,20
In the End,In the End,Mr. Brightside,My Goodbye,Bohemian Rhapsody - Remastered 2011,Treat You Better,That's What I Like,Smells Like Teen Spirit,God's Plan,Can't Hold Us feat. Ray Dalton,Closer,bzip2,pinknoise,20
LOOP feat,LOOP feat. Lil Cherry,Do I Wanna Know?,Havana feat. Young Thug,Man On the Moon,Can't Hold Us feat. Ray Dalton,God's Plan,All of Me,Bohemian Rhapsody - Remastered 2011,Every Breath You Take,That's What I Like,bzip2,pinknoise,20
Sunflower - Spider-Man Into the Spider-Verse,Sunflower - Spider-Man: Into the Spider-Verse,Don't Start Now,There's Nothing Holdin' Me Back,Circles,Can't Hold Us feat. Ray Dalton,When I Was Your Man,Thinking out Loud,New Rules,Señorita,Bohemian Rhapsody - Remastered 2011,bzip2,pinknoise,20
Just the Way You Are,Just the Way You Are,Watermelon Sugar,Happier,Say You Won't Let Go,New Rules,Too Good At Goodbyes,Can't Hold Us feat. Ray Dalton,Stressed Out,Thunder,Bohemian Rhapsody - Remastered 2011,bzip2,pinknoise,20
Señorita,Señorita,Circles,Watermelon Sugar,Flowers,New Rules,Can't Hold Us feat. Ray Dalton,Just the Way You Are,Bohemian Rhapsody - Remastered 2011,Do I Wanna Know?,Thinking out Loud,bzip2,pinknoise,20
HUMBLE,HUMBLE.,Choke,bad guy,God's Plan,INDUSTRY BABY feat. Jack Harlow,SICKO MODE,Shine On,That's What I Like,goosebumps,One Kiss with Dua Lipa,bzip2,pinknoise,20
Happier,Happier,Just the Way You Are,New Rules,Too Good At Goodbyes,One Kiss with Dua Lipa,Say You Won't Let Go,Watermelon Sugar,Stressed Out,Can't Hold Us feat. Ray Dalton,Circles,bzip2,pinknoise,20
Choke,Choke,INDUSTRY BABY feat. Jack Harlow,Closer,Unforgettable,Bohemian Rhapsody - Remastered 2011,Die For You,That's What I Like,STAY with Justin Bieber,Sweater Weather,Without Me with Juice WRLD,bzip2,pinknoise,20
Another Love,Another Love,Bohemian Rhapsody - Remastered 2011,Can't Hold Us feat. Ray Dalton,Do I Wanna Know?,Take Me To Church,Don't Start Now,Watermelon Sugar,God's Plan,Let Her Go,Thinking out Loud,bzip2,pinknoise,20
Lucid Dreams,Lucid Dreams,goosebumps,Unforgettable,New Rules,Choke,INDUSTRY BABY feat. Jack Harlow,One Kiss with Dua Lipa,Can't Hold Us feat. Ray Dalton,Die For You,Heat Waves,bzip2,pinknoise,20
No Signal,No Signal,I Wanna Be Yours,Havana feat. Young Thug,Bohemian Rhapsody - Remastered 2011,One Kiss with Dua Lipa,Man On the Moon,Can't Hold Us feat. Ray Dalton,INDUSTRY BABY feat. Jack Harlow,All of Me,Sweater Weather,bzip2,pinknoise,20
Believer,Believer,That's What I Like,Choke,No Role Modelz,New Rules,All of Me,Closer,Can't Hold Us feat. Ray Dalton,bad guy,Treat You Better,bzip2,pinknoise,20
Cuidado,Cuidado,STAY with Justin Bieber,INDUSTRY BABY feat. Jack Harlow,Choke,Closer,The Hills,That's What I Like,Do I Wanna Know?,bad guy,Say You Won't Let Go,bzip2,pinknoise,20
Flowers,Flowers,Lose Yourself,Watermelon Sugar,Bohemian Rhapsody - Remastered 2011,Thunder,Señorita,Do I Wanna Know?,Let Her Go,Can't Hold Us feat. Ray Dalton,Stressed Out,bzip2,pinknoise,20
Shape of You,Shape of You,Die For You,My Goodbye,Counting Stars,Photograph,Thinking out Loud,Unforgettable,Ether,Can't Hold Us feat. Ray Dalton,God's Plan,bzip2,pinknoise,20
In the Morning,In the Morning,INDUSTRY BABY feat. Jack Harlow,Bohemian Rhapsody - Remastered 2011,Lose Yourself,All of Me,Counting Stars,Treat You Better,Unforgettable,No Role Modelz,God's Plan,bzip2,pinknoise,20
INDUSTRY BABY feat,INDUSTRY BABY feat. Jack Harlow,Choke,Shine On,That's What I Like,SICKO MODE,Lean On feat. MØ & DJ Snake,Havana feat. Young Thug,Without Me with Juice WRLD,No Role Modelz,bad guy,bzip2,pinknoise,20
Viva La Vida,Viva La Vida,Bohemian Rhapsody - Remastered 2011,Treat You Better,All of Me,In the End,Can't Hold Us feat. Ray Dalton,Closer,Smells Like Teen Spirit,Choke,That's What I Like,bzip2,pinknoise,20
Stay With Me,Stay With Me,Too Good At Goodbyes,Watermelon Sugar,Havana feat. Young Thug,New Rules,Can't Hold Us feat. Ray Dalton,Stressed Out,Another Love,Do I Wanna Know?,One Kiss with Dua Lipa,bzip2,pinknoise,20
Heat Waves,Heat Waves,My Goodbye,Die For You,Can't Hold Us feat. Ray Dalton,Counting Stars,Choke,Bohemian Rhapsody - Remastered 2011,Closer,Treat You Better,God's Plan,bzip2,pinknoise,20
Someone You Loved,Someone You Loved,All of Me,Treat You Better,INDUSTRY BABY feat. Jack Harlow,Bohemian Rhapsody - Remastered 2011,Havana feat. Young Thug,Viva La Vida,Closer,No Role Modelz,Say You Won't Let Go,bzip2,pinknoise,20
Lean On feat,Lean On feat. MØ & DJ Snake,INDUSTRY BABY feat. Jack Harlow,Choke,New Rules,Havana feat. Young Thug,That's What I Like,bad guy,No Role Modelz,One Kiss with Dua Lipa,Bohemian Rhapsody - Remastered 2011,bzip2,pinknoise,20
Something Just Like This,Something Just Like This,New Rules,Coconut Water,One Kiss with Dua Lipa,Can't Hold Us feat. Ray Dalton,Die For You,Another Love,There's Nothing Holdin' Me Back,Don't Start Now,goosebumps,bzip2,pinknoise,20
Cruel Summer,Cruel Summer,My Goodbye,Thinking out Loud,Can't Hold Us feat. Ray Dalton,New Rules,There's Nothing Holdin' Me Back,God's Plan,Die For You,Don't Start Now,Counting Stars,bzip2,pinknoise,20
Treat You Better,Treat You Better,Mr. Brightside,Choke,Bohemian Rhapsody - Remastered 2011,That's What I Like,Viva La Vida,Every Breath You Take,Closer,Smells Like Teen Spirit,No Role Modelz,bzip2,pinknoise,20
Closer,Closer,Bohemian Rhapsody - Remastered 2011,Viva La Vida,All of Me,Smells Like Teen Spirit,Can't Hold Us feat. Ray Dalton,Choke,Demons,Treat You Better,No Role Modelz,bzip2,pinknoise,20
goosebumps,goosebumps,Havana feat. Young Thug,Can't Hold Us feat. Ray Dalton,New Rules,Don't Start Now,Circles,Bohemian Rhapsody - Remastered 2011,God's Plan,Choke,Too Good At Goodbyes,bzip2,pinknoise,20
Sweater Weather,Sweater Weather,Bohemian Rhapsody - Remastered 2011,Say You Won't Let Go,Do I Wanna Know?,Too Good At Goodbyes,Man On the Moon,Can't Hold Us feat. Ray Dalton,Watermelon Sugar,No Role Modelz,Closer,bzip2,pinknoise,20
The Hills,The Hills,That's What I Like,INDUSTRY BABY feat. Jack Harlow,Havana feat. Young Thug,God's Plan,Lean On feat. MØ & DJ Snake,Can't Hold Us feat. Ray Dalton,Bohemian Rhapsody - Remastered 2011,Choke,No Role Modelz,bzip2,pinknoise,20
Let Me Love You,Let Me Love You,Man On the Moon,Bohemian Rhapsody - Remastered 2011,Closer,Too Good At Goodbyes,Choke,Smells Like Teen Spirit,Sweater Weather,Demons,Can't Hold Us feat. Ray Dalton,bzip2,pinknoise,20
The Night We Met,The Night We Met,Thinking out Loud,God's Plan,Cruel Summer,Can't Hold Us feat. Ray Dalton,Die For You,Counting Stars,My Goodbye,Bohemian Rhapsody - Remastered 2011,Lucid Dreams,bzip2,pinknoise,20
My Goodbye,My Goodbye,Choke,Heat Waves,That's What I Like,Shape of You,Die For You,There's Nothing Holdin' Me Back,Treat You Better,Believer,Counting Stars,bzip2,pinknoise,20
Die For You,Die For You,7 rings,Without Me with Juice WRLD,Shape of You,Can't Hold Us feat. Ray Dalton,That's What I Like,My Goodbye,Something Just Like This,Counting Stars,Unforgettable,bzip2,pinknoise,20
Shallow,Shallow,Can't Hold Us feat. Ray Dalton,Another Love,Bohemian Rhapsody - Remastered 2011,Take Me To Church,All of Me,God's Plan,Too Good At Goodbyes,Thinking out Loud,New Rules,bzip2,pinknoise,20
rockstar,rockstar,INDUSTRY BABY feat. Jack Harlow,Lean On feat. MØ & DJ Snake,New Rules,Choke,Havana feat. Young Thug,Sweater Weather,God's Plan,Shine On,That's What I Like,bzip2,pinknoise,20
I Wanna Be Yours,I Wanna Be Yours,Man On the Moon,Bohemian Rhapsody - Remastered 2011,Do I Wanna Know?,INDUSTRY BABY feat. Jack Harlow,God's Plan,Havana feat. Young Thug,Too Good At Goodbyes,Can't Hold Us feat. Ray Dalton,Sweater Weather,bzip2,pinknoise,20
Say You Won't Let Go,Say You Won't Let Go,Do I Wanna Know?,Bohemian Rhapsody - Remastered 2011,INDUSTRY BABY feat. Jack Harlow,Happier,All of Me,Closer,Can't Hold Us feat. Ray Dalton,Treat You Better,Watermelon Sugar,bzip2,pinknoise,20
New Rules,New Rules,One Kiss with Dua Lipa,Circles,Can't Hold Us feat. Ray Dalton,Señorita,XO Tour Llif3,Havana feat. Young Thug,Believer,Too Good At Goodbyes,Happier,bzip2,pinknoise,20
XO Tour Llif3,XO Tour Llif3,New Rules,SICKO MODE,INDUSTRY BABY feat. Jack Harlow,Can't Hold Us feat. Ray Dalton,One Kiss with Dua Lipa,Die For You,Lean On feat. MØ & DJ Snake,Something Just Like This,Without Me with Juice WRLD,bzip2,pinknoise,20
Havana feat,Havana feat. Young Thug,XO Tour Llif3,God's Plan,bad guy,HUMBLE.,That's What I Like,Can't Hold Us feat. Ray Dalton,Closer,Bohemian Rhapsody - Remastered 2011,There's Nothing Holdin' Me Back,bzip2,pinknoise,20
Sparkling Moments,Sparkling Moments,Señorita,Havana feat. Young Thug,Bohemian Rhapsody - Remastered 2011,New Rules,Circles,Can't Hold Us feat. Ray Dalton,Just the Way You Are,goosebumps,Thinking out Loud,bzip2,pinknoise,20
