Coconut Water,Coconut Water,Can't Hold Us feat. Ray Dalton,Circles,New Rules,goosebumps,Señorita,Havana feat. Young Thug,Happier,Another Love,Centipede,gzip,pinknoise,20
Starboy,Starboy,Can't Hold Us feat. Ray Dalton,One Kiss with Dua Lipa,New Rules,Circles,goosebumps,Something Just Like This,Stay With Me,Thunder,Stressed Out,gzip,pinknoise,20
Bohemian Rhapsody - Remastered 2011,Shine On,Havana feat. Young Thug,Bohemian Rhapsody - Remastered 2011,Can't Hold Us feat. Ray Dalton,Say You Won't Let Go,Viva La Vida,Do I Wanna Know?,Closer,Man On the Moon,Treat You Better,gzip,pinknoise,20
That's What I Like,That's What I Like,Choke,Can't Hold Us feat. Ray Dalton,Die For You,Believer,Havana feat. Young Thug,SICKO MODE,Counting Stars,There's Nothing Holdin' Me Back,bad guy,gzip,pinknoise,20
Yellow,Yellow,Can't Hold Us feat. Ray Dalton,rockstar,Havana feat. Young Thug,Counting Stars,Photograph,Take Me To Church,Smells Like Teen Spirit,Thinking out Loud,Man On the Moon,gzip,pinknoise,20
Jocelyn Flores,Jocelyn Flores,There's Nothing Holdin' Me Back,Havana feat. Young Thug,Can't Hold Us feat. Ray Dalton,SICKO MODE,Counting Stars,Do I Wanna Know?,Man On the Moon,Treat You Better,Bohemian Rhapsody - Remastered 2011,gzip,pinknoise,20
VICIOUS CYCLE,VICIOUS CYCLE,Starboy,HUMBLE.,Can't Hold Us feat. Ray Dalton,All of Me,goosebumps,XO Tour Llif3,SICKO MODE,Havana feat. Young Thug,God's Plan,gzip,pinknoise,20
Ether,Can't Hold Us feat. Ray Dalton,Ether,Counting Stars,Die For You,goosebumps,There's Nothing Holdin' Me Back,Unforgettable,Thunder,Photograph,rockstar,gzip,pinknoise,20
Smells Like Teen Spirit,Smells Like Teen Spirit,Havana feat. Young Thug,Can't Hold Us feat. Ray Dalton,Bohemian Rhapsody - Remastered 2011,Mr. Brightside,SICKO MODE,Viva La Vida,In the End,Treat You Better,Counting Stars,gzip,pinknoise,20
Wake Me Up - Radio Edit,Wake Me Up - Radio Edit,Can't Hold Us feat. Ray Dalton,Havana feat. Young Thug,Thinking out Loud,Counting Stars,Something Just Like This,There's Nothing Holdin' Me Back,Take Me To Church,Centipede,goosebumps,gzip,pinknoise,20
bad guy,bad guy,Without Me,Can't Hold Us feat. Ray Dalton,Smells Like Teen Spirit,Counting Stars,goosebumps,There's Nothing Holdin' Me Back,Havana feat. Young Thug,Lose Yourself,Unforgettable,gzip,pinknoise,20
Let Her Go,Let Her Go,Can't Hold Us feat. Ray Dalton,Walk On Water,Stressed Out,Flowers,Take Me To Church,Thinking out Loud,Havana feat. Young Thug,Man On the Moon,Counting Stars,gzip,pinknoise,20
As It Was,As It Was,Can't Hold Us feat. Ray Dalton,Havana feat. Young Thug,goosebumps,Die For You,There's Nothing Holdin' Me Back,New Rules,Counting Stars,Thinking out Loud,Wake Me Up - Radio Edit,gzip,pinknoise,20
Man On the Moon,Man On the Moon,Can't Hold Us feat. Ray Dalton,Sweater Weather,Havana feat. Young Thug,Thunder,Too Good At Goodbyes,I Wanna Be Yours,Do I Wanna Know?,Stay With Me,New Rules,gzip,pinknoise,20
Stressed Out,Stressed Out,Can't Hold Us feat. Ray Dalton,Havana feat. Young Thug,goosebumps,Another Love,New Rules,Circles,Take Me To Church,Die For You,Do I Wanna Know?,gzip,pinknoise,20
Can't Hold Us feat,Can't Hold Us feat. Ray Dalton,Don't Start Now,goosebumps,New Rules,Without Me,Circles,Thunder,Havana feat. Young Thug,There's Nothing Holdin' Me Back,Flowers,gzip,pinknoise,20
Without Me with Juice WRLD,Without Me with Juice WRLD,Can't Hold Us feat. Ray Dalton,Choke,Die For You,rockstar,Unforgettable,Counting Stars,My Goodbye,INDUSTRY BABY feat. Jack Harlow,In the End,gzip,pinknoise,20
One Kiss with Dua Lipa,One Kiss with Dua Lipa,Can't Hold Us feat. Ray Dalton,New Rules,Havana feat. Young Thug,Circles,Happier,There's Nothing Holdin' Me Back,goosebumps,Flowers,Bohemian Rhapsody - Remastered 2011,gzip,pinknoise,20
God's Plan,God's Plan,Can't Hold Us feat. Ray Dalton,Havana feat. Young Thug,SICKO MODE,Bohemian Rhapsody - Remastered 2011,No Role Modelz,Demons,Happier,goosebumps,Riptide,gzip,pinknoise,20
Circles,Circles,Can't Hold Us feat. Ray Dalton,Thunder,Señorita,Havana feat. Young Thug,Flowers,goosebumps,Happier,Smells Like Teen Spirit,New Rules,gzip,pinknoise,20
Centipede,Centipede,Can't Hold Us feat. Ray Dalton,goosebumps,Circles,There's Nothing Holdin' Me Back,New Rules,Havana feat. Young Thug,Thinking out Loud,Thunder,Counting Stars,gzip,pinknoise,20
Thinking out Loud,Thinking out Loud,Can't Hold Us feat. Ray Dalton,Havana feat. Young Thug,Take Me To Church,Don't Start Now,There's Nothing Holdin' Me Back,Counting Stars,Sunflower - Spider-Man: Into the Spider-Verse,Flowers,goosebumps,gzip,pinknoise,20
Without Me,Without Me,Can't Hold Us feat. Ray Dalton,bad guy,Thunder,Choke,goosebumps,Do I Wanna Know?,Counting Stars,Too Good At Goodbyes,Walk On Water,gzip,pinknoise,20
Take Me To Church,Take Me To Church,Can't Hold Us feat. Ray Dalton,Thinking out Loud,Havana feat. Young Thug,goosebumps,Another Love,Counting Stars,Bohemian Rhapsody - Remastered 2011,Don't Start Now,There's Nothing Holdin' Me Back,gzip,pinknoise,20
Walk On Water,Walk On Water,Can't Hold Us feat. Ray Dalton,Stressed Out,Flowers,Señorita,Smells Like Teen Spirit,Do I Wanna Know?,Thunder,Let Her Go,Stay With Me,gzip,pinknoise,20
Unforgettable,Unforgettable,Choke,Counting Stars,Die For You,Can't Hold Us feat. Ray Dalton,Treat You Better,My Goodbye,Havana feat. Young Thug,Mr. Brightside,Heat Waves,gzip,pinknoise,20
SICKO MODE,SICKO MODE,Can't Hold Us feat. Ray Dalton,Counting Stars,Havana feat. Young Thug,Die For You,goosebumps,Unforgettable,That's What I Like,Choke,There's Nothing Holdin' Me Back,gzip,pinknoise,20
SAD!,SAD!,Havana feat. Young Thug,Can't Hold Us feat. Ray Dalton,Do I Wanna Know?,Too Good At Goodbyes,SICKO MODE,Sweater Weather,Say You Won't Let Go,Bohemian Rhapsody - Remastered 2011,goosebumps,gzip,pinknoise,20
STAY with Justin Bieber,STAY with Justin Bieber,No Role Modelz,Treat You Better,Smells Like Teen Spirit,Mr. Brightside,Can't Hold Us feat. Ray Dalton,Havana feat. Young Thug,Choke,Cuidado,That's What I Like,gzip,pinknoise,20
Love Yourself,Love Yourself,Shape of You,Counting Stars,Can't Hold Us feat. Ray Dalton,Havana feat. Young Thug,Die For You,There's Nothing Holdin' Me Back,Unforgettable,goosebumps,SICKO MODE,gzip,pinknoise,20
Mr,Mr. Brightside,Treat You Better,Viva La Vida,In the End,Counting Stars,Havana feat. Young Thug,Unforgettable,Smells Like Teen Spirit,Bohemian Rhapsody - Remastered 2011,SICKO MODE,gzip,pinknoise,20
Do I Wanna Know,Do I Wanna Know?,Havana feat. Young Thug,Can't Hold Us feat. Ray Dalton,Sweater Weather,Say You Won't Let Go,No Role Modelz,Too Good At Goodbyes,Cuidado,Shine On,Man On the Moon,gzip,pinknoise,20
Counting Stars,Counting Stars,Can't Hold Us feat. Ray Dalton,Die For You,Shape of You,There's Nothing Holdin' Me Back,Havana feat. Young Thug,My Goodbye,Treat You Better,Thinking out Loud,Unforgettable,gzip,pinknoise,20
Riptide,Riptide,Can't Hold Us feat. Ray Dalton,Havana feat. Young Thug,God's Plan,Bohemian Rhapsody - Remastered 2011,Counting Stars,In the End,Say You Won't Let Go,SICKO MODE,That's What I Like,gzip,pinknoise,20
Every Breath You Take,Every Breath You Take,Havana feat. Young Thug,Can't Hold Us feat. Ray Dalton,Counting Stars,Bohemian Rhapsody - Remastered 2011,God's Plan,Thinking out Loud,There's Nothing Holdin' Me Back,Take Me To Church,SICKO MODE,gzip,pinknoise,20
No Role Modelz,No Role Modelz,Havana feat. Young Thug,Can't Hold Us feat. Ray Dalton,God's Plan,Believer,Do I Wanna Know?,Shine On,SICKO MODE,Choke,XO Tour Llif3,gzip,pinknoise,20
Don't Start Now,Don't Start Now,Can't Hold Us feat. Ray Dalton,Thinking out Loud,Flowers,There's Nothing Holdin' Me Back,goosebumps,Sunflower - Spider-Man: Into the Spider-Verse,Counting Stars,Havana feat. Young Thug,New Rules,gzip,pinknoise,20
Lele,Lele,Unforgettable,Choke,Can't Hold Us feat. Ray Dalton,Counting Stars,Havana feat. Young Thug,Treat You Better,SICKO MODE,Bohemian Rhapsody - Remastered 2011,Heat Waves,gzip,pinknoise,20
lovely with Khalid,Can't Hold Us feat. Ray Dalton,Havana feat. Young Thug,goosebumps,There's Nothing Holdin' Me Back,Thinking out Loud,lovely with Khalid,Another Love,Sunflower - Spider-Man: Into the Spider-Verse,Counting Stars,XO Tour Llif3,gzip,pinknoise,20
All of Me,All of Me,Havana feat. Young Thug,Can't Hold Us feat. Ray Dalton,Viva La Vida,God's Plan,Bohemian Rhapsody - Remastered 2011,Someone You Loved,Closer,Believer,No Role Modelz,gzip,pinknoise,20
Watermelon Sugar,Watermelon Sugar,Can't Hold Us feat. Ray Dalton,Happier,Havana feat. Young Thug,Bohemian Rhapsody - Remastered 2011,Demons,New Rules,Circles,Too Good At Goodbyes,God's Plan,gzip,pinknoise,20
There's Nothing Holdin' Me Back,There's Nothing Holdin' Me Back,Counting Stars,Unforgettable,Havana feat. Young Thug,Can't Hold Us feat. Ray Dalton,Treat You Better,Something Just Like This,goosebumps,Heat Waves,SICKO MODE,gzip,pinknoise,20
Thunder,Thunder,Can't Hold Us feat. Ray Dalton,Without Me,Circles,Havana feat. Young Thug,Señorita,Flowers,Too Good At Goodbyes,Smells Like Teen Spirit,New Rules,gzip,pinknoise,20
Demons,Demons,Havana feat. Young Thug,Do I Wanna Know?,Can't Hold Us feat. Ray Dalton,Bohemian Rhapsody - Remastered 2011,Sweater Weather,I Wanna Be Yours,God's Plan,Say You Won't Let Go,INDUSTRY BABY feat. Jack Harlow,gzip,pinknoise,20
One Dance,One Dance,Unforgettable,Can't Hold Us feat. Ray Dalton,Counting Stars,Treat You Better,Havana feat. Young Thug,There's Nothing Holdin' Me Back,That's What I Like,SICKO MODE,Believer,gzip,pinknoise,20
Shine On,Shine On,Choke,Havana feat. Young Thug,Do I Wanna Know?,Can't Hold Us feat. Ray Dalton,Viva La Vida,Say You Won't Let Go,No Role Modelz,Treat You Better,SICKO MODE,gzip,pinknoise,20
7 rings,7 rings,Unforgettable,There's Nothing Holdin' Me Back,Counting Stars,Die For You,Can't Hold Us feat. Ray Dalton,Havana feat. Young Thug,goosebumps,Treat You Better,XO Tour Llif3,gzip,pinknoise,20
When I Was Your Man,When I Was Your Man,Happier,Havana feat. Young Thug,Can't Hold Us feat. Ray Dalton,God's Plan,Demons,Bohemian Rhapsody - Remastered 2011,Watermelon Sugar,All of Me,Too Good At Goodbyes,gzip,pinknoise,20
Sorry,Sorry,Can't Hold Us feat. Ray Dalton,Choke,Say You Won't Let Go,Havana feat. Young Thug,Cuidado,Sweater Weather,Closer,Too Good At Goodbyes,Do I Wanna Know?,gzip,pinknoise,20
Too Good At Goodbyes,Too Good At Goodbyes,Havana feat. Young Thug,Just the Way You Are,Can't Hold Us feat. Ray Dalton,Happier,When I Was Your Man,Demons,Say You Won't Let Go,Bohemian Rhapsody - Remastered 2011,God's Plan,gzip,pinknoise,20
Photograph,Counting Stars,Photograph,Can't Hold Us feat. Ray Dalton,There's Nothing Holdin' Me Back,Havana feat. Young Thug,Unforgettable,goosebumps,Treat You Better,SICKO MODE,Die For You,gzip,pinknoise,20
Lose Yourself,Lose Yourself,VICIOUS CYCLE,HUMBLE.,Can't Hold Us feat. Ray Dalton,Smells Like Teen Spirit,Havana feat. Young Thug,Something Just Like This,Counting Stars,Starboy,Choke,gzip,pinknoise,20
In the End,In the End,Mr. Brightside,Can't Hold Us feat. Ray Dalton,Bohemian Rhapsody - Remastered 2011,Choke,Havana feat. Young Thug,Smells Like Teen Spirit,SICKO MODE,Treat You Better,Demons,gzip,pinknoise,20
LOOP feat,LOOP feat. Lil Cherry,Can't Hold Us feat. Ray Dalton,Man On the Moon,Havana feat. Young Thug,Smells Like Teen Spirit,Counting Stars,Every Breath You Take,Do I Wanna Know?,Bohemian Rhapsody - Remastered 2011,Too Good At Goodbyes,gzip,pinknoise,20
Sunflower - Spider-Man Into the Spider-Verse,Sunflower - Spider-Man: Into the Spider-Verse,Can't Hold Us feat. Ray Dalton,There's Nothing Holdin' Me Back,Don't Start Now,goosebumps,Thinking out Loud,Havana feat. Young Thug,New Rules,Circles,Wake Me Up - Radio Edit,gzip,pinknoise,20
Just the Way You Are,Just the Way You Are,Havana feat. Young Thug,Can't Hold Us feat. Ray Dalton,Happier,When I Was Your Man,Too Good At Goodbyes,Do I Wanna Know?,Bohemian Rhapsody - Remastered 2011,Say You Won't Let Go,Watermelon Sugar,gzip,pinknoise,20
Señorita,Señorita,Can't Hold Us feat. Ray Dalton,Circles,Havana feat. Young Thug,Flowers,When I Was Your Man,There's Nothing Holdin' Me Back,Take Me To Church,Stressed Out,New Rules,gzip,pinknoise,20
HUMBLE,HUMBLE.,Can't Hold Us feat. Ray Dalton,bad guy,Choke,No Role Modelz,goosebumps,rockstar,Thunder,Havana feat. Young Thug,That's What I Like,gzip,pinknoise,20
Happier,Happier,Can't Hold Us feat. Ray Dalton,Havana feat. Young Thug,Demons,Bohemian Rhapsody - Remastered 2011,God's Plan,When I Was Your Man,Watermelon Sugar,Too Good At Goodbyes,The Hills,gzip,pinknoise,20
Choke,Choke,Unforgettable,Havana feat. Young Thug,Closer,Can't Hold Us feat. Ray Dalton,Counting Stars,Man On the Moon,That's What I Like,In the End,Bohemian Rhapsody - Remastered 2011,gzip,pinknoise,20
Another Love,Another Love,Can't Hold Us feat. Ray Dalton,Take Me To Church,Havana feat. Young Thug,goosebumps,Circles,Flowers,Counting Stars,Do I Wanna Know?,Let Her Go,gzip,pinknoise,20
Lucid Dreams,Lucid Dreams,Can't Hold Us feat. Ray Dalton,Counting Stars,There's Nothing Holdin' Me Back,Unforgettable,Die For You,goosebumps,Shape of You,The Night We Met,Heat Waves,gzip,pinknoise,20
No Signal,No Signal,Can't Hold Us feat. Ray Dalton,I Wanna Be Yours,Man On the Moon,Too Good At Goodbyes,Havana feat. Young Thug,Do I Wanna Know?,Sweater Weather,Sorry,The Hills,gzip,pinknoise,20
Believer,Believer,Can't Hold Us feat. Ray Dalton,Havana feat. Young Thug,No Role Modelz,Sweater Weather,Do I Wanna Know?,That's What I Like,Bohemian Rhapsody - Remastered 2011,Choke,goosebumps,gzip,pinknoise,20
Cuidado,Cuidado,Havana feat. Young Thug,The Hills,Demons,Can't Hold Us feat. Ray Dalton,Bohemian Rhapsody - Remastered 2011,Do I Wanna Know?,Say You Won't Let Go,Closer,Sorry,gzip,pinknoise,20
Flowers,Flowers,Can't Hold Us feat. Ray Dalton,Stressed Out,Thunder,Señorita,Let Her Go,Circles,Havana feat. Young Thug,Counting Stars,Walk On Water,gzip,pinknoise,20
Shape of You,Shape of You,Die For You,Counting Stars,Can't Hold Us feat. Ray Dalton,My Goodbye,Havana feat. Young Thug,Thinking out Loud,There's Nothing Holdin' Me Back,7 rings,Treat You Better,gzip,pinknoise,20
In the Morning,In the Morning,All of Me,Havana feat. Young Thug,Someone You Loved,Viva La Vida,Without Me with Juice WRLD,Bohemian Rhapsody - Remastered 2011,Can't Hold Us feat. Ray Dalton,Unforgettable,Treat You Better,gzip,pinknoise,20
INDUSTRY BABY feat,INDUSTRY BABY feat. Jack Harlow,Choke,Can't Hold Us feat. Ray Dalton,That's What I Like,In the End,SICKO MODE,Havana feat. Young Thug,Unforgettable,goosebumps,No Role Modelz,gzip,pinknoise,20
Viva La Vida,Can't Hold Us feat. Ray Dalton,Havana feat. Young Thug,SICKO MODE,Unforgettable,Viva La Vida,Treat You Better,No Role Modelz,Counting Stars,Bohemian Rhapsody - Remastered 2011,goosebumps,gzip,pinknoise,20
Stay With Me,Stay With Me,Can't Hold Us feat. Ray Dalton,Havana feat. Young Thug,Circles,Too Good At Goodbyes,New Rules,Flowers,Thunder,goosebumps,Stressed Out,gzip,pinknoise,20
Heat Waves,Heat Waves,Can't Hold Us feat. Ray Dalton,My Goodbye,Counting Stars,Unforgettable,Shape of You,Havana feat. Young Thug,Die For You,There's Nothing Holdin' Me Back,Believer,gzip,pinknoise,20
Someone You Loved,Someone You Loved,Viva La Vida,Havana feat. Young Thug,Say You Won't Let Go,Can't Hold Us feat. Ray Dalton,Treat You Better,SICKO MODE,Bohemian Rhapsody - Remastered 2011,INDUSTRY BABY feat. Jack Harlow,Man On the Moon,gzip,pinknoise,20
Lean On feat,Lean On feat. MØ & DJ Snake,Can't Hold Us feat. Ray Dalton,Choke,Havana feat. Young Thug,No Role Modelz,Smells Like Teen Spirit,SICKO MODE,Bohemian Rhapsody - Remastered 2011,In the End,God's Plan,gzip,pinknoise,20
Something Just Like This,Something Just Like This,Can't Hold Us feat. Ray Dalton,Don't Start Now,Sunflower - Spider-Man: Into the Spider-Verse,Thinking out Loud,There's Nothing Holdin' Me Back,New Rules,Counting Stars,goosebumps,Havana feat. Young Thug,gzip,pinknoise,20
Cruel Summer,Cruel Summer,Can't Hold Us feat. Ray Dalton,Thinking out Loud,Counting Stars,Wake Me Up - Radio Edit,Walk On Water,Havana feat. Young Thug,Take Me To Church,There's Nothing Holdin' Me Back,As It Was,gzip,pinknoise,20
Treat You Better,Treat You Better,Mr. Brightside,Havana feat. Young Thug,Viva La Vida,Smells Like Teen Spirit,Every Breath You Take,Unforgettable,Counting Stars,Shape of You,Choke,gzip,pinknoise,20
Closer,Closer,Havana feat. Young Thug,Can't Hold Us feat. Ray Dalton,Viva La Vida,Bohemian Rhapsody - Remastered 2011,No Role Modelz,Choke,Smells Like Teen Spirit,Do I Wanna Know?,God's Plan,gzip,pinknoise,20
goosebumps,goosebumps,Can't Hold Us feat. Ray Dalton,Circles,New Rules,Havana feat. Young Thug,Señorita,Don't Start Now,Thunder,Counting Stars,Thinking out Loud,gzip,pinknoise,20
Sweater Weather,Sweater Weather,Can't Hold Us feat. Ray Dalton,Havana feat. Young Thug,Do I Wanna Know?,Say You Won't Let Go,Believer,Bohemian Rhapsody - Remastered 2011,Demons,SICKO MODE,No Role Modelz,gzip,pinknoise,20
The Hills,The Hills,Can't Hold Us feat. Ray Dalton,rockstar,Havana feat. Young Thug,No Role Modelz,In the End,Demons,Bohemian Rhapsody - Remastered 2011,SICKO MODE,Lean On feat. MØ & DJ Snake,gzip,pinknoise,20
Let Me Love You,Let Me Love You,Smells Like Teen Spirit,Can't Hold Us feat. Ray Dalton,Havana feat. Young Thug,No Role Modelz,Choke,Thunder,Do I Wanna Know?,Closer,Too Good At Goodbyes,gzip,pinknoise,20
The Night We Met,The Night We Met,Can't Hold Us feat. Ray Dalton,Havana feat. Young Thug,Lucid Dreams,Thinking out Loud,7 rings,Die For You,Counting Stars,There's Nothing Holdin' Me Back,Shape of You,gzip,pinknoise,20
My Goodbye,My Goodbye,Can't Hold Us feat. Ray Dalton,Die For You,Counting Stars,That's What I Like,There's Nothing Holdin' Me Back,Havana feat. Young Thug,Heat Waves,Bohemian Rhapsody - Remastered 2011,Shape of You,gzip,pinknoise,20
Die For You,Die For You,Can't Hold Us feat. Ray Dalton,Counting Stars,My Goodbye,7 rings,That's What I Like,Shape of You,Choke,goosebumps,Havana feat. Young Thug,gzip,pinknoise,20
Shallow,Shallow,Can't Hold Us feat. Ray Dalton,Thinking out Loud,Havana feat. Young Thug,Take Me To Church,goosebumps,Bohemian Rhapsody - Remastered 2011,Don't Start Now,Another Love,Demons,gzip,pinknoise,20
rockstar,rockstar,Starboy,VICIOUS CYCLE,HUMBLE.,Can't Hold Us feat. Ray Dalton,Choke,goosebumps,Thunder,Havana feat. Young Thug,SICKO MODE,gzip,pinknoise,20
I Wanna Be Yours,I Wanna Be Yours,Havana feat. Young Thug,Demons,Can't Hold Us feat. Ray Dalton,Say You Won't Let Go,Bohemian Rhapsody - Remastered 2011,Happier,Do I Wanna Know?,SICKO MODE,The Hills,gzip,pinknoise,20
Say You Won't Let Go,Say You Won't Let Go,Havana feat. Young Thug,Do I Wanna Know?,Can't Hold Us feat. Ray Dalton,Bohemian Rhapsody - Remastered 2011,Happier,Too Good At Goodbyes,Man On the Moon,SICKO MODE,Viva La Vida,gzip,pinknoise,20
New Rules,New Rules,Can't Hold Us feat. Ray Dalton,goosebumps,Circles,Thunder,Havana feat. Young Thug,There's Nothing Holdin' Me Back,Just the Way You Are,SICKO MODE,Too Good At Goodbyes,gzip,pinknoise,20
XO Tour Llif3,XO Tour Llif3,VICIOUS CYCLE,HUMBLE.,Can't Hold Us feat. Ray Dalton,Choke,goosebumps,Without Me,Die For You,Something Just Like This,Don't Start Now,gzip,pinknoise,20
Havana feat,Havana feat. Young Thug,God's Plan,Can't Hold Us feat. Ray Dalton,SICKO MODE,That's What I Like,Bohemian Rhapsody - Remastered 2011,Demons,No Role Modelz,Believer,goosebumps,gzip,pinknoise,20
Sparkling Moments,Sparkling Moments,Can't Hold Us feat. Ray Dalton,Circles,New Rules,Havana feat. Young Thug,Señorita,goosebumps,Thunder,Too Good At Goodbyes,Stay With Me,gzip,pinknoise,20
