Coconut Water,Coconut Water,Can't Hold Us feat. Ray Dalton,New Rules,Another Love,Circles,Havana feat. Young Thug,Starboy,goosebumps,One Kiss with Dua Lipa,Stressed Out,zstd,pinknoise,20
Starboy,Starboy,New Rules,Can't Hold Us feat. Ray Dalton,Stay With Me,Señorita,One Kiss with Dua Lipa,Havana feat. Young Thug,Something Just Like This,Counting Stars,Circles,zstd,pinknoise,20
Bohemian Rhapsody - Remastered 2011,Bohemian Rhapsody - Remastered 2011,Havana feat. Young Thug,Shine On,Say You Won't Let Go,Lose Yourself,Do I Wanna Know?,SICKO MODE,Man On the Moon,Unforgettable,INDUSTRY BABY feat. Jack Harlow,zstd,pinknoise,20
That's What I Like,That's What I Like,Choke,Believer,Die For You,XO Tour Llif3,Counting Stars,Can't Hold Us feat. Ray Dalton,Unforgettable,Havana feat. Young Thug,Bohemian Rhapsody - Remastered 2011,zstd,pinknoise,20
Yellow,Yellow,Counting Stars,Bohemian Rhapsody - Remastered 2011,Smells Like Teen Spirit,Havana feat. Young Thug,Photograph,Can't Hold Us feat. Ray Dalton,Thinking out Loud,Take Me To Church,Man On the Moon,zstd,pinknoise,20
Jocelyn Flores,Jocelyn Flores,Havana feat. Young Thug,There's Nothing Holdin' Me Back,Bohemian Rhapsody - Remastered 2011,Too Good At Goodbyes,Unforgettable,SICKO MODE,Treat You Better,Do I Wanna Know?,God's Plan,zstd,pinknoise,20
VICIOUS CYCLE,VICIOUS CYCLE,XO Tour Llif3,Havana feat. Young Thug,Can't Hold Us feat. Ray Dalton,SICKO MODE,goosebumps,rockstar,God's Plan,Thunder,New Rules,zstd,pinknoise,20
Ether,Ether,Counting Stars,Photograph,Can't Hold Us feat. Ray Dalton,Die For You,Starboy,goosebumps,Unforgettable,Lose Yourself,New Rules,zstd,pinknoise,20
Smells Like Teen Spirit,Smells Like Teen Spirit,Havana feat. Young Thug,Mr. Brightside,Bohemian Rhapsody - Remastered 2011,Treat You Better,Shallow,Man On the Moon,Counting Stars,Too Good At Goodbyes,bad guy,zstd,pinknoise,20
Wake Me Up - Radio Edit,Wake Me Up - Radio Edit,Thinking out Loud,Havana feat. Young Thug,Can't Hold Us feat. Ray Dalton,Counting Stars,Stressed Out,Without Me,Something Just Like This,Bohemian Rhapsody - Remastered 2011,Don't Start Now,zstd,pinknoise,20
bad guy,bad guy,Counting Stars,Treat You Better,Thunder,Stay With Me,goosebumps,Without Me,Choke,Señorita,Smells Like Teen Spirit,zstd,pinknoise,20
Let Her Go,Let Her Go,Stressed Out,Photograph,Flowers,Centipede,Bohemian Rhapsody - Remastered 2011,Thinking out Loud,Take Me To Church,Walk On Water,Havana feat. Young Thug,zstd,pinknoise,20
As It Was,As It Was,Can't Hold Us feat. Ray Dalton,XO Tour Llif3,goosebumps,Havana feat. Young Thug,Counting Stars,New Rules,There's Nothing Holdin' Me Back,Die For You,SICKO MODE,zstd,pinknoise,20
Man On the Moon,Man On the Moon,Bohemian Rhapsody - Remastered 2011,Havana feat. Young Thug,Too Good At Goodbyes,Sweater Weather,I Wanna Be Yours,Thunder,Stay With Me,Do I Wanna Know?,goosebumps,zstd,pinknoise,20
Stressed Out,Stressed Out,Can't Hold Us feat. Ray Dalton,New Rules,Havana feat. Young Thug,goosebumps,Another Love,XO Tour Llif3,Señorita,Do I Wanna Know?,Starboy,zstd,pinknoise,20
Can't Hold Us feat,Can't Hold Us feat. Ray Dalton,Don't Start Now,New Rules,Thunder,goosebumps,Choke,Counting Stars,Starboy,XO Tour Llif3,Something Just Like This,zstd,pinknoise,20
Without Me with Juice WRLD,Without Me with Juice WRLD,Choke,Die For You,Unforgettable,My Goodbye,Can't Hold Us feat. Ray Dalton,Counting Stars,That's What I Like,XO Tour Llif3,STAY with Justin Bieber,zstd,pinknoise,20
One Kiss with Dua Lipa,One Kiss with Dua Lipa,New Rules,Starboy,Can't Hold Us feat. Ray Dalton,Havana feat. Young Thug,Bohemian Rhapsody - Remastered 2011,Do I Wanna Know?,Too Good At Goodbyes,Señorita,There's Nothing Holdin' Me Back,zstd,pinknoise,20
God's Plan,God's Plan,Havana feat. Young Thug,Can't Hold Us feat. Ray Dalton,SICKO MODE,Bohemian Rhapsody - Remastered 2011,No Role Modelz,goosebumps,XO Tour Llif3,Demons,INDUSTRY BABY feat. Jack Harlow,zstd,pinknoise,20
Circles,Circles,Señorita,Thunder,Can't Hold Us feat. Ray Dalton,Flowers,Havana feat. Young Thug,Bohemian Rhapsody - Remastered 2011,goosebumps,Sparkling Moments,Smells Like Teen Spirit,zstd,pinknoise,20
Centipede,Centipede,goosebumps,Circles,Can't Hold Us feat. Ray Dalton,Havana feat. Young Thug,There's Nothing Holdin' Me Back,Counting Stars,New Rules,XO Tour Llif3,Bohemian Rhapsody - Remastered 2011,zstd,pinknoise,20
Thinking out Loud,Thinking out Loud,Havana feat. Young Thug,Wake Me Up - Radio Edit,Can't Hold Us feat. Ray Dalton,Take Me To Church,There's Nothing Holdin' Me Back,Don't Start Now,Bohemian Rhapsody - Remastered 2011,SICKO MODE,Counting Stars,zstd,pinknoise,20
Without Me,Without Me,bad guy,Do I Wanna Know?,New Rules,goosebumps,Choke,Thunder,Treat You Better,Havana feat. Young Thug,Stressed Out,zstd,pinknoise,20
Take Me To Church,Take Me To Church,Thinking out Loud,Can't Hold Us feat. Ray Dalton,Havana feat. Young Thug,Another Love,Counting Stars,goosebumps,Shallow,Bohemian Rhapsody - Remastered 2011,Wake Me Up - Radio Edit,zstd,pinknoise,20
Walk On Water,Walk On Water,Stressed Out,Señorita,Without Me,Treat You Better,Take Me To Church,Counting Stars,Shallow,Smells Like Teen Spirit,Cruel Summer,zstd,pinknoise,20
Unforgettable,Unforgettable,Counting Stars,Choke,Die For You,Havana feat. Young Thug,My Goodbye,Bohemian Rhapsody - Remastered 2011,Treat You Better,Lose Yourself,Photograph,zstd,pinknoise,20
SICKO MODE,SICKO MODE,Havana feat. Young Thug,Die For You,Counting Stars,goosebumps,Unforgettable,That's What I Like,XO Tour Llif3,Can't Hold Us feat. Ray Dalton,Choke,zstd,pinknoise,20
SAD!,SAD!,Havana feat. Young Thug,Sweater Weather,Bohemian Rhapsody - Remastered 2011,Can't Hold Us feat. Ray Dalton,Do I Wanna Know?,Too Good At Goodbyes,Man On the Moon,Without Me,SICKO MODE,zstd,pinknoise,20
STAY with Justin Bieber,STAY with Justin Bieber,Treat You Better,No Role Modelz,Mr. Brightside,Viva La Vida,Havana feat. Young Thug,Bohemian Rhapsody - Remastered 2011,Believer,Counting Stars,Smells Like Teen Spirit,zstd,pinknoise,20
Love Yourself,Love Yourself,Shape of You,Havana feat. Young Thug,There's Nothing Holdin' Me Back,Counting Stars,Die For You,Can't Hold Us feat. Ray Dalton,SICKO MODE,Photograph,Unforgettable,zstd,pinknoise,20
Mr,Mr. Brightside,Treat You Better,In the End,Viva La Vida,Counting Stars,Unforgettable,Smells Like Teen Spirit,Bohemian Rhapsody - Remastered 2011,Havana feat. Young Thug,Shape of You,zstd,pinknoise,20
Do I Wanna Know,Do I Wanna Know?,Havana feat. Young Thug,Sweater Weather,Bohemian Rhapsody - Remastered 2011,Say You Won't Let Go,Believer,Can't Hold Us feat. Ray Dalton,Too Good At Goodbyes,No Role Modelz,bad guy,zstd,pinknoise,20
Counting Stars,Counting Stars,Photograph,Die For You,Unforgettable,My Goodbye,Can't Hold Us feat. Ray Dalton,Ether,Havana feat. Young Thug,Choke,Treat You Better,zstd,pinknoise,20
Riptide,Riptide,Bohemian Rhapsody - Remastered 2011,God's Plan,Counting Stars,Havana feat. Young Thug,Can't Hold Us feat. Ray Dalton,In the End,That's What I Like,Viva La Vida,SICKO MODE,zstd,pinknoise,20
Every Breath You Take,Every Breath You Take,Havana feat. Young Thug,Bohemian Rhapsody - Remastered 2011,Treat You Better,Counting Stars,Smells Like Teen Spirit,Shape of You,Photograph,Without Me,Thinking out Loud,zstd,pinknoise,20
No Role Modelz,No Role Modelz,Havana feat. Young Thug,God's Plan,Can't Hold Us feat. Ray Dalton,Bohemian Rhapsody - Remastered 2011,Believer,Do I Wanna Know?,SICKO MODE,goosebumps,INDUSTRY BABY feat. Jack Harlow,zstd,pinknoise,20
Don't Start Now,Don't Start Now,Something Just Like This,Counting Stars,Can't Hold Us feat. Ray Dalton,Flowers,There's Nothing Holdin' Me Back,Thinking out Loud,Wake Me Up - Radio Edit,Havana feat. Young Thug,goosebumps,zstd,pinknoise,20
Lele,Lele,Unforgettable,Bohemian Rhapsody - Remastered 2011,Choke,Havana feat. Young Thug,SICKO MODE,Counting Stars,Without Me with Juice WRLD,In the End,INDUSTRY BABY feat. Jack Harlow,zstd,pinknoise,20
lovely with Khalid,lovely with Khalid,Can't Hold Us feat. Ray Dalton,Havana feat. Young Thug,There's Nothing Holdin' Me Back,XO Tour Llif3,God's Plan,Thinking out Loud,goosebumps,Bohemian Rhapsody - Remastered 2011,Something Just Like This,zstd,pinknoise,20
All of Me,All of Me,Havana feat. Young Thug,Bohemian Rhapsody - Remastered 2011,Closer,God's Plan,Someone You Loved,Viva La Vida,Demons,SICKO MODE,No Role Modelz,zstd,pinknoise,20
Watermelon Sugar,Watermelon Sugar,Can't Hold Us feat. Ray Dalton,Happier,Havana feat. Young Thug,Bohemian Rhapsody - Remastered 2011,New Rules,Too Good At Goodbyes,Flowers,Circles,Sparkling Moments,zstd,pinknoise,20
There's Nothing Holdin' Me Back,There's Nothing Holdin' Me Back,Havana feat. Young Thug,Unforgettable,Counting Stars,Bohemian Rhapsody - Remastered 2011,SICKO MODE,Lucid Dreams,goosebumps,Treat You Better,Thinking out Loud,zstd,pinknoise,20
Thunder,Thunder,Señorita,New Rules,Stay With Me,Circles,goosebumps,Flowers,Choke,Can't Hold Us feat. Ray Dalton,I Wanna Be Yours,zstd,pinknoise,20
Demons,Demons,Havana feat. Young Thug,Bohemian Rhapsody - Remastered 2011,Can't Hold Us feat. Ray Dalton,Do I Wanna Know?,SICKO MODE,Sweater Weather,I Wanna Be Yours,God's Plan,INDUSTRY BABY feat. Jack Harlow,zstd,pinknoise,20
One Dance,One Dance,Unforgettable,Havana feat. Young Thug,Counting Stars,SICKO MODE,Bohemian Rhapsody - Remastered 2011,That's What I Like,Lose Yourself,Treat You Better,Believer,zstd,pinknoise,20
Shine On,Shine On,Bohemian Rhapsody - Remastered 2011,Havana feat. Young Thug,Treat You Better,Lose Yourself,Say You Won't Let Go,Viva La Vida,Unforgettable,Do I Wanna Know?,INDUSTRY BABY feat. Jack Harlow,zstd,pinknoise,20
7 rings,7 rings,XO Tour Llif3,Havana feat. Young Thug,Unforgettable,There's Nothing Holdin' Me Back,Counting Stars,goosebumps,Die For You,SICKO MODE,Can't Hold Us feat. Ray Dalton,zstd,pinknoise,20
When I Was Your Man,When I Was Your Man,Havana feat. Young Thug,God's Plan,Happier,Bohemian Rhapsody - Remastered 2011,Can't Hold Us feat. Ray Dalton,Too Good At Goodbyes,All of Me,Demons,The Hills,zstd,pinknoise,20
Sorry,Sorry,Bohemian Rhapsody - Remastered 2011,Choke,Havana feat. Young Thug,I Wanna Be Yours,Sweater Weather,Man On the Moon,Say You Won't Let Go,Can't Hold Us feat. Ray Dalton,Do I Wanna Know?,zstd,pinknoise,20
Too Good At Goodbyes,Too Good At Goodbyes,Havana feat. Young Thug,Bohemian Rhapsody - Remastered 2011,Happier,Just the Way You Are,God's Plan,Can't Hold Us feat. Ray Dalton,SICKO MODE,When I Was Your Man,Watermelon Sugar,zstd,pinknoise,20
Photograph,Photograph,Havana feat. Young Thug,Counting Stars,There's Nothing Holdin' Me Back,Unforgettable,goosebumps,SICKO MODE,Shape of You,Bohemian Rhapsody - Remastered 2011,Can't Hold Us feat. Ray Dalton,zstd,pinknoise,20
Lose Yourself,Lose Yourself,Counting Stars,Thunder,Can't Hold Us feat. Ray Dalton,Choke,Unforgettable,Havana feat. Young Thug,goosebumps,Starboy,Treat You Better,zstd,pinknoise,20
In the End,In the End,Mr. Brightside,Bohemian Rhapsody - Remastered 2011,Smells Like Teen Spirit,Havana feat. Young Thug,INDUSTRY BABY feat. Jack Harlow,Choke,SICKO MODE,Treat You Better,Can't Hold Us feat. Ray Dalton,zstd,pinknoise,20
LOOP feat,LOOP feat. Lil Cherry,Havana feat. Young Thug,Bohemian Rhapsody - Remastered 2011,Counting Stars,Can't Hold Us feat. Ray Dalton,Do I Wanna Know?,Man On the Moon,Treat You Better,Too Good At Goodbyes,Every Breath You Take,zstd,pinknoise,20
Sunflower - Spider-Man Into the Spider-Verse,Sunflower - Spider-Man: Into the Spider-Verse,Can't Hold Us feat. Ray Dalton,There's Nothing Holdin' Me Back,Havana feat. Young Thug,Thinking out Loud,goosebumps,Don't Start Now,Wake Me Up - Radio Edit,New Rules,XO Tour Llif3,zstd,pinknoise,20
Just the Way You Are,Just the Way You Are,Havana feat. Young Thug,Bohemian Rhapsody - Remastered 2011,Too Good At Goodbyes,Happier,Can't Hold Us feat. Ray Dalton,Watermelon Sugar,Say You Won't Let Go,God's Plan,Do I Wanna Know?,zstd,pinknoise,20
Señorita,Señorita,Havana feat. Young Thug,Circles,Flowers,There's Nothing Holdin' Me Back,Bohemian Rhapsody - Remastered 2011,Take Me To Church,Can't Hold Us feat. Ray Dalton,Watermelon Sugar,Let Her Go,zstd,pinknoise,20
HUMBLE,HUMBLE.,XO Tour Llif3,Thunder,goosebumps,Havana feat. Young Thug,SICKO MODE,Choke,That's What I Like,Can't Hold Us feat. Ray Dalton,No Role Modelz,zstd,pinknoise,20
Happier,Happier,Havana feat. Young Thug,Can't Hold Us feat. Ray Dalton,Bohemian Rhapsody - Remastered 2011,God's Plan,Watermelon Sugar,Too Good At Goodbyes,The Hills,Just the Way You Are,Demons,zstd,pinknoise,20
Choke,Choke,Havana feat. Young Thug,Unforgettable,Closer,Bohemian Rhapsody - Remastered 2011,That's What I Like,Believer,INDUSTRY BABY feat. Jack Harlow,Counting Stars,Can't Hold Us feat. Ray Dalton,zstd,pinknoise,20
Another Love,Another Love,Can't Hold Us feat. Ray Dalton,Stressed Out,Walk On Water,goosebumps,Without Me,Don't Start Now,Take Me To Church,Señorita,Centipede,zstd,pinknoise,20
Lucid Dreams,Lucid Dreams,Unforgettable,Counting Stars,XO Tour Llif3,SICKO MODE,goosebumps,Havana feat. Young Thug,Can't Hold Us feat. Ray Dalton,There's Nothing Holdin' Me Back,Die For You,zstd,pinknoise,20
No Signal,No Signal,I Wanna Be Yours,Havana feat. Young Thug,Too Good At Goodbyes,Bohemian Rhapsody - Remastered 2011,Man On the Moon,Sorry,Do I Wanna Know?,Sweater Weather,New Rules,zstd,pinknoise,20
Believer,Believer,No Role Modelz,Havana feat. Young Thug,Can't Hold Us feat. Ray Dalton,Sweater Weather,That's What I Like,Do I Wanna Know?,Bohemian Rhapsody - Remastered 2011,Lose Yourself,SICKO MODE,zstd,pinknoise,20
Cuidado,Cuidado,Havana feat. Young Thug,The Hills,Bohemian Rhapsody - Remastered 2011,Demons,Do I Wanna Know?,Sorry,I Wanna Be Yours,Too Good At Goodbyes,Happier,zstd,pinknoise,20
Flowers,Flowers,Señorita,Thunder,Circles,Stressed Out,goosebumps,Bohemian Rhapsody - Remastered 2011,Don't Start Now,Havana feat. Young Thug,Can't Hold Us feat. Ray Dalton,zstd,pinknoise,20
Shape of You,Shape of You,Die For You,Counting Stars,My Goodbye,Photograph,Havana feat. Young Thug,Something Just Like This,Unforgettable,Thinking out Loud,There's Nothing Holdin' Me Back,zstd,pinknoise,20
In the Morning,In the Morning,All of Me,Someone You Loved,Bohemian Rhapsody - Remastered 2011,Havana feat. Young Thug,Viva La Vida,God's Plan,Without Me with Juice WRLD,Demons,Unforgettable,zstd,pinknoise,20
INDUSTRY BABY feat,INDUSTRY BABY feat. Jack Harlow,Choke,SICKO MODE,That's What I Like,Havana feat. Young Thug,Sorry,Bohemian Rhapsody - Remastered 2011,Can't Hold Us feat. Ray Dalton,Unforgettable,In the End,zstd,pinknoise,20
Viva La Vida,Viva La Vida,XO Tour Llif3,Havana feat. Young Thug,SICKO MODE,God's Plan,goosebumps,Can't Hold Us feat. Ray Dalton,Unforgettable,No Role Modelz,Bohemian Rhapsody - Remastered 2011,zstd,pinknoise,20
Stay With Me,Stay With Me,Havana feat. Young Thug,New Rules,Can't Hold Us feat. Ray Dalton,Circles,Too Good At Goodbyes,Starboy,goosebumps,Bohemian Rhapsody - Remastered 2011,Thunder,zstd,pinknoise,20
Heat Waves,Heat Waves,My Goodbye,Counting Stars,Unforgettable,Havana feat. Young Thug,Can't Hold Us feat. Ray Dalton,Bohemian Rhapsody - Remastered 2011,Die For You,Believer,Shape of You,zstd,pinknoise,20
Someone You Loved,Someone You Loved,Bohemian Rhapsody - Remastered 2011,Havana feat. Young Thug,Viva La Vida,SICKO MODE,Say You Won't Let Go,INDUSTRY BABY feat. Jack Harlow,Treat You Better,One Dance,Unforgettable,zstd,pinknoise,20
Lean On feat,Lean On feat. MØ & DJ Snake,Can't Hold Us feat. Ray Dalton,Havana feat. Young Thug,Sorry,Choke,Bohemian Rhapsody - Remastered 2011,No Role Modelz,goosebumps,SICKO MODE,Smells Like Teen Spirit,zstd,pinknoise,20
Something Just Like This,Something Just Like This,Can't Hold Us feat. Ray Dalton,New Rules,Don't Start Now,Havana feat. Young Thug,Starboy,Counting Stars,One Kiss with Dua Lipa,There's Nothing Holdin' Me Back,Coconut Water,zstd,pinknoise,20
Cruel Summer,Cruel Summer,Can't Hold Us feat. Ray Dalton,Counting Stars,Thinking out Loud,Walk On Water,Havana feat. Young Thug,Wake Me Up - Radio Edit,Stressed Out,Bohemian Rhapsody - Remastered 2011,New Rules,zstd,pinknoise,20
Treat You Better,Treat You Better,Mr. Brightside,Viva La Vida,Unforgettable,Without Me,Counting Stars,bad guy,Smells Like Teen Spirit,Bohemian Rhapsody - Remastered 2011,Every Breath You Take,zstd,pinknoise,20
Closer,Closer,Bohemian Rhapsody - Remastered 2011,Havana feat. Young Thug,Choke,No Role Modelz,Viva La Vida,SICKO MODE,Without Me with Juice WRLD,Can't Hold Us feat. Ray Dalton,Unforgettable,zstd,pinknoise,20
goosebumps,goosebumps,New Rules,Can't Hold Us feat. Ray Dalton,Thunder,XO Tour Llif3,Havana feat. Young Thug,Señorita,Counting Stars,Don't Start Now,Circles,zstd,pinknoise,20
Sweater Weather,Sweater Weather,Havana feat. Young Thug,Do I Wanna Know?,Bohemian Rhapsody - Remastered 2011,Believer,Say You Won't Let Go,Can't Hold Us feat. Ray Dalton,bad guy,New Rules,SICKO MODE,zstd,pinknoise,20
The Hills,The Hills,Bohemian Rhapsody - Remastered 2011,Can't Hold Us feat. Ray Dalton,Lean On feat. MØ & DJ Snake,Sorry,Havana feat. Young Thug,Demons,I Wanna Be Yours,INDUSTRY BABY feat. Jack Harlow,SICKO MODE,zstd,pinknoise,20
Let Me Love You,Let Me Love You,Smells Like Teen Spirit,Bohemian Rhapsody - Remastered 2011,I Wanna Be Yours,Choke,Havana feat. Young Thug,Do I Wanna Know?,Can't Hold Us feat. Ray Dalton,Man On the Moon,bad guy,zstd,pinknoise,20
The Night We Met,The Night We Met,Lucid Dreams,Shape of You,Havana feat. Young Thug,Thinking out Loud,Can't Hold Us feat. Ray Dalton,7 rings,There's Nothing Holdin' Me Back,Die For You,Counting Stars,zstd,pinknoise,20
My Goodbye,My Goodbye,Die For You,Can't Hold Us feat. Ray Dalton,Counting Stars,Havana feat. Young Thug,That's What I Like,Shape of You,Unforgettable,There's Nothing Holdin' Me Back,Bohemian Rhapsody - Remastered 2011,zstd,pinknoise,20
Die For You,Die For You,Can't Hold Us feat. Ray Dalton,Counting Stars,My Goodbye,XO Tour Llif3,Shape of You,That's What I Like,Without Me with Juice WRLD,Havana feat. Young Thug,Something Just Like This,zstd,pinknoise,20
Shallow,Shallow,Can't Hold Us feat. Ray Dalton,Walk On Water,Thinking out Loud,Bohemian Rhapsody - Remastered 2011,Don't Start Now,Smells Like Teen Spirit,Counting Stars,Havana feat. Young Thug,goosebumps,zstd,pinknoise,20
rockstar,rockstar,Choke,Sorry,Can't Hold Us feat. Ray Dalton,Thunder,goosebumps,Lose Yourself,Havana feat. Young Thug,New Rules,Lean On feat. MØ & DJ Snake,zstd,pinknoise,20
I Wanna Be Yours,I Wanna Be Yours,Havana feat. Young Thug,Bohemian Rhapsody - Remastered 2011,Do I Wanna Know?,SICKO MODE,Demons,Can't Hold Us feat. Ray Dalton,Too Good At Goodbyes,Say You Won't Let Go,INDUSTRY BABY feat. Jack Harlow,zstd,pinknoise,20
Say You Won't Let Go,Say You Won't Let Go,Bohemian Rhapsody - Remastered 2011,Havana feat. Young Thug,Do I Wanna Know?,Too Good At Goodbyes,SICKO MODE,Happier,Lose Yourself,Man On the Moon,Viva La Vida,zstd,pinknoise,20
New Rules,New Rules,XO Tour Llif3,Can't Hold Us feat. Ray Dalton,goosebumps,Havana feat. Young Thug,Thunder,Circles,Starboy,SICKO MODE,Counting Stars,zstd,pinknoise,20
XO Tour Llif3,XO Tour Llif3,Choke,Can't Hold Us feat. Ray Dalton,Something Just Like This,Counting Stars,Die For You,goosebumps,Don't Start Now,Havana feat. Young Thug,New Rules,zstd,pinknoise,20
Havana feat,Havana feat. Young Thug,XO Tour Llif3,God's Plan,SICKO MODE,Can't Hold Us feat. Ray Dalton,Bohemian Rhapsody - Remastered 2011,There's Nothing Holdin' Me Back,goosebumps,No Role Modelz,That's What I Like,zstd,pinknoise,20
Sparkling Moments,Sparkling Moments,Circles,New Rules,Havana feat. Young Thug,Can't Hold Us feat. Ray Dalton,goosebumps,Señorita,SICKO MODE,Bohemian Rhapsody - Remastered 2011,Thunder,zstd,pinknoise,20
