Wake Me Up - Radio Edit,Wake Me Up - Radio Edit,Can't Hold Us feat. Ray Dalton,God's Plan,Havana feat. Young Thug,Shape of You,Love Yourself,Sunflower - Spider-Man: Into the Spider-Verse,Demons,Take Me To Church,Thinking out Loud,gzip,raw,5
Do I Wanna Know,Do I Wanna Know?,Lean On feat. MØ & DJ Snake,Say You Won't Let Go,Can't Hold Us feat. Ray Dalton,Havana feat. Young Thug,I Wanna Be Yours,HUMBLE.,Shine On,Sweater Weather,When I Was Your Man,gzip,raw,5
No Role Modelz,No Role Modelz,HUMBLE.,God's Plan,bad guy,STAY with Justin Bieber,Havana feat. Young Thug,When I Was Your Man,Can't Hold Us feat. Ray Dalton,Do I Wanna Know?,That's What I Like,gzip,raw,5
That's What I Like,That's What I Like,HUMBLE.,VICIOUS CYCLE,No Signal,Choke,I Wanna Be Yours,STAY with Justin Bieber,One Dance,Believer,Cuidado,gzip,raw,5
lovely with Khalid,lovely with Khalid,Can't Hold Us feat. Ray Dalton,Sunflower - Spider-Man: Into the Spider-Verse,God's Plan,Don't Start Now,Watermelon Sugar,Another Love,Havana feat. Young Thug,Take Me To Church,Señorita,gzip,raw,5
goosebumps,goosebumps,Don't Start Now,Can't Hold Us feat. Ray Dalton,VICIOUS CYCLE,Coconut Water,Señorita,New Rules,HUMBLE.,Thunder,Circles,gzip,raw,5
In the Morning,In the Morning,Havana feat. Young Thug,One Dance,All of Me,God's Plan,Say You Won't Let Go,Someone You Loved,Bohemian Rhapsody - Remastered 2011,Believer,Every Breath You Take,gzip,raw,5
Without Me,Without Me,Choke,bad guy,Coconut Water,Sunflower - Spider-Man: Into the Spider-Verse,Man On the Moon,Centipede,Thunder,LOOP feat. Lil Cherry,Don't Start Now,gzip,raw,5
Sweater Weather,Sweater Weather,Havana feat. Young Thug,Say You Won't Let Go,Do I Wanna Know?,Shine On,HUMBLE.,Can't Hold Us feat. Ray Dalton,God's Plan,Bohemian Rhapsody - Remastered 2011,Treat You Better,gzip,raw,5
Say You Won't Let Go,Say You Won't Let Go,Can't Hold Us feat. Ray Dalton,God's Plan,I Wanna Be Yours,Bohemian Rhapsody - Remastered 2011,Too Good At Goodbyes,Havana feat. Young Thug,Sweater Weather,Sorry,One Kiss with Dua Lipa,gzip,raw,5
Starboy,Starboy,Something Just Like This,Flowers,Can't Hold Us feat. Ray Dalton,bad guy,Sparkling Moments,New Rules,There's Nothing Holdin' Me Back,Walk On Water,Circles,gzip,raw,5
bad guy,bad guy,Without Me,Can't Hold Us feat. Ray Dalton,Señorita,Stay With Me,Walk On Water,Circles,Thunder,Flowers,Stressed Out,gzip,raw,5
Walk On Water,Walk On Water,Too Good At Goodbyes,Señorita,Can't Hold Us feat. Ray Dalton,Smells Like Teen Spirit,Thunder,Man On the Moon,Stressed Out,Take Me To Church,Havana feat. Young Thug,gzip,raw,5
Counting Stars,Counting Stars,Flowers,Don't Start Now,Señorita,Thunder,Can't Hold Us feat. Ray Dalton,My Goodbye,goosebumps,Havana feat. Young Thug,In the End,gzip,raw,5
Cruel Summer,Cruel Summer,Flowers,Can't Hold Us feat. Ray Dalton,As It Was,Walk On Water,Thinking out Loud,HUMBLE.,Centipede,God's Plan,My Goodbye,gzip,raw,5
Stressed Out,Stressed Out,Can't Hold Us feat. Ray Dalton,Take Me To Church,Another Love,As It Was,goosebumps,Walk On Water,God's Plan,Señorita,Counting Stars,gzip,raw,5
Riptide,Riptide,That's What I Like,Havana feat. Young Thug,God's Plan,Can't Hold Us feat. Ray Dalton,Shape of You,Treat You Better,One Dance,Bohemian Rhapsody - Remastered 2011,LOOP feat. Lil Cherry,gzip,raw,5
Viva La Vida,Viva La Vida,Can't Hold Us feat. Ray Dalton,God's Plan,I Wanna Be Yours,Mr. Brightside,Too Good At Goodbyes,Havana feat. Young Thug,Demons,Treat You Better,Bohemian Rhapsody - Remastered 2011,gzip,raw,5
Jocelyn Flores,Jocelyn Flores,Shine On,Havana feat. Young Thug,When I Was Your Man,God's Plan,INDUSTRY BABY feat. Jack Harlow,Bohemian Rhapsody - Remastered 2011,There's Nothing Holdin' Me Back,bad guy,Say You Won't Let Go,gzip,raw,5
Smells Like Teen Spirit,Smells Like Teen Spirit,Mr. Brightside,Can't Hold Us feat. Ray Dalton,God's Plan,In the End,Choke,Counting Stars,Treat You Better,Havana feat. Young Thug,Viva La Vida,gzip,raw,5
All of Me,All of Me,God's Plan,Can't Hold Us feat. Ray Dalton,Havana feat. Young Thug,The Hills,Demons,Viva La Vida,Bohemian Rhapsody - Remastered 2011,When I Was Your Man,INDUSTRY BABY feat. Jack Harlow,gzip,raw,5
Something Just Like This,rockstar,Stay With Me,Photograph,Sparkling Moments,Flowers,bad guy,Circles,Thunder,Something Just Like This,Señorita,gzip,raw,5
Unforgettable,Unforgettable,Choke,Lele,God's Plan,HUMBLE.,That's What I Like,My Goodbye,Closer,Die For You,Counting Stars,gzip,raw,5
One Dance,One Dance,All of Me,Havana feat. Young Thug,God's Plan,Someone You Loved,Can't Hold Us feat. Ray Dalton,That's What I Like,When I Was Your Man,7 rings,STAY with Justin Bieber,gzip,raw,5
Thunder,Thunder,HUMBLE.,Can't Hold Us feat. Ray Dalton,Señorita,God's Plan,Circles,Demons,bad guy,Flowers,Havana feat. Young Thug,gzip,raw,5
Sparkling Moments,Sparkling Moments,New Rules,Thunder,Circles,Can't Hold Us feat. Ray Dalton,Señorita,goosebumps,Havana feat. Young Thug,God's Plan,There's Nothing Holdin' Me Back,gzip,raw,5
Centipede,Centipede,Señorita,Don't Start Now,Can't Hold Us feat. Ray Dalton,Sunflower - Spider-Man: Into the Spider-Verse,Walk On Water,goosebumps,Circles,Flowers,Cruel Summer,gzip,raw,5
Someone You Loved,Someone You Loved,INDUSTRY BABY feat. Jack Harlow,Shine On,Viva La Vida,Havana feat. Young Thug,Closer,God's Plan,Say You Won't Let Go,Too Good At Goodbyes,Can't Hold Us feat. Ray Dalton,gzip,raw,5
Closer,Closer,Viva La Vida,Lele,Bohemian Rhapsody - Remastered 2011,Havana feat. Young Thug,God's Plan,Can't Hold Us feat. Ray Dalton,In the Morning,Man On the Moon,All of Me,gzip,raw,5
Choke,Choke,In the End,Mr. Brightside,Smells Like Teen Spirit,Shine On,Can't Hold Us feat. Ray Dalton,Sweater Weather,No Role Modelz,Havana feat. Young Thug,God's Plan,gzip,raw,5
Lean On feat,Lean On feat. MØ & DJ Snake,Coconut Water,Choke,Thunder,Circles,Without Me,Smells Like Teen Spirit,Flowers,Starboy,SAD!,gzip,raw,5
Don't Start Now,Don't Start Now,Can't Hold Us feat. Ray Dalton,Flowers,Sunflower - Spider-Man: Into the Spider-Verse,God's Plan,New Rules,Counting Stars,There's Nothing Holdin' Me Back,Señorita,Thinking out Loud,gzip,raw,5
Believer,Believer,Can't Hold Us feat. Ray Dalton,Choke,HUMBLE.,That's What I Like,Stay With Me,Sweater Weather,Mr. Brightside,Bohemian Rhapsody - Remastered 2011,Flowers,gzip,raw,5
Happier,VICIOUS CYCLE,Happier,Can't Hold Us feat. Ray Dalton,I Wanna Be Yours,God's Plan,The Hills,One Kiss with Dua Lipa,Too Good At Goodbyes,Bohemian Rhapsody - Remastered 2011,New Rules,gzip,raw,5
INDUSTRY BABY feat,INDUSTRY BABY feat. Jack Harlow,Choke,Lean On feat. MØ & DJ Snake,HUMBLE.,VICIOUS CYCLE,Lele,That's What I Like,Cuidado,Man On the Moon,In the End,gzip,raw,5
In the End,In the End,Mr. Brightside,God's Plan,Can't Hold Us feat. Ray Dalton,Choke,That's What I Like,Bohemian Rhapsody - Remastered 2011,INDUSTRY BABY feat. Jack Harlow,Havana feat. Young Thug,Smells Like Teen Spirit,gzip,raw,5
The Night We Met,The Night We Met,Havana feat. Young Thug,Can't Hold Us feat. Ray Dalton,Cruel Summer,7 rings,God's Plan,Thinking out Loud,Lucid Dreams,Counting Stars,Shape of You,gzip,raw,5
Another Love,Another Love,Love Yourself,Havana feat. Young Thug,Can't Hold Us feat. Ray Dalton,God's Plan,Counting Stars,Shape of You,Take Me To Church,There's Nothing Holdin' Me Back,When I Was Your Man,gzip,raw,5
Lose Yourself,Lose Yourself,VICIOUS CYCLE,rockstar,Choke,Don't Start Now,Circles,Thunder,Stay With Me,Flowers,Coconut Water,gzip,raw,5
Stay With Me,Stay With Me,VICIOUS CYCLE,When I Was Your Man,Too Good At Goodbyes,Stressed Out,Can't Hold Us feat. Ray Dalton,Havana feat. Young Thug,God's Plan,Shine On,Bohemian Rhapsody - Remastered 2011,gzip,raw,5
SAD!,SAD!,Stressed Out,Shine On,Too Good At Goodbyes,Can't Hold Us feat. Ray Dalton,Flowers,Do I Wanna Know?,Thunder,Circles,Havana feat. Young Thug,gzip,raw,5
Lele,Lele,Choke,In the End,Shine On,Counting Stars,Can't Hold Us feat. Ray Dalton,Heat Waves,Unforgettable,Treat You Better,INDUSTRY BABY feat. Jack Harlow,gzip,raw,5
Without Me with Juice WRLD,Without Me with Juice WRLD,Choke,VICIOUS CYCLE,7 rings,Die For You,Unforgettable,My Goodbye,Lucid Dreams,STAY with Justin Bieber,Counting Stars,gzip,raw,5
When I Was Your Man,When I Was Your Man,Can't Hold Us feat. Ray Dalton,God's Plan,Havana feat. Young Thug,Happier,Watermelon Sugar,Take Me To Church,Another Love,All of Me,Bohemian Rhapsody - Remastered 2011,gzip,raw,5
Shallow,Coconut Water,Don't Start Now,Centipede,Can't Hold Us feat. Ray Dalton,Take Me To Church,Thinking out Loud,Thunder,bad guy,New Rules,Watermelon Sugar,gzip,raw,5
Too Good At Goodbyes,Too Good At Goodbyes,VICIOUS CYCLE,God's Plan,Can't Hold Us feat. Ray Dalton,When I Was Your Man,Happier,Havana feat. Young Thug,Watermelon Sugar,Just the Way You Are,Bohemian Rhapsody - Remastered 2011,gzip,raw,5
Watermelon Sugar,Watermelon Sugar,God's Plan,HUMBLE.,Can't Hold Us feat. Ray Dalton,Havana feat. Young Thug,Say You Won't Let Go,Counting Stars,Do I Wanna Know?,Bohemian Rhapsody - Remastered 2011,Too Good At Goodbyes,gzip,raw,5
LOOP feat,LOOP feat. Lil Cherry,Without Me,Every Breath You Take,Thunder,Smells Like Teen Spirit,Shine On,bad guy,That's What I Like,Flowers,Mr. Brightside,gzip,raw,5
Yellow,Yellow,God's Plan,Can't Hold Us feat. Ray Dalton,Havana feat. Young Thug,Counting Stars,Bohemian Rhapsody - Remastered 2011,Shape of You,Die For You,My Goodbye,HUMBLE.,gzip,raw,5
Ether,Ether,Can't Hold Us feat. Ray Dalton,Die For You,My Goodbye,Heat Waves,As It Was,Unforgettable,God's Plan,Shape of You,Lucid Dreams,gzip,raw,5
God's Plan,God's Plan,HUMBLE.,Can't Hold Us feat. Ray Dalton,Havana feat. Young Thug,Jocelyn Flores,That's What I Like,bad guy,Demons,When I Was Your Man,Bohemian Rhapsody - Remastered 2011,gzip,raw,5
Thinking out Loud,Thinking out Loud,HUMBLE.,Can't Hold Us feat. Ray Dalton,Havana feat. Young Thug,Don't Start Now,God's Plan,Watermelon Sugar,Sunflower - Spider-Man: Into the Spider-Verse,One Kiss with Dua Lipa,Counting Stars,gzip,raw,5
Mr,Mr. Brightside,In the End,Can't Hold Us feat. Ray Dalton,God's Plan,INDUSTRY BABY feat. Jack Harlow,Treat You Better,Havana feat. Young Thug,No Role Modelz,Bohemian Rhapsody - Remastered 2011,Smells Like Teen Spirit,gzip,raw,5
Cuidado,Cuidado,No Signal,I Wanna Be Yours,Man On the Moon,Can't Hold Us feat. Ray Dalton,Sorry,Do I Wanna Know?,Too Good At Goodbyes,Stay With Me,Sweater Weather,gzip,raw,5
My Goodbye,My Goodbye,Can't Hold Us feat. Ray Dalton,Counting Stars,Shape of You,Havana feat. Young Thug,Something Just Like This,Photograph,Thinking out Loud,Stay With Me,HUMBLE.,gzip,raw,5
No Signal,No Signal,rockstar,VICIOUS CYCLE,Without Me,bad guy,Señorita,Shine On,Choke,Man On the Moon,Stressed Out,gzip,raw,5
Every Breath You Take,Every Breath You Take,Can't Hold Us feat. Ray Dalton,Stressed Out,Viva La Vida,Treat You Better,Havana feat. Young Thug,Counting Stars,Photograph,Flowers,Bohemian Rhapsody - Remastered 2011,gzip,raw,5
VICIOUS CYCLE,VICIOUS CYCLE,God's Plan,Can't Hold Us feat. Ray Dalton,Havana feat. Young Thug,Happier,SICKO MODE,When I Was Your Man,The Hills,Too Good At Goodbyes,New Rules,gzip,raw,5
Lucid Dreams,Lucid Dreams,Havana feat. Young Thug,Can't Hold Us feat. Ray Dalton,Thinking out Loud,Bohemian Rhapsody - Remastered 2011,God's Plan,There's Nothing Holdin' Me Back,As It Was,Shape of You,Die For You,gzip,raw,5
Sorry,Sorry,The Hills,Say You Won't Let Go,God's Plan,I Wanna Be Yours,Can't Hold Us feat. Ray Dalton,Bohemian Rhapsody - Remastered 2011,Havana feat. Young Thug,Demons,Sweater Weather,gzip,raw,5
Coconut Water,Coconut Water,Circles,Señorita,Can't Hold Us feat. Ray Dalton,New Rules,VICIOUS CYCLE,Thunder,Stay With Me,Stressed Out,Happier,gzip,raw,5
Love Yourself,Love Yourself,Shape of You,Can't Hold Us feat. Ray Dalton,Havana feat. Young Thug,My Goodbye,Counting Stars,God's Plan,7 rings,Die For You,When I Was Your Man,gzip,raw,5
Treat You Better,Treat You Better,Mr. Brightside,Shine On,STAY with Justin Bieber,Viva La Vida,Can't Hold Us feat. Ray Dalton,Every Breath You Take,Cruel Summer,Choke,God's Plan,gzip,raw,5
Bohemian Rhapsody - Remastered 2011,Shine On,Mr. Brightside,Can't Hold Us feat. Ray Dalton,Havana feat. Young Thug,Treat You Better,Flowers,In the End,Do I Wanna Know?,Unforgettable,Counting Stars,gzip,raw,5
HUMBLE,HUMBLE.,VICIOUS CYCLE,rockstar,Choke,bad guy,Thunder,goosebumps,STAY with Justin Bieber,One Dance,Circles,gzip,raw,5
Die For You,Die For You,Choke,Can't Hold Us feat. Ray Dalton,That's What I Like,Without Me with Juice WRLD,My Goodbye,In the End,Shape of You,Don't Start Now,God's Plan,gzip,raw,5
One Kiss with Dua Lipa,One Kiss with Dua Lipa,Stressed Out,Coconut Water,New Rules,Señorita,Thunder,Stay With Me,Can't Hold Us feat. Ray Dalton,Circles,Choke,gzip,raw,5
Man On the Moon,Man On the Moon,Too Good At Goodbyes,Havana feat. Young Thug,Can't Hold Us feat. Ray Dalton,I Wanna Be Yours,God's Plan,Bohemian Rhapsody - Remastered 2011,SAD!,Do I Wanna Know?,Lean On feat. MØ & DJ Snake,gzip,raw,5
The Hills,The Hills,Lean On feat. MØ & DJ Snake,rockstar,Sorry,Choke,Thunder,Let Me Love You,In the End,bad guy,Señorita,gzip,raw,5
Shape of You,Shape of You,Can't Hold Us feat. Ray Dalton,7 rings,God's Plan,Love Yourself,Die For You,Havana feat. Young Thug,My Goodbye,Counting Stars,Lucid Dreams,gzip,raw,5
XO Tour Llif3,XO Tour Llif3,God's Plan,Can't Hold Us feat. Ray Dalton,Havana feat. Young Thug,HUMBLE.,Bohemian Rhapsody - Remastered 2011,Demons,When I Was Your Man,Love Yourself,Thinking out Loud,gzip,raw,5
Take Me To Church,Take Me To Church,Can't Hold Us feat. Ray Dalton,My Goodbye,God's Plan,goosebumps,Havana feat. Young Thug,Another Love,Thinking out Loud,Counting Stars,There's Nothing Holdin' Me Back,gzip,raw,5
New Rules,New Rules,Can't Hold Us feat. Ray Dalton,Señorita,Stressed Out,Watermelon Sugar,HUMBLE.,God's Plan,Walk On Water,VICIOUS CYCLE,Take Me To Church,gzip,raw,5
Let Me Love You,Let Me Love You,Shine On,No Signal,Man On the Moon,SAD!,I Wanna Be Yours,Sweater Weather,Señorita,Stay With Me,Flowers,gzip,raw,5
Heat Waves,Heat Waves,Cruel Summer,As It Was,bad guy,Every Breath You Take,Can't Hold Us feat. Ray Dalton,Counting Stars,Mr. Brightside,In the End,My Goodbye,gzip,raw,5
I Wanna Be Yours,I Wanna Be Yours,Cuidado,Sorry,Can't Hold Us feat. Ray Dalton,The Hills,God's Plan,Man On the Moon,HUMBLE.,No Signal,Do I Wanna Know?,gzip,raw,5
Circles,Circles,Havana feat. Young Thug,Can't Hold Us feat. Ray Dalton,Stay With Me,Thunder,Flowers,God's Plan,Man On the Moon,Señorita,Stressed Out,gzip,raw,5
7 rings,7 rings,That's What I Like,God's Plan,Can't Hold Us feat. Ray Dalton,My Goodbye,Shape of You,Die For You,Havana feat. Young Thug,As It Was,Lucid Dreams,gzip,raw,5
Just the Way You Are,Just the Way You Are,In the End,Lean On feat. MØ & DJ Snake,No Role Modelz,I Wanna Be Yours,Can't Hold Us feat. Ray Dalton,God's Plan,Bohemian Rhapsody - Remastered 2011,Havana feat. Young Thug,Happier,gzip,raw,5
Flowers,Flowers,Señorita,Circles,Thunder,Stay With Me,Can't Hold Us feat. Ray Dalton,Walk On Water,Stressed Out,HUMBLE.,goosebumps,gzip,raw,5
Photograph,Photograph,Love Yourself,My Goodbye,Shine On,Counting Stars,Havana feat. Young Thug,Heat Waves,Die For You,Lele,Unforgettable,gzip,raw,5
STAY with Justin Bieber,STAY with Justin Bieber,Mr. Brightside,Viva La Vida,My Goodbye,God's Plan,Shape of You,That's What I Like,Closer,Havana feat. Young Thug,Counting Stars,gzip,raw,5
Let Her Go,Let Her Go,Señorita,Centipede,Shine On,Circles,Watermelon Sugar,Don't Start Now,Flowers,Stay With Me,Thunder,gzip,raw,5
rockstar,Starboy,rockstar,VICIOUS CYCLE,HUMBLE.,Sparkling Moments,Choke,One Dance,Thunder,Lean On feat. MØ & DJ Snake,bad guy,gzip,raw,5
Shine On,Shine On,God's Plan,INDUSTRY BABY feat. Jack Harlow,Havana feat. Young Thug,Can't Hold Us feat. Ray Dalton,Choke,In the End,No Role Modelz,Say You Won't Let Go,Do I Wanna Know?,gzip,raw,5
As It Was,As It Was,Can't Hold Us feat. Ray Dalton,God's Plan,Centipede,Die For You,My Goodbye,Don't Start Now,Havana feat. Young Thug,Another Love,Counting Stars,gzip,raw,5
There's Nothing Holdin' Me Back,There's Nothing Holdin' Me Back,Shine On,Counting Stars,Can't Hold Us feat. Ray Dalton,bad guy,Treat You Better,Cruel Summer,God's Plan,Havana feat. Young Thug,One Kiss with Dua Lipa,gzip,raw,5
Can't Hold Us feat,Starboy,Lucid Dreams,HUMBLE.,VICIOUS CYCLE,No Signal,rockstar,Jocelyn Flores,LOOP feat. Lil Cherry,One Dance,Sunflower - Spider-Man: Into the Spider-Verse,gzip,raw,5
Demons,Demons,INDUSTRY BABY feat. Jack Harlow,God's Plan,I Wanna Be Yours,Viva La Vida,Bohemian Rhapsody - Remastered 2011,Havana feat. Young Thug,Can't Hold Us feat. Ray Dalton,In the End,Choke,gzip,raw,5
Señorita,Señorita,Can't Hold Us feat. Ray Dalton,Flowers,Circles,Watermelon Sugar,Sunflower - Spider-Man: Into the Spider-Verse,When I Was Your Man,Happier,Take Me To Church,Havana feat. Young Thug,gzip,raw,5
Sunflower - Spider-Man Into the Spider-Verse,Sunflower - Spider-Man: Into the Spider-Verse,Can't Hold Us feat. Ray Dalton,God's Plan,Havana feat. Young Thug,XO Tour Llif3,Another Love,Thinking out Loud,Don't Start Now,When I Was Your Man,Happier,gzip,raw,5
SICKO MODE,Can't Hold Us feat. Ray Dalton,God's Plan,VICIOUS CYCLE,Havana feat. Young Thug,SICKO MODE,Happier,HUMBLE.,Riptide,Bohemian Rhapsody - Remastered 2011,INDUSTRY BABY feat. Jack Harlow,gzip,raw,5
Havana feat,Happier,God's Plan,Havana feat. Young Thug,Can't Hold Us feat. Ray Dalton,Say You Won't Let Go,The Hills,When I Was Your Man,All of Me,Just the Way You Are,Bohemian Rhapsody - Remastered 2011,gzip,raw,5
