Wake Me Up - Radio Edit,Wake Me Up - Radio Edit,INDUSTRY BABY feat. Jack Harlow,XO Tour Llif3,HUMBLE.,Shape of You,One Kiss with Dua Lipa,God's Plan,Just the Way You Are,My Goodbye,There's Nothing Holdin' Me Back,bzip2,raw,5
Do I Wanna Know,Do I Wanna Know?,One Kiss with Dua Lipa,Sweater Weather,Cuidado,Lose Yourself,SICKO MODE,Say You Won't Let Go,INDUSTRY BABY feat. Jack Harlow,Don't Start Now,Believer,bzip2,raw,5
No Role Modelz,No Role Modelz,HUMBLE.,LOOP feat. Lil Cherry,That's What I Like,Jocelyn Flores,bad guy,When I Was Your Man,STAY with Justin Bieber,INDUSTRY BABY feat. Jack Harlow,Believer,bzip2,raw,5
That's What I Like,That's What I Like,No Signal,One Kiss with Dua Lipa,Do I Wanna Know?,INDUSTRY BABY feat. Jack Harlow,Sorry,Choke,I Wanna Be Yours,Just the Way You Are,No Role Modelz,bzip2,raw,5
lovely with Khalid,lovely with Khalid,One Kiss with Dua Lipa,Another Love,New Rules,SICKO MODE,Watermelon Sugar,Can't Hold Us feat. Ray Dalton,bad guy,There's Nothing Holdin' Me Back,Coconut Water,bzip2,raw,5
goosebumps,goosebumps,New Rules,Shine On,Coconut Water,SICKO MODE,One Kiss with Dua Lipa,Thunder,Don't Start Now,Choke,INDUSTRY BABY feat. Jack Harlow,bzip2,raw,5
In the Morning,In the Morning,INDUSTRY BABY feat. Jack Harlow,Treat You Better,Every Breath You Take,All of Me,STAY with Justin Bieber,XO Tour Llif3,Havana feat. Young Thug,One Dance,Closer,bzip2,raw,5
Without Me,Without Me,No Signal,Stressed Out,Do I Wanna Know?,New Rules,LOOP feat. Lil Cherry,Circles,INDUSTRY BABY feat. Jack Harlow,Coconut Water,Señorita,bzip2,raw,5
Sweater Weather,Sweater Weather,Bohemian Rhapsody - Remastered 2011,INDUSTRY BABY feat. Jack Harlow,One Kiss with Dua Lipa,Treat You Better,Do I Wanna Know?,Say You Won't Let Go,Too Good At Goodbyes,Man On the Moon,Lose Yourself,bzip2,raw,5
Say You Won't Let Go,Say You Won't Let Go,One Kiss with Dua Lipa,New Rules,INDUSTRY BABY feat. Jack Harlow,Do I Wanna Know?,No Signal,Watermelon Sugar,That's What I Like,Too Good At Goodbyes,Closer,bzip2,raw,5
Starboy,Starboy,New Rules,Stressed Out,One Kiss with Dua Lipa,Sweater Weather,Just the Way You Are,Watermelon Sugar,Stay With Me,Coconut Water,Another Love,bzip2,raw,5
bad guy,bad guy,Lose Yourself,God's Plan,Stressed Out,Señorita,Don't Start Now,Sweater Weather,Counting Stars,Take Me To Church,INDUSTRY BABY feat. Jack Harlow,bzip2,raw,5
Walk On Water,Walk On Water,Stressed Out,Just the Way You Are,New Rules,Viva La Vida,One Kiss with Dua Lipa,Die For You,Treat You Better,Smells Like Teen Spirit,Mr. Brightside,bzip2,raw,5
Counting Stars,Counting Stars,Don't Start Now,INDUSTRY BABY feat. Jack Harlow,In the End,Die For You,Lose Yourself,goosebumps,New Rules,Do I Wanna Know?,Choke,bzip2,raw,5
Cruel Summer,Cruel Summer,Thinking out Loud,New Rules,Stressed Out,Watermelon Sugar,Don't Start Now,Lucid Dreams,My Goodbye,XO Tour Llif3,God's Plan,bzip2,raw,5
Stressed Out,Stressed Out,One Kiss with Dua Lipa,Another Love,New Rules,INDUSTRY BABY feat. Jack Harlow,Die For You,Do I Wanna Know?,When I Was Your Man,Treat You Better,God's Plan,bzip2,raw,5
Riptide,Riptide,Treat You Better,Die For You,New Rules,Shape of You,bad guy,XO Tour Llif3,My Goodbye,INDUSTRY BABY feat. Jack Harlow,Just the Way You Are,bzip2,raw,5
Viva La Vida,Viva La Vida,Treat You Better,INDUSTRY BABY feat. Jack Harlow,Mr. Brightside,Closer,Counting Stars,STAY with Justin Bieber,Choke,Smells Like Teen Spirit,Bohemian Rhapsody - Remastered 2011,bzip2,raw,5
Jocelyn Flores,Jocelyn Flores,HUMBLE.,INDUSTRY BABY feat. Jack Harlow,Shine On,XO Tour Llif3,One Kiss with Dua Lipa,LOOP feat. Lil Cherry,bad guy,Stressed Out,Lean On feat. MØ & DJ Snake,bzip2,raw,5
Smells Like Teen Spirit,Smells Like Teen Spirit,bad guy,Treat You Better,Every Breath You Take,Sweater Weather,Mr. Brightside,Closer,Bohemian Rhapsody - Remastered 2011,INDUSTRY BABY feat. Jack Harlow,Thunder,bzip2,raw,5
All of Me,All of Me,HUMBLE.,One Kiss with Dua Lipa,That's What I Like,INDUSTRY BABY feat. Jack Harlow,No Role Modelz,STAY with Justin Bieber,Choke,Shine On,Cuidado,bzip2,raw,5
Something Just Like This,Something Just Like This,Shine On,God's Plan,Circles,Too Good At Goodbyes,Jocelyn Flores,Just the Way You Are,Do I Wanna Know?,Lose Yourself,When I Was Your Man,bzip2,raw,5
Unforgettable,Unforgettable,INDUSTRY BABY feat. Jack Harlow,Die For You,Choke,One Kiss with Dua Lipa,STAY with Justin Bieber,Shine On,Viva La Vida,That's What I Like,SICKO MODE,bzip2,raw,5
One Dance,One Dance,HUMBLE.,All of Me,STAY with Justin Bieber,That's What I Like,bad guy,INDUSTRY BABY feat. Jack Harlow,Closer,Someone You Loved,Sweater Weather,bzip2,raw,5
Thunder,Thunder,HUMBLE.,INDUSTRY BABY feat. Jack Harlow,Stressed Out,Jocelyn Flores,SICKO MODE,Shine On,Bohemian Rhapsody - Remastered 2011,bad guy,Do I Wanna Know?,bzip2,raw,5
Sparkling Moments,Sparkling Moments,Lose Yourself,One Kiss with Dua Lipa,New Rules,Stressed Out,Señorita,Circles,INDUSTRY BABY feat. Jack Harlow,Too Good At Goodbyes,Another Love,bzip2,raw,5
Centipede,Centipede,Don't Start Now,Can't Hold Us feat. Ray Dalton,Another Love,Stressed Out,Shallow,Watermelon Sugar,Too Good At Goodbyes,Coconut Water,Let Her Go,bzip2,raw,5
Someone You Loved,Someone You Loved,INDUSTRY BABY feat. Jack Harlow,Jocelyn Flores,All of Me,Shine On,Lele,Closer,No Signal,Treat You Better,Lose Yourself,bzip2,raw,5
Closer,Closer,INDUSTRY BABY feat. Jack Harlow,Lele,Viva La Vida,SICKO MODE,All of Me,Shine On,Sweater Weather,God's Plan,Bohemian Rhapsody - Remastered 2011,bzip2,raw,5
Choke,Choke,In the End,Shine On,Closer,INDUSTRY BABY feat. Jack Harlow,Mr. Brightside,Believer,STAY with Justin Bieber,Treat You Better,Sweater Weather,bzip2,raw,5
Lean On feat,Lean On feat. MØ & DJ Snake,No Signal,rockstar,One Kiss with Dua Lipa,INDUSTRY BABY feat. Jack Harlow,Circles,New Rules,Jocelyn Flores,XO Tour Llif3,Choke,bzip2,raw,5
Don't Start Now,Don't Start Now,New Rules,Watermelon Sugar,Flowers,One Kiss with Dua Lipa,XO Tour Llif3,Thinking out Loud,Shallow,There's Nothing Holdin' Me Back,Another Love,bzip2,raw,5
Believer,Believer,That's What I Like,One Kiss with Dua Lipa,bad guy,God's Plan,New Rules,Treat You Better,Choke,Die For You,STAY with Justin Bieber,bzip2,raw,5
Happier,Happier,No Signal,One Kiss with Dua Lipa,Just the Way You Are,New Rules,Circles,Stay With Me,Sorry,Too Good At Goodbyes,Do I Wanna Know?,bzip2,raw,5
INDUSTRY BABY feat,INDUSTRY BABY feat. Jack Harlow,HUMBLE.,Lean On feat. MØ & DJ Snake,Jocelyn Flores,Shine On,XO Tour Llif3,Choke,Lucid Dreams,New Rules,That's What I Like,bzip2,raw,5
In the End,In the End,Mr. Brightside,INDUSTRY BABY feat. Jack Harlow,Bohemian Rhapsody - Remastered 2011,Treat You Better,Smells Like Teen Spirit,Closer,That's What I Like,Believer,One Kiss with Dua Lipa,bzip2,raw,5
The Night We Met,The Night We Met,Lucid Dreams,One Kiss with Dua Lipa,INDUSTRY BABY feat. Jack Harlow,Counting Stars,Cruel Summer,Ether,Havana feat. Young Thug,Thinking out Loud,Circles,bzip2,raw,5
Another Love,Another Love,One Kiss with Dua Lipa,Stressed Out,Shape of You,Let Her Go,XO Tour Llif3,lovely with Khalid,INDUSTRY BABY feat. Jack Harlow,Die For You,Watermelon Sugar,bzip2,raw,5
Lose Yourself,Lose Yourself,Sweater Weather,One Kiss with Dua Lipa,Choke,INDUSTRY BABY feat. Jack Harlow,Stressed Out,Jocelyn Flores,Closer,Every Breath You Take,Die For You,bzip2,raw,5
Stay With Me,Stay With Me,Circles,Shine On,Do I Wanna Know?,Too Good At Goodbyes,Sparkling Moments,When I Was Your Man,Stressed Out,Señorita,Starboy,bzip2,raw,5
SAD!,SAD!,Stressed Out,Sweater Weather,New Rules,Watermelon Sugar,God's Plan,Say You Won't Let Go,SICKO MODE,Another Love,Thunder,bzip2,raw,5
Lele,Lele,Unforgettable,Choke,Closer,One Kiss with Dua Lipa,Lose Yourself,Do I Wanna Know?,INDUSTRY BABY feat. Jack Harlow,God's Plan,Treat You Better,bzip2,raw,5
Without Me with Juice WRLD,Without Me with Juice WRLD,That's What I Like,Die For You,Unforgettable,Choke,One Kiss with Dua Lipa,Do I Wanna Know?,XO Tour Llif3,Shine On,New Rules,bzip2,raw,5
When I Was Your Man,When I Was Your Man,One Kiss with Dua Lipa,HUMBLE.,Watermelon Sugar,New Rules,Sweater Weather,XO Tour Llif3,Circles,No Role Modelz,Another Love,bzip2,raw,5
Shallow,Shallow,One Kiss with Dua Lipa,Thinking out Loud,Watermelon Sugar,God's Plan,Another Love,Can't Hold Us feat. Ray Dalton,Too Good At Goodbyes,Coconut Water,Sweater Weather,bzip2,raw,5
Too Good At Goodbyes,Too Good At Goodbyes,Just the Way You Are,Circles,SICKO MODE,New Rules,Stressed Out,Señorita,Watermelon Sugar,Do I Wanna Know?,When I Was Your Man,bzip2,raw,5
Watermelon Sugar,Watermelon Sugar,Treat You Better,XO Tour Llif3,INDUSTRY BABY feat. Jack Harlow,Do I Wanna Know?,Sweater Weather,Shape of You,My Goodbye,LOOP feat. Lil Cherry,Lose Yourself,bzip2,raw,5
LOOP feat,LOOP feat. Lil Cherry,New Rules,STAY with Justin Bieber,Shine On,INDUSTRY BABY feat. Jack Harlow,Believer,Closer,Die For You,Señorita,Stressed Out,bzip2,raw,5
Yellow,Yellow,INDUSTRY BABY feat. Jack Harlow,God's Plan,Lose Yourself,Treat You Better,Bohemian Rhapsody - Remastered 2011,Sweater Weather,Without Me,SICKO MODE,Die For You,bzip2,raw,5
Ether,Ether,Die For You,Every Breath You Take,Unforgettable,Shape of You,INDUSTRY BABY feat. Jack Harlow,New Rules,As It Was,God's Plan,Shine On,bzip2,raw,5
God's Plan,God's Plan,HUMBLE.,Jocelyn Flores,One Kiss with Dua Lipa,That's What I Like,Don't Start Now,When I Was Your Man,INDUSTRY BABY feat. Jack Harlow,New Rules,bad guy,bzip2,raw,5
Thinking out Loud,Thinking out Loud,Don't Start Now,New Rules,One Kiss with Dua Lipa,Take Me To Church,Flowers,Too Good At Goodbyes,bad guy,Shape of You,Jocelyn Flores,bzip2,raw,5
Mr,Mr. Brightside,In the End,Treat You Better,INDUSTRY BABY feat. Jack Harlow,STAY with Justin Bieber,God's Plan,Smells Like Teen Spirit,Choke,My Goodbye,Bohemian Rhapsody - Remastered 2011,bzip2,raw,5
Cuidado,Cuidado,One Kiss with Dua Lipa,Choke,STAY with Justin Bieber,Lean On feat. MØ & DJ Snake,Watermelon Sugar,INDUSTRY BABY feat. Jack Harlow,Do I Wanna Know?,Closer,New Rules,bzip2,raw,5
My Goodbye,My Goodbye,Shape of You,Die For You,Counting Stars,INDUSTRY BABY feat. Jack Harlow,Every Breath You Take,Choke,Do I Wanna Know?,That's What I Like,Another Love,bzip2,raw,5
No Signal,No Signal,Shine On,Do I Wanna Know?,New Rules,Sorry,I Wanna Be Yours,Cuidado,Man On the Moon,No Role Modelz,Sweater Weather,bzip2,raw,5
Every Breath You Take,Every Breath You Take,One Kiss with Dua Lipa,God's Plan,Viva La Vida,Stressed Out,Treat You Better,Mr. Brightside,No Signal,INDUSTRY BABY feat. Jack Harlow,Closer,bzip2,raw,5
VICIOUS CYCLE,VICIOUS CYCLE,HUMBLE.,Jocelyn Flores,bad guy,INDUSTRY BABY feat. Jack Harlow,New Rules,One Kiss with Dua Lipa,XO Tour Llif3,Circles,Lose Yourself,bzip2,raw,5
Lucid Dreams,Lucid Dreams,One Kiss with Dua Lipa,INDUSTRY BABY feat. Jack Harlow,God's Plan,Sweater Weather,Can't Hold Us feat. Ray Dalton,Havana feat. Young Thug,Circles,Lose Yourself,Bohemian Rhapsody - Remastered 2011,bzip2,raw,5
Sorry,Sorry,No Signal,The Hills,INDUSTRY BABY feat. Jack Harlow,Sweater Weather,Lean On feat. MØ & DJ Snake,Bohemian Rhapsody - Remastered 2011,VICIOUS CYCLE,New Rules,Shine On,bzip2,raw,5
Coconut Water,Coconut Water,Señorita,Stressed Out,No Signal,New Rules,Circles,Don't Start Now,Another Love,Can't Hold Us feat. Ray Dalton,Watermelon Sugar,bzip2,raw,5
Love Yourself,Love Yourself,INDUSTRY BABY feat. Jack Harlow,HUMBLE.,Jocelyn Flores,My Goodbye,Shape of You,There's Nothing Holdin' Me Back,SICKO MODE,Another Love,Die For You,bzip2,raw,5
Treat You Better,Treat You Better,Mr. Brightside,Shine On,That's What I Like,Viva La Vida,Choke,Believer,INDUSTRY BABY feat. Jack Harlow,My Goodbye,Closer,bzip2,raw,5
Bohemian Rhapsody - Remastered 2011,Bohemian Rhapsody - Remastered 2011,Shine On,Lose Yourself,INDUSTRY BABY feat. Jack Harlow,Treat You Better,Mr. Brightside,Do I Wanna Know?,Closer,Flowers,Unforgettable,bzip2,raw,5
HUMBLE,HUMBLE.,One Dance,INDUSTRY BABY feat. Jack Harlow,VICIOUS CYCLE,Lucid Dreams,No Signal,Do I Wanna Know?,Choke,Shine On,Circles,bzip2,raw,5
Die For You,Die For You,One Kiss with Dua Lipa,That's What I Like,INDUSTRY BABY feat. Jack Harlow,My Goodbye,Without Me with Juice WRLD,New Rules,Stressed Out,Lose Yourself,No Role Modelz,bzip2,raw,5
One Kiss with Dua Lipa,One Kiss with Dua Lipa,New Rules,Stressed Out,No Signal,Just the Way You Are,INDUSTRY BABY feat. Jack Harlow,Lean On feat. MØ & DJ Snake,Shine On,SICKO MODE,Happier,bzip2,raw,5
Man On the Moon,Man On the Moon,INDUSTRY BABY feat. Jack Harlow,I Wanna Be Yours,Sweater Weather,Do I Wanna Know?,Stressed Out,One Kiss with Dua Lipa,Viva La Vida,That's What I Like,God's Plan,bzip2,raw,5
The Hills,The Hills,Shine On,SICKO MODE,One Kiss with Dua Lipa,Do I Wanna Know?,Circles,Too Good At Goodbyes,Another Love,Shallow,Sorry,bzip2,raw,5
Shape of You,Shape of You,INDUSTRY BABY feat. Jack Harlow,XO Tour Llif3,Die For You,There's Nothing Holdin' Me Back,One Kiss with Dua Lipa,7 rings,Love Yourself,My Goodbye,Unforgettable,bzip2,raw,5
XO Tour Llif3,XO Tour Llif3,bad guy,One Kiss with Dua Lipa,There's Nothing Holdin' Me Back,Another Love,Havana feat. Young Thug,Counting Stars,Sweater Weather,INDUSTRY BABY feat. Jack Harlow,Bohemian Rhapsody - Remastered 2011,bzip2,raw,5
Take Me To Church,Take Me To Church,Bohemian Rhapsody - Remastered 2011,Another Love,Photograph,Havana feat. Young Thug,Can't Hold Us feat. Ray Dalton,New Rules,My Goodbye,Counting Stars,Die For You,bzip2,raw,5
New Rules,New Rules,Watermelon Sugar,One Kiss with Dua Lipa,Another Love,Stressed Out,Closer,Coconut Water,STAY with Justin Bieber,Don't Start Now,As It Was,bzip2,raw,5
Let Me Love You,Let Me Love You,INDUSTRY BABY feat. Jack Harlow,Shine On,No Signal,Thunder,Sweater Weather,Mr. Brightside,One Kiss with Dua Lipa,Treat You Better,Viva La Vida,bzip2,raw,5
Heat Waves,Heat Waves,My Goodbye,Treat You Better,Die For You,New Rules,Another Love,Stressed Out,Mr. Brightside,God's Plan,INDUSTRY BABY feat. Jack Harlow,bzip2,raw,5
I Wanna Be Yours,I Wanna Be Yours,No Signal,One Kiss with Dua Lipa,Man On the Moon,Sweater Weather,SICKO MODE,Do I Wanna Know?,Closer,Say You Won't Let Go,Bohemian Rhapsody - Remastered 2011,bzip2,raw,5
Circles,Circles,No Signal,Señorita,Cuidado,Shine On,New Rules,SAD!,Stressed Out,INDUSTRY BABY feat. Jack Harlow,Flowers,bzip2,raw,5
7 rings,7 rings,Shine On,INDUSTRY BABY feat. Jack Harlow,One Kiss with Dua Lipa,Die For You,SICKO MODE,That's What I Like,My Goodbye,HUMBLE.,Choke,bzip2,raw,5
Just the Way You Are,Just the Way You Are,One Kiss with Dua Lipa,New Rules,INDUSTRY BABY feat. Jack Harlow,Happier,Lean On feat. MØ & DJ Snake,STAY with Justin Bieber,bad guy,That's What I Like,Stressed Out,bzip2,raw,5
Flowers,Flowers,New Rules,INDUSTRY BABY feat. Jack Harlow,Stressed Out,Thunder,bad guy,One Kiss with Dua Lipa,Too Good At Goodbyes,Don't Start Now,Treat You Better,bzip2,raw,5
Photograph,Photograph,XO Tour Llif3,Do I Wanna Know?,INDUSTRY BABY feat. Jack Harlow,Die For You,Love Yourself,Counting Stars,Stressed Out,Just the Way You Are,Lele,bzip2,raw,5
STAY with Justin Bieber,STAY with Justin Bieber,INDUSTRY BABY feat. Jack Harlow,Closer,No Role Modelz,That's What I Like,Viva La Vida,Counting Stars,Mr. Brightside,New Rules,Believer,bzip2,raw,5
Let Her Go,Let Her Go,Stressed Out,Centipede,Sweater Weather,INDUSTRY BABY feat. Jack Harlow,Flowers,Too Good At Goodbyes,Another Love,Lose Yourself,Watermelon Sugar,bzip2,raw,5
rockstar,rockstar,INDUSTRY BABY feat. Jack Harlow,Shine On,Choke,Do I Wanna Know?,Lean On feat. MØ & DJ Snake,Lose Yourself,One Dance,No Signal,STAY with Justin Bieber,bzip2,raw,5
Shine On,Shine On,HUMBLE.,INDUSTRY BABY feat. Jack Harlow,Choke,Closer,LOOP feat. Lil Cherry,SICKO MODE,Sweater Weather,That's What I Like,bad guy,bzip2,raw,5
As It Was,As It Was,Stressed Out,Another Love,New Rules,Just the Way You Are,My Goodbye,Can't Hold Us feat. Ray Dalton,Watermelon Sugar,Shine On,Die For You,bzip2,raw,5
There's Nothing Holdin' Me Back,There's Nothing Holdin' Me Back,One Kiss with Dua Lipa,INDUSTRY BABY feat. Jack Harlow,When I Was Your Man,My Goodbye,Thinking out Loud,New Rules,Bohemian Rhapsody - Remastered 2011,Sweater Weather,No Role Modelz,bzip2,raw,5
Can't Hold Us feat,HUMBLE.,No Signal,Jocelyn Flores,Lose Yourself,LOOP feat. Lil Cherry,One Kiss with Dua Lipa,SAD!,bad guy,VICIOUS CYCLE,One Dance,bzip2,raw,5
Demons,Demons,INDUSTRY BABY feat. Jack Harlow,Choke,Bohemian Rhapsody - Remastered 2011,Viva La Vida,That's What I Like,Closer,Treat You Better,Cuidado,Jocelyn Flores,bzip2,raw,5
Señorita,Señorita,Circles,One Kiss with Dua Lipa,New Rules,Watermelon Sugar,Too Good At Goodbyes,Thunder,When I Was Your Man,Flowers,Do I Wanna Know?,bzip2,raw,5
Sunflower - Spider-Man Into the Spider-Verse,Sunflower - Spider-Man: Into the Spider-Verse,One Kiss with Dua Lipa,XO Tour Llif3,Don't Start Now,Watermelon Sugar,INDUSTRY BABY feat. Jack Harlow,Circles,Sweater Weather,Do I Wanna Know?,There's Nothing Holdin' Me Back,bzip2,raw,5
SICKO MODE,SICKO MODE,INDUSTRY BABY feat. Jack Harlow,Just the Way You Are,Shine On,New Rules,Lose Yourself,Sweater Weather,Too Good At Goodbyes,Treat You Better,Do I Wanna Know?,bzip2,raw,5
Havana feat,Havana feat. Young Thug,HUMBLE.,One Kiss with Dua Lipa,Just the Way You Are,INDUSTRY BABY feat. Jack Harlow,Jocelyn Flores,Closer,Say You Won't Let Go,Stressed Out,Lean On feat. MØ & DJ Snake,bzip2,raw,5
