Wake Me Up - Radio Edit,Wake Me Up - Radio Edit,XO Tour Llif3,Can't Hold Us feat. Ray Dalton,Havana feat. Young Thug,Love Yourself,There's Nothing Holdin' Me Back,Shape of You,Thinking out Loud,Sunflower - Spider-Man: Into the Spider-Verse,Take Me To Church,zstd,raw,5
Do I Wanna Know,Do I Wanna Know?,Say You Won't Let Go,Lean On feat. MØ & DJ Snake,Can't Hold Us feat. Ray Dalton,Without Me,Sweater Weather,XO Tour Llif3,Havana feat. Young Thug,Too Good At Goodbyes,Bohemian Rhapsody - Remastered 2011,zstd,raw,5
No Role Modelz,No Role Modelz,God's Plan,Havana feat. Young Thug,XO Tour Llif3,Can't Hold Us feat. Ray Dalton,All of Me,Do I Wanna Know?,STAY with Justin Bieber,HUMBLE.,INDUSTRY BABY feat. Jack Harlow,zstd,raw,5
That's What I Like,That's What I Like,HUMBLE.,Choke,Believer,No Signal,Thunder,I Wanna Be Yours,Sorry,New Rules,STAY with Justin Bieber,zstd,raw,5
lovely with Khalid,lovely with Khalid,Can't Hold Us feat. Ray Dalton,Another Love,Coconut Water,New Rules,Don't Start Now,Havana feat. Young Thug,God's Plan,Take Me To Church,Wake Me Up - Radio Edit,zstd,raw,5
goosebumps,goosebumps,XO Tour Llif3,Don't Start Now,Coconut Water,Can't Hold Us feat. Ray Dalton,New Rules,Señorita,Circles,Thunder,Flowers,zstd,raw,5
In the Morning,In the Morning,Someone You Loved,All of Me,Jocelyn Flores,Havana feat. Young Thug,One Dance,Bohemian Rhapsody - Remastered 2011,7 rings,Viva La Vida,Every Breath You Take,zstd,raw,5
Without Me,Without Me,XO Tour Llif3,SAD!,Señorita,Stressed Out,I Wanna Be Yours,Don't Start Now,Choke,New Rules,LOOP feat. Lil Cherry,zstd,raw,5
Sweater Weather,Sweater Weather,Say You Won't Let Go,bad guy,Do I Wanna Know?,XO Tour Llif3,Believer,Shine On,Bohemian Rhapsody - Remastered 2011,New Rules,Man On the Moon,zstd,raw,5
Say You Won't Let Go,Say You Won't Let Go,I Wanna Be Yours,Can't Hold Us feat. Ray Dalton,Too Good At Goodbyes,Bohemian Rhapsody - Remastered 2011,The Hills,No Signal,Believer,rockstar,Sorry,zstd,raw,5
Starboy,Starboy,New Rules,Stay With Me,XO Tour Llif3,One Kiss with Dua Lipa,Something Just Like This,Can't Hold Us feat. Ray Dalton,bad guy,Don't Start Now,Señorita,zstd,raw,5
bad guy,bad guy,Demons,Can't Hold Us feat. Ray Dalton,Señorita,Stressed Out,Without Me,XO Tour Llif3,Sparkling Moments,New Rules,Circles,zstd,raw,5
Walk On Water,Walk On Water,Señorita,Treat You Better,Stressed Out,Every Breath You Take,Without Me,Smells Like Teen Spirit,bad guy,Cruel Summer,Photograph,zstd,raw,5
Counting Stars,Counting Stars,Don't Start Now,XO Tour Llif3,Señorita,Flowers,Choke,Demons,bad guy,goosebumps,Stay With Me,zstd,raw,5
Cruel Summer,Cruel Summer,Walk On Water,Counting Stars,Flowers,Don't Start Now,XO Tour Llif3,Thinking out Loud,bad guy,My Goodbye,Something Just Like This,zstd,raw,5
Stressed Out,Stressed Out,Centipede,Another Love,Walk On Water,Señorita,Shallow,Without Me,Photograph,As It Was,Flowers,zstd,raw,5
Riptide,Riptide,Shape of You,That's What I Like,Someone You Loved,Can't Hold Us feat. Ray Dalton,Treat You Better,God's Plan,Bohemian Rhapsody - Remastered 2011,XO Tour Llif3,Havana feat. Young Thug,zstd,raw,5
Viva La Vida,Viva La Vida,Demons,Smells Like Teen Spirit,Choke,Treat You Better,Shine On,I Wanna Be Yours,Bohemian Rhapsody - Remastered 2011,Mr. Brightside,Can't Hold Us feat. Ray Dalton,zstd,raw,5
Jocelyn Flores,Jocelyn Flores,Shine On,Havana feat. Young Thug,Bohemian Rhapsody - Remastered 2011,Too Good At Goodbyes,When I Was Your Man,Man On the Moon,Flowers,Happier,Say You Won't Let Go,zstd,raw,5
Smells Like Teen Spirit,Smells Like Teen Spirit,bad guy,Choke,Mr. Brightside,In the End,Treat You Better,Counting Stars,Shallow,Walk On Water,Flowers,zstd,raw,5
All of Me,All of Me,The Hills,Havana feat. Young Thug,God's Plan,Demons,Bohemian Rhapsody - Remastered 2011,Viva La Vida,Closer,Can't Hold Us feat. Ray Dalton,SICKO MODE,zstd,raw,5
Something Just Like This,Something Just Like This,Señorita,Sparkling Moments,Circles,XO Tour Llif3,Mr. Brightside,Treat You Better,Photograph,Smells Like Teen Spirit,Without Me,zstd,raw,5
Unforgettable,Unforgettable,Lele,XO Tour Llif3,Viva La Vida,Photograph,Choke,INDUSTRY BABY feat. Jack Harlow,My Goodbye,SICKO MODE,That's What I Like,zstd,raw,5
One Dance,One Dance,All of Me,Someone You Loved,Havana feat. Young Thug,7 rings,Bohemian Rhapsody - Remastered 2011,Shape of You,In the Morning,That's What I Like,SICKO MODE,zstd,raw,5
Thunder,Thunder,Señorita,Can't Hold Us feat. Ray Dalton,XO Tour Llif3,bad guy,HUMBLE.,Circles,Bohemian Rhapsody - Remastered 2011,rockstar,Flowers,zstd,raw,5
Sparkling Moments,Sparkling Moments,Demons,XO Tour Llif3,Can't Hold Us feat. Ray Dalton,Havana feat. Young Thug,Too Good At Goodbyes,Circles,Señorita,Bohemian Rhapsody - Remastered 2011,Happier,zstd,raw,5
Centipede,Centipede,Señorita,Stressed Out,Walk On Water,Shallow,bad guy,Don't Start Now,Photograph,Let Her Go,Thinking out Loud,zstd,raw,5
Someone You Loved,Someone You Loved,INDUSTRY BABY feat. Jack Harlow,Viva La Vida,Havana feat. Young Thug,Closer,Lele,Bohemian Rhapsody - Remastered 2011,The Hills,SICKO MODE,Happier,zstd,raw,5
Closer,Closer,Lele,Viva La Vida,Bohemian Rhapsody - Remastered 2011,Havana feat. Young Thug,All of Me,Every Breath You Take,Demons,Without Me with Juice WRLD,Man On the Moon,zstd,raw,5
Choke,Choke,In the End,Mr. Brightside,Let Me Love You,XO Tour Llif3,Sweater Weather,bad guy,Smells Like Teen Spirit,Thunder,No Role Modelz,zstd,raw,5
Lean On feat,Lean On feat. MØ & DJ Snake,Thunder,Choke,Starboy,No Signal,Coconut Water,Señorita,Don't Start Now,Stay With Me,Let Me Love You,zstd,raw,5
Don't Start Now,Don't Start Now,Flowers,Without Me,Shallow,Señorita,Walk On Water,Stressed Out,There's Nothing Holdin' Me Back,Can't Hold Us feat. Ray Dalton,Counting Stars,zstd,raw,5
Believer,Believer,That's What I Like,Can't Hold Us feat. Ray Dalton,Without Me,Choke,XO Tour Llif3,Lose Yourself,Thunder,Something Just Like This,bad guy,zstd,raw,5
Happier,Happier,XO Tour Llif3,Can't Hold Us feat. Ray Dalton,New Rules,VICIOUS CYCLE,Havana feat. Young Thug,Just the Way You Are,God's Plan,The Hills,SICKO MODE,zstd,raw,5
INDUSTRY BABY feat,INDUSTRY BABY feat. Jack Harlow,Choke,Demons,Lean On feat. MØ & DJ Snake,Lele,That's What I Like,God's Plan,Cuidado,Sorry,HUMBLE.,zstd,raw,5
In the End,In the End,Mr. Brightside,Smells Like Teen Spirit,Can't Hold Us feat. Ray Dalton,INDUSTRY BABY feat. Jack Harlow,Choke,Bohemian Rhapsody - Remastered 2011,Havana feat. Young Thug,Treat You Better,SICKO MODE,zstd,raw,5
The Night We Met,The Night We Met,Thinking out Loud,Lucid Dreams,Shape of You,7 rings,Havana feat. Young Thug,There's Nothing Holdin' Me Back,Cruel Summer,Die For You,Bohemian Rhapsody - Remastered 2011,zstd,raw,5
Another Love,Another Love,Love Yourself,lovely with Khalid,Havana feat. Young Thug,When I Was Your Man,Let Her Go,God's Plan,XO Tour Llif3,Shape of You,There's Nothing Holdin' Me Back,zstd,raw,5
Lose Yourself,Lose Yourself,Choke,Can't Hold Us feat. Ray Dalton,XO Tour Llif3,Thunder,Counting Stars,Sorry,Unforgettable,Starboy,Photograph,zstd,raw,5
Stay With Me,Stay With Me,Havana feat. Young Thug,lovely with Khalid,When I Was Your Man,Can't Hold Us feat. Ray Dalton,Too Good At Goodbyes,Bohemian Rhapsody - Remastered 2011,Thinking out Loud,God's Plan,Let Her Go,zstd,raw,5
SAD!,SAD!,Lean On feat. MØ & DJ Snake,Choke,XO Tour Llif3,Stressed Out,Can't Hold Us feat. Ray Dalton,Sweater Weather,rockstar,bad guy,I Wanna Be Yours,zstd,raw,5
Lele,Lele,Unforgettable,Without Me with Juice WRLD,Photograph,Shape of You,SICKO MODE,Choke,INDUSTRY BABY feat. Jack Harlow,In the End,Counting Stars,zstd,raw,5
Without Me with Juice WRLD,Without Me with Juice WRLD,XO Tour Llif3,Choke,STAY with Justin Bieber,Unforgettable,HUMBLE.,That's What I Like,7 rings,Counting Stars,Demons,zstd,raw,5
When I Was Your Man,When I Was Your Man,Can't Hold Us feat. Ray Dalton,Havana feat. Young Thug,Happier,God's Plan,Take Me To Church,Another Love,Love Yourself,Watermelon Sugar,lovely with Khalid,zstd,raw,5
Shallow,Shallow,XO Tour Llif3,Don't Start Now,Coconut Water,bad guy,Can't Hold Us feat. Ray Dalton,Centipede,Without Me,New Rules,Walk On Water,zstd,raw,5
Too Good At Goodbyes,Too Good At Goodbyes,Happier,Can't Hold Us feat. Ray Dalton,Just the Way You Are,Havana feat. Young Thug,Bohemian Rhapsody - Remastered 2011,When I Was Your Man,Watermelon Sugar,God's Plan,SICKO MODE,zstd,raw,5
Watermelon Sugar,Watermelon Sugar,bad guy,Havana feat. Young Thug,Without Me,Say You Won't Let Go,Bohemian Rhapsody - Remastered 2011,Do I Wanna Know?,SICKO MODE,Counting Stars,Believer,zstd,raw,5
LOOP feat,LOOP feat. Lil Cherry,Believer,Every Breath You Take,Señorita,Thunder,Without Me,Treat You Better,Counting Stars,Smells Like Teen Spirit,STAY with Justin Bieber,zstd,raw,5
Yellow,Yellow,Can't Hold Us feat. Ray Dalton,Die For You,Havana feat. Young Thug,Counting Stars,Bohemian Rhapsody - Remastered 2011,SICKO MODE,God's Plan,Take Me To Church,Demons,zstd,raw,5
Ether,Ether,Counting Stars,Can't Hold Us feat. Ray Dalton,As It Was,XO Tour Llif3,Shape of You,Heat Waves,My Goodbye,Unforgettable,Die For You,zstd,raw,5
God's Plan,God's Plan,Havana feat. Young Thug,Bohemian Rhapsody - Remastered 2011,Demons,When I Was Your Man,All of Me,Jocelyn Flores,SICKO MODE,Thinking out Loud,HUMBLE.,zstd,raw,5
Thinking out Loud,Thinking out Loud,XO Tour Llif3,Don't Start Now,There's Nothing Holdin' Me Back,Can't Hold Us feat. Ray Dalton,New Rules,Watermelon Sugar,Señorita,One Kiss with Dua Lipa,Something Just Like This,zstd,raw,5
Mr,Mr. Brightside,In the End,Treat You Better,Choke,INDUSTRY BABY feat. Jack Harlow,That's What I Like,No Role Modelz,STAY with Justin Bieber,Havana feat. Young Thug,Viva La Vida,zstd,raw,5
Cuidado,Cuidado,No Signal,I Wanna Be Yours,Choke,Man On the Moon,XO Tour Llif3,Stay With Me,Do I Wanna Know?,Thunder,Can't Hold Us feat. Ray Dalton,zstd,raw,5
My Goodbye,My Goodbye,XO Tour Llif3,Die For You,Counting Stars,Something Just Like This,Shape of You,God's Plan,Unforgettable,Photograph,Can't Hold Us feat. Ray Dalton,zstd,raw,5
No Signal,No Signal,XO Tour Llif3,Let Me Love You,Man On the Moon,Cuidado,I Wanna Be Yours,Choke,Sweater Weather,Sorry,Do I Wanna Know?,zstd,raw,5
Every Breath You Take,Every Breath You Take,Photograph,Treat You Better,Stressed Out,Viva La Vida,Walk On Water,Counting Stars,Unforgettable,Señorita,Smells Like Teen Spirit,zstd,raw,5
VICIOUS CYCLE,VICIOUS CYCLE,God's Plan,Happier,XO Tour Llif3,Havana feat. Young Thug,Can't Hold Us feat. Ray Dalton,SICKO MODE,Too Good At Goodbyes,The Hills,All of Me,zstd,raw,5
Lucid Dreams,Lucid Dreams,Havana feat. Young Thug,Bohemian Rhapsody - Remastered 2011,Love Yourself,Shape of You,Thinking out Loud,Can't Hold Us feat. Ray Dalton,SICKO MODE,God's Plan,The Night We Met,zstd,raw,5
Sorry,Sorry,The Hills,Say You Won't Let Go,Bohemian Rhapsody - Remastered 2011,I Wanna Be Yours,Havana feat. Young Thug,Do I Wanna Know?,Happier,Demons,Cuidado,zstd,raw,5
Coconut Water,Coconut Water,New Rules,Señorita,Demons,Can't Hold Us feat. Ray Dalton,Circles,Starboy,One Kiss with Dua Lipa,Happier,Stressed Out,zstd,raw,5
Love Yourself,Love Yourself,Shape of You,God's Plan,My Goodbye,Havana feat. Young Thug,Die For You,SICKO MODE,Counting Stars,Photograph,There's Nothing Holdin' Me Back,zstd,raw,5
Treat You Better,Treat You Better,Mr. Brightside,Shine On,bad guy,Viva La Vida,Without Me,Cruel Summer,STAY with Justin Bieber,Choke,XO Tour Llif3,zstd,raw,5
Bohemian Rhapsody - Remastered 2011,Bohemian Rhapsody - Remastered 2011,Shine On,Lose Yourself,XO Tour Llif3,Unforgettable,Flowers,Mr. Brightside,bad guy,Treat You Better,Counting Stars,zstd,raw,5
HUMBLE,HUMBLE.,Choke,That's What I Like,One Dance,Thunder,Lose Yourself,Sorry,Unforgettable,goosebumps,New Rules,zstd,raw,5
Die For You,Die For You,XO Tour Llif3,Choke,Without Me with Juice WRLD,Can't Hold Us feat. Ray Dalton,That's What I Like,My Goodbye,Counting Stars,Shape of You,Ether,zstd,raw,5
One Kiss with Dua Lipa,One Kiss with Dua Lipa,XO Tour Llif3,No Signal,Starboy,Lean On feat. MØ & DJ Snake,New Rules,Thunder,Coconut Water,I Wanna Be Yours,Stressed Out,zstd,raw,5
Man On the Moon,Man On the Moon,SAD!,God's Plan,I Wanna Be Yours,Photograph,Lean On feat. MØ & DJ Snake,XO Tour Llif3,Let Her Go,Bohemian Rhapsody - Remastered 2011,Too Good At Goodbyes,zstd,raw,5
The Hills,The Hills,Lean On feat. MØ & DJ Snake,Let Me Love You,Sorry,I Wanna Be Yours,Choke,XO Tour Llif3,Shallow,Señorita,Without Me,zstd,raw,5
Shape of You,Shape of You,Love Yourself,Die For You,7 rings,The Night We Met,My Goodbye,Havana feat. Young Thug,Lucid Dreams,XO Tour Llif3,Can't Hold Us feat. Ray Dalton,zstd,raw,5
XO Tour Llif3,XO Tour Llif3,God's Plan,Havana feat. Young Thug,Can't Hold Us feat. Ray Dalton,Bohemian Rhapsody - Remastered 2011,When I Was Your Man,Demons,There's Nothing Holdin' Me Back,Love Yourself,Thinking out Loud,zstd,raw,5
Take Me To Church,Take Me To Church,Can't Hold Us feat. Ray Dalton,XO Tour Llif3,goosebumps,Centipede,Another Love,Thinking out Loud,lovely with Khalid,Don't Start Now,My Goodbye,zstd,raw,5
New Rules,New Rules,Coconut Water,Can't Hold Us feat. Ray Dalton,XO Tour Llif3,Another Love,Starboy,God's Plan,Don't Start Now,Watermelon Sugar,Señorita,zstd,raw,5
Let Me Love You,Let Me Love You,No Signal,Man On the Moon,I Wanna Be Yours,Thunder,XO Tour Llif3,Shine On,Señorita,bad guy,Stressed Out,zstd,raw,5
Heat Waves,Heat Waves,Cruel Summer,Counting Stars,XO Tour Llif3,Choke,Don't Start Now,Treat You Better,Mr. Brightside,Photograph,bad guy,zstd,raw,5
I Wanna Be Yours,I Wanna Be Yours,Cuidado,No Signal,The Hills,Sorry,Man On the Moon,XO Tour Llif3,Say You Won't Let Go,Do I Wanna Know?,Bohemian Rhapsody - Remastered 2011,zstd,raw,5
Circles,Circles,Man On the Moon,Señorita,XO Tour Llif3,Stay With Me,Flowers,Photograph,Thunder,Stressed Out,Bohemian Rhapsody - Remastered 2011,zstd,raw,5
7 rings,7 rings,XO Tour Llif3,Die For You,Without Me with Juice WRLD,Shape of You,Demons,As It Was,My Goodbye,That's What I Like,Can't Hold Us feat. Ray Dalton,zstd,raw,5
Just the Way You Are,Just the Way You Are,Can't Hold Us feat. Ray Dalton,Happier,No Role Modelz,Sorry,Lean On feat. MØ & DJ Snake,In the End,Do I Wanna Know?,I Wanna Be Yours,Bohemian Rhapsody - Remastered 2011,zstd,raw,5
Flowers,Flowers,Señorita,bad guy,Thunder,Circles,Sparkling Moments,Stressed Out,INDUSTRY BABY feat. Jack Harlow,Don't Start Now,Stay With Me,zstd,raw,5
Photograph,Photograph,Love Yourself,My Goodbye,Unforgettable,Havana feat. Young Thug,Bohemian Rhapsody - Remastered 2011,Treat You Better,Viva La Vida,Every Breath You Take,Mr. Brightside,zstd,raw,5
STAY with Justin Bieber,STAY with Justin Bieber,Treat You Better,Mr. Brightside,Viva La Vida,Believer,That's What I Like,My Goodbye,bad guy,Shape of You,Bohemian Rhapsody - Remastered 2011,zstd,raw,5
Let Her Go,Let Her Go,Centipede,Stressed Out,Man On the Moon,Flowers,Señorita,bad guy,Another Love,Don't Start Now,Shine On,zstd,raw,5
rockstar,HUMBLE.,rockstar,Choke,Thunder,Sorry,Lean On feat. MØ & DJ Snake,Coconut Water,bad guy,XO Tour Llif3,Lose Yourself,zstd,raw,5
Shine On,Shine On,Havana feat. Young Thug,INDUSTRY BABY feat. Jack Harlow,God's Plan,XO Tour Llif3,Say You Won't Let Go,In the End,Bohemian Rhapsody - Remastered 2011,Closer,Do I Wanna Know?,zstd,raw,5
As It Was,As It Was,XO Tour Llif3,Can't Hold Us feat. Ray Dalton,Die For You,Photograph,Stressed Out,Counting Stars,My Goodbye,Havana feat. Young Thug,SICKO MODE,zstd,raw,5
There's Nothing Holdin' Me Back,There's Nothing Holdin' Me Back,bad guy,Shine On,XO Tour Llif3,Cruel Summer,Treat You Better,Shape of You,Unforgettable,New Rules,Counting Stars,zstd,raw,5
Can't Hold Us feat,XO Tour Llif3,HUMBLE.,The Night We Met,Sunflower - Spider-Man: Into the Spider-Verse,In the Morning,LOOP feat. Lil Cherry,rockstar,Someone You Loved,No Signal,Cruel Summer,zstd,raw,5
Demons,Demons,INDUSTRY BABY feat. Jack Harlow,Bohemian Rhapsody - Remastered 2011,Closer,I Wanna Be Yours,Viva La Vida,Sorry,In the End,Havana feat. Young Thug,Choke,zstd,raw,5
Señorita,Señorita,Flowers,Circles,Sparkling Moments,Can't Hold Us feat. Ray Dalton,Happier,When I Was Your Man,Watermelon Sugar,Havana feat. Young Thug,Sunflower - Spider-Man: Into the Spider-Verse,zstd,raw,5
Sunflower - Spider-Man Into the Spider-Verse,Sunflower - Spider-Man: Into the Spider-Verse,XO Tour Llif3,Can't Hold Us feat. Ray Dalton,Havana feat. Young Thug,Wake Me Up - Radio Edit,Thinking out Loud,Coconut Water,Circles,Don't Start Now,Bohemian Rhapsody - Remastered 2011,zstd,raw,5
SICKO MODE,SICKO MODE,Can't Hold Us feat. Ray Dalton,XO Tour Llif3,Happier,God's Plan,Havana feat. Young Thug,Believer,Bohemian Rhapsody - Remastered 2011,No Role Modelz,INDUSTRY BABY feat. Jack Harlow,zstd,raw,5
Havana feat,Havana feat. Young Thug,The Hills,Happier,All of Me,God's Plan,Say You Won't Let Go,Bohemian Rhapsody - Remastered 2011,Too Good At Goodbyes,Just the Way You Are,Do I Wanna Know?,zstd,raw,5
