Ether,Ether,Counting Stars,Can't Hold Us feat. Ray Dalton,Photograph,Choke,Unforgettable,Die For You,Lose Yourself,Heat Waves,Don't Start Now,zstd,reverse,
Don't Start Now,Don't Start Now,Flowers,Can't Hold Us feat. Ray Dalton,There's Nothing Holdin' Me Back,Something Just Like This,Thinking out Loud,Counting Stars,Wake Me Up - Radio Edit,Havana feat. Young Thug,New Rules,zstd,reverse,
Counting Stars,Counting Stars,Photograph,Shape of You,Unforgettable,My Goodbye,Die For You,Havana feat. Young Thug,Choke,Flowers,Ether,zstd,reverse,
I Wanna Be Yours,I Wanna Be Yours,Bohemian Rhapsody - Remastered 2011,Havana feat. Young Thug,Man On the Moon,Viva La Vida,Demons,SICKO MODE,Do I Wanna Know?,Let Me Love You,INDUSTRY BABY feat. Jack Harlow,zstd,reverse,
Centipede,Centipede,Havana feat. Young Thug,goosebumps,Take Me To Church,Can't Hold Us feat. Ray Dalton,Let Her Go,Wake Me Up - Radio Edit,Another Love,Thinking out Loud,Bohemian Rhapsody - Remastered 2011,zstd,reverse,
Choke,Choke,Bohemian Rhapsody - Remastered 2011,Unforgettable,That's What I Like,Can't Hold Us feat. Ray Dalton,Havana feat. Young Thug,Believer,God's Plan,Counting Stars,SICKO MODE,zstd,reverse,
Bohemian Rhapsody - Remastered 2011,Bohemian Rhapsody - Remastered 2011,Lose Yourself,Flowers,Unforgettable,Havana feat. Young Thug,Shine On,Choke,Counting Stars,Do I Wanna Know?,Treat You Better,zstd,reverse,
Señorita,Señorita,Thunder,Stressed Out,Circles,New Rules,Can't Hold Us feat. Ray Dalton,Walk On Water,goosebumps,Another Love,Starboy,zstd,reverse,
Treat You Better,Treat You Better,Mr. Brightside,Viva La Vida,Bohemian Rhapsody - Remastered 2011,Smells Like Teen Spirit,Havana feat. Young Thug,Unforgettable,Counting Stars,Without Me,bad guy,zstd,reverse,
LOOP feat. Lil Cherry,LOOP feat. Lil Cherry,Havana feat. Young Thug,Bohemian Rhapsody - Remastered 2011,Believer,Do I Wanna Know?,Counting Stars,bad guy,Can't Hold Us feat. Ray Dalton,Without Me,God's Plan,zstd,reverse,
Sunflower - Spider-Man Into the Spider-Verse,Sunflower - Spider-Man: Into the Spider-Verse,There's Nothing Holdin' Me Back,Havana feat. Young Thug,Can't Hold Us feat. Ray Dalton,goosebumps,Thinking out Loud,Don't Start Now,New Rules,Wake Me Up - Radio Edit,Circles,zstd,reverse,
Sweater Weather,Sweater Weather,Havana feat. Young Thug,Do I Wanna Know?,Bohemian Rhapsody - Remastered 2011,Can't Hold Us feat. Ray Dalton,Believer,New Rules,Say You Won't Let Go,bad guy,No Role Modelz,zstd,reverse,
Wake Me Up - Radio Edit,Wake Me Up - Radio Edit,Can't Hold Us feat. Ray Dalton,Thinking out Loud,Havana feat. Young Thug,Bohemian Rhapsody - Remastered 2011,Shallow,SICKO MODE,There's Nothing Holdin' Me Back,Don't Start Now,God's Plan,zstd,reverse,
No Signal,No Signal,Man On the Moon,Do I Wanna Know?,Bohemian Rhapsody - Remastered 2011,Too Good At Goodbyes,I Wanna Be Yours,Cuidado,Havana feat. Young Thug,Say You Won't Let Go,SAD!,zstd,reverse,
rockstar,Can't Hold Us feat. Ray Dalton,New Rules,rockstar,XO Tour Llif3,Choke,Havana feat. Young Thug,SICKO MODE,Sweater Weather,Bohemian Rhapsody - Remastered 2011,God's Plan,zstd,reverse,
SICKO MODE,SICKO MODE,Havana feat. Young Thug,Die For You,God's Plan,Can't Hold Us feat. Ray Dalton,That's What I Like,Shape of You,Bohemian Rhapsody - Remastered 2011,Counting Stars,Choke,zstd,reverse,
Let Me Love You,Let Me Love You,Bohemian Rhapsody - Remastered 2011,Havana feat. Young Thug,Man On the Moon,Viva La Vida,Do I Wanna Know?,Sweater Weather,Unforgettable,Can't Hold Us feat. Ray Dalton,No Role Modelz,zstd,reverse,
Stressed Out,Stressed Out,Flowers,Bohemian Rhapsody - Remastered 2011,Havana feat. Young Thug,SICKO MODE,Can't Hold Us feat. Ray Dalton,Too Good At Goodbyes,Photograph,Lose Yourself,Watermelon Sugar,zstd,reverse,
That's What I Like,That's What I Like,Choke,Can't Hold Us feat. Ray Dalton,Bohemian Rhapsody - Remastered 2011,Believer,Havana feat. Young Thug,In the End,SICKO MODE,God's Plan,No Role Modelz,zstd,reverse,
Without Me with Juice WRLD,Without Me with Juice WRLD,Havana feat. Young Thug,Can't Hold Us feat. Ray Dalton,God's Plan,Die For You,No Role Modelz,Bohemian Rhapsody - Remastered 2011,That's What I Like,INDUSTRY BABY feat. Jack Harlow,XO Tour Llif3,zstd,reverse,
Love Yourself,Love Yourself,Shape of You,Havana feat. Young Thug,God's Plan,Can't Hold Us feat. Ray Dalton,My Goodbye,Die For You,SICKO MODE,Bohemian Rhapsody - Remastered 2011,Counting Stars,zstd,reverse,
Lean On feat. MØ & DJ Snake,Lean On feat. MØ & DJ Snake,Can't Hold Us feat. Ray Dalton,I Wanna Be Yours,Bohemian Rhapsody - Remastered 2011,Choke,Havana feat. Young Thug,SICKO MODE,Sorry,goosebumps,Sweater Weather,zstd,reverse,
In the Morning,In the Morning,All of Me,Havana feat. Young Thug,Bohemian Rhapsody - Remastered 2011,Someone You Loved,God's Plan,Without Me with Juice WRLD,Viva La Vida,Demons,SICKO MODE,zstd,reverse,
7 rings,7 rings,Die For You,Shape of You,That's What I Like,Havana feat. Young Thug,Without Me with Juice WRLD,My Goodbye,Can't Hold Us feat. Ray Dalton,Counting Stars,XO Tour Llif3,zstd,reverse,
Shallow,Shallow,Walk On Water,Can't Hold Us feat. Ray Dalton,Thinking out Loud,Another Love,Take Me To Church,Bohemian Rhapsody - Remastered 2011,Stressed Out,Don't Start Now,goosebumps,zstd,reverse,
Cruel Summer,Cruel Summer,Can't Hold Us feat. Ray Dalton,Counting Stars,Thinking out Loud,Wake Me Up - Radio Edit,Havana feat. Young Thug,Walk On Water,Bohemian Rhapsody - Remastered 2011,Stressed Out,Don't Start Now,zstd,reverse,
HUMBLE.,HUMBLE.,XO Tour Llif3,Can't Hold Us feat. Ray Dalton,Thunder,That's What I Like,God's Plan,Havana feat. Young Thug,SICKO MODE,Choke,New Rules,zstd,reverse,
Smells Like Teen Spirit,Smells Like Teen Spirit,Treat You Better,Mr. Brightside,In the End,Walk On Water,Bohemian Rhapsody - Remastered 2011,Counting Stars,bad guy,Without Me,Flowers,zstd,reverse,
One Kiss with Dua Lipa,One Kiss with Dua Lipa,Starboy,Can't Hold Us feat. Ray Dalton,New Rules,Something Just Like This,Havana feat. Young Thug,Señorita,Circles,Bohemian Rhapsody - Remastered 2011,Don't Start Now,zstd,reverse,
Let Her Go,Let Her Go,Havana feat. Young Thug,Bohemian Rhapsody - Remastered 2011,Thinking out Loud,Stressed Out,Take Me To Church,Too Good At Goodbyes,Watermelon Sugar,Another Love,Do I Wanna Know?,zstd,reverse,
Coconut Water,Coconut Water,Can't Hold Us feat. Ray Dalton,New Rules,goosebumps,Havana feat. Young Thug,Stressed Out,Don't Start Now,Starboy,Another Love,One Kiss with Dua Lipa,zstd,reverse,
Circles,Circles,Flowers,Señorita,Thunder,Havana feat. Young Thug,Can't Hold Us feat. Ray Dalton,goosebumps,Bohemian Rhapsody - Remastered 2011,Stressed Out,Too Good At Goodbyes,zstd,reverse,
goosebumps,goosebumps,Havana feat. Young Thug,Believer,SICKO MODE,Can't Hold Us feat. Ray Dalton,Bohemian Rhapsody - Remastered 2011,No Role Modelz,Lose Yourself,God's Plan,Choke,zstd,reverse,
Every Breath You Take,Every Breath You Take,Treat You Better,Unforgettable,Viva La Vida,Photograph,Havana feat. Young Thug,Counting Stars,Bohemian Rhapsody - Remastered 2011,Heat Waves,Stressed Out,zstd,reverse,
Say You Won't Let Go,Say You Won't Let Go,Havana feat. Young Thug,Do I Wanna Know?,Bohemian Rhapsody - Remastered 2011,Demons,God's Plan,Sweater Weather,Can't Hold Us feat. Ray Dalton,Happier,When I Was Your Man,zstd,reverse,
Yellow,Yellow,Bohemian Rhapsody - Remastered 2011,Counting Stars,Havana feat. Young Thug,Can't Hold Us feat. Ray Dalton,Smells Like Teen Spirit,Take Me To Church,Thinking out Loud,Demons,Man On the Moon,zstd,reverse,
God's Plan,God's Plan,Can't Hold Us feat. Ray Dalton,Havana feat. Young Thug,Bohemian Rhapsody - Remastered 2011,Demons,SICKO MODE,No Role Modelz,XO Tour Llif3,INDUSTRY BABY feat. Jack Harlow,That's What I Like,zstd,reverse,
There's Nothing Holdin' Me Back,There's Nothing Holdin' Me Back,Havana feat. Young Thug,Thinking out Loud,Bohemian Rhapsody - Remastered 2011,Can't Hold Us feat. Ray Dalton,Shape of You,God's Plan,Take Me To Church,When I Was Your Man,Sunflower - Spider-Man: Into the Spider-Verse,zstd,reverse,
Closer,Closer,Havana feat. Young Thug,Bohemian Rhapsody - Remastered 2011,Without Me with Juice WRLD,No Role Modelz,Can't Hold Us feat. Ray Dalton,INDUSTRY BABY feat. Jack Harlow,God's Plan,SICKO MODE,Demons,zstd,reverse,
The Hills,The Hills,I Wanna Be Yours,Bohemian Rhapsody - Remastered 2011,Can't Hold Us feat. Ray Dalton,Lean On feat. MØ & DJ Snake,Sorry,Havana feat. Young Thug,Demons,Sweater Weather,Do I Wanna Know?,zstd,reverse,
One Dance,One Dance,Havana feat. Young Thug,Unforgettable,Choke,Lose Yourself,SICKO MODE,Can't Hold Us feat. Ray Dalton,Bohemian Rhapsody - Remastered 2011,Closer,No Role Modelz,zstd,reverse,
Cuidado,Cuidado,Bohemian Rhapsody - Remastered 2011,Havana feat. Young Thug,The Hills,Demons,Do I Wanna Know?,Say You Won't Let Go,Too Good At Goodbyes,God's Plan,I Wanna Be Yours,zstd,reverse,
Man On the Moon,Man On the Moon,Bohemian Rhapsody - Remastered 2011,Havana feat. Young Thug,Too Good At Goodbyes,Do I Wanna Know?,bad guy,Say You Won't Let Go,Sweater Weather,Believer,Treat You Better,zstd,reverse,
Lose Yourself,Lose Yourself,Choke,Can't Hold Us feat. Ray Dalton,Counting Stars,Thunder,Without Me,Don't Start Now,Havana feat. Young Thug,Bohemian Rhapsody - Remastered 2011,Flowers,zstd,reverse,
Havana feat. Young Thug,Havana feat. Young Thug,Choke,rockstar,Can't Hold Us feat. Ray Dalton,Thunder,That's What I Like,XO Tour Llif3,goosebumps,God's Plan,bad guy,zstd,reverse,
Thunder,Thunder,Señorita,Can't Hold Us feat. Ray Dalton,Bohemian Rhapsody - Remastered 2011,Flowers,Havana feat. Young Thug,Circles,bad guy,New Rules,Smells Like Teen Spirit,zstd,reverse,
Riptide,Riptide,Bohemian Rhapsody - Remastered 2011,God's Plan,Can't Hold Us feat. Ray Dalton,Havana feat. Young Thug,Viva La Vida,Counting Stars,No Role Modelz,Treat You Better,SICKO MODE,zstd,reverse,
VICIOUS CYCLE,VICIOUS CYCLE,XO Tour Llif3,rockstar,God's Plan,Can't Hold Us feat. Ray Dalton,goosebumps,Havana feat. Young Thug,SICKO MODE,Thunder,Sorry,zstd,reverse,
No Role Modelz,No Role Modelz,Havana feat. Young Thug,Can't Hold Us feat. Ray Dalton,God's Plan,Do I Wanna Know?,Sweater Weather,Believer,Bohemian Rhapsody - Remastered 2011,Thunder,SICKO MODE,zstd,reverse,
Something Just Like This,Something Just Like This,Can't Hold Us feat. Ray Dalton,Starboy,Don't Start Now,Havana feat. Young Thug,Counting Stars,Do I Wanna Know?,One Kiss with Dua Lipa,There's Nothing Holdin' Me Back,Bohemian Rhapsody - Remastered 2011,zstd,reverse,
STAY with Justin Bieber,STAY with Justin Bieber,No Role Modelz,Havana feat. Young Thug,That's What I Like,Can't Hold Us feat. Ray Dalton,Viva La Vida,Cuidado,Bohemian Rhapsody - Remastered 2011,Choke,Mr. Brightside,zstd,reverse,
Viva La Vida,Viva La Vida,Bohemian Rhapsody - Remastered 2011,Treat You Better,Smells Like Teen Spirit,Mr. Brightside,Havana feat. Young Thug,Closer,I Wanna Be Yours,INDUSTRY BABY feat. Jack Harlow,Man On the Moon,zstd,reverse,
Another Love,Another Love,Can't Hold Us feat. Ray Dalton,Stressed Out,Centipede,Take Me To Church,Counting Stars,Walk On Water,goosebumps,Don't Start Now,Señorita,zstd,reverse,
Can't Hold Us feat. Ray Dalton,Can't Hold Us feat. Ray Dalton,Havana feat. Young Thug,God's Plan,Bohemian Rhapsody - Remastered 2011,XO Tour Llif3,That's What I Like,SICKO MODE,New Rules,goosebumps,Shallow,zstd,reverse,
Heat Waves,Heat Waves,My Goodbye,Unforgettable,Counting Stars,Havana feat. Young Thug,Bohemian Rhapsody - Remastered 2011,Shape of You,Photograph,There's Nothing Holdin' Me Back,Can't Hold Us feat. Ray Dalton,zstd,reverse,
Mr. Brightside,Mr. Brightside,Treat You Better,Counting Stars,Smells Like Teen Spirit,Unforgettable,Bohemian Rhapsody - Remastered 2011,Viva La Vida,Havana feat. Young Thug,In the End,Without Me,zstd,reverse,
Shape of You,Shape of You,Havana feat. Young Thug,Counting Stars,My Goodbye,7 rings,Lucid Dreams,Die For You,Unforgettable,Photograph,SICKO MODE,zstd,reverse,
Walk On Water,Walk On Water,Thinking out Loud,Counting Stars,Stressed Out,Can't Hold Us feat. Ray Dalton,Don't Start Now,Let Her Go,Treat You Better,Without Me,Centipede,zstd,reverse,
Jocelyn Flores,Jocelyn Flores,Havana feat. Young Thug,Bohemian Rhapsody - Remastered 2011,Too Good At Goodbyes,Happier,There's Nothing Holdin' Me Back,Do I Wanna Know?,God's Plan,Say You Won't Let Go,SICKO MODE,zstd,reverse,
bad guy,bad guy,Treat You Better,Havana feat. Young Thug,Without Me,Bohemian Rhapsody - Remastered 2011,Counting Stars,Thinking out Loud,Do I Wanna Know?,Too Good At Goodbyes,Smells Like Teen Spirit,zstd,reverse,
Do I Wanna Know,Do I Wanna Know?,Havana feat. Young Thug,Can't Hold Us feat. Ray Dalton,Bohemian Rhapsody - Remastered 2011,No Role Modelz,Sweater Weather,Believer,Lose Yourself,Too Good At Goodbyes,New Rules,zstd,reverse,
Someone You Loved,Someone You Loved,Bohemian Rhapsody - Remastered 2011,Havana feat. Young Thug,All of Me,Viva La Vida,Say You Won't Let Go,SICKO MODE,God's Plan,Treat You Better,In the Morning,zstd,reverse,
Stay With Me,Stay With Me,Starboy,Thunder,New Rules,Havana feat. Young Thug,Señorita,Can't Hold Us feat. Ray Dalton,Circles,Too Good At Goodbyes,Bohemian Rhapsody - Remastered 2011,zstd,reverse,
Demons,Demons,Bohemian Rhapsody - Remastered 2011,Havana feat. Young Thug,INDUSTRY BABY feat. Jack Harlow,The Hills,Closer,Viva La Vida,SICKO MODE,God's Plan,Say You Won't Let Go,zstd,reverse,
Flowers,Flowers,Havana feat. Young Thug,Can't Hold Us feat. Ray Dalton,Bohemian Rhapsody - Remastered 2011,Señorita,Shallow,Watermelon Sugar,Don't Start Now,goosebumps,New Rules,zstd,reverse,
Starboy,Starboy,New Rules,Stay With Me,One Kiss with Dua Lipa,Something Just Like This,Havana feat. Young Thug,Can't Hold Us feat. Ray Dalton,Señorita,Stressed Out,Circles,zstd,reverse,
Just the Way You Are,Just the Way You Are,Havana feat. Young Thug,Too Good At Goodbyes,Bohemian Rhapsody - Remastered 2011,Happier,Can't Hold Us feat. Ray Dalton,New Rules,Believer,Do I Wanna Know?,Sweater Weather,zstd,reverse,
All of Me,All of Me,Havana feat. Young Thug,God's Plan,Bohemian Rhapsody - Remastered 2011,Viva La Vida,Closer,The Hills,Demons,No Role Modelz,Can't Hold Us feat. Ray Dalton,zstd,reverse,
Too Good At Goodbyes,Too Good At Goodbyes,Man On the Moon,Stressed Out,Señorita,Bohemian Rhapsody - Remastered 2011,Havana feat. Young Thug,Treat You Better,Do I Wanna Know?,Flowers,Smells Like Teen Spirit,zstd,reverse,
When I Was Your Man,When I Was Your Man,Havana feat. Young Thug,Can't Hold Us feat. Ray Dalton,God's Plan,Happier,Bohemian Rhapsody - Remastered 2011,Too Good At Goodbyes,All of Me,Demons,lovely with Khalid,zstd,reverse,
lovely with Khalid,lovely with Khalid,Can't Hold Us feat. Ray Dalton,Another Love,Havana feat. Young Thug,Thinking out Loud,goosebumps,Take Me To Church,God's Plan,New Rules,Bohemian Rhapsody - Remastered 2011,zstd,reverse,
Lucid Dreams,Lucid Dreams,Unforgettable,Havana feat. Young Thug,Shape of You,Counting Stars,Can't Hold Us feat. Ray Dalton,SICKO MODE,XO Tour Llif3,There's Nothing Holdin' Me Back,My Goodbye,zstd,reverse,
As It Was,As It Was,Counting Stars,Can't Hold Us feat. Ray Dalton,Die For You,My Goodbye,Havana feat. Young Thug,Shape of You,Something Just Like This,Unforgettable,Another Love,zstd,reverse,
XO Tour Llif3,XO Tour Llif3,Can't Hold Us feat. Ray Dalton,Don't Start Now,goosebumps,Havana feat. Young Thug,God's Plan,Die For You,New Rules,SICKO MODE,That's What I Like,zstd,reverse,
Lele,Lele,Unforgettable,Bohemian Rhapsody - Remastered 2011,Choke,Havana feat. Young Thug,One Dance,Closer,Without Me with Juice WRLD,SICKO MODE,INDUSTRY BABY feat. Jack Harlow,zstd,reverse,
My Goodbye,My Goodbye,Can't Hold Us feat. Ray Dalton,Die For You,Counting Stars,In the End,XO Tour Llif3,Choke,Havana feat. Young Thug,Bohemian Rhapsody - Remastered 2011,Don't Start Now,zstd,reverse,
Shine On,Shine On,Havana feat. Young Thug,Bohemian Rhapsody - Remastered 2011,Say You Won't Let Go,Do I Wanna Know?,Viva La Vida,INDUSTRY BABY feat. Jack Harlow,Lose Yourself,SICKO MODE,Treat You Better,zstd,reverse,
Watermelon Sugar,Watermelon Sugar,Havana feat. Young Thug,Flowers,Can't Hold Us feat. Ray Dalton,Bohemian Rhapsody - Remastered 2011,Too Good At Goodbyes,Do I Wanna Know?,Thinking out Loud,New Rules,Stressed Out,zstd,reverse,
Without Me,Without Me,Do I Wanna Know?,bad guy,Stressed Out,Havana feat. Young Thug,Counting Stars,Shallow,Can't Hold Us feat. Ray Dalton,Bohemian Rhapsody - Remastered 2011,Too Good At Goodbyes,zstd,reverse,
SAD!,SAD!,Man On the Moon,Without Me,Smells Like Teen Spirit,Sweater Weather,Bohemian Rhapsody - Remastered 2011,Stressed Out,Too Good At Goodbyes,Havana feat. Young Thug,bad guy,zstd,reverse,
In the End,In the End,Mr. Brightside,Bohemian Rhapsody - Remastered 2011,Havana feat. Young Thug,INDUSTRY BABY feat. Jack Harlow,Smells Like Teen Spirit,Choke,Can't Hold Us feat. Ray Dalton,Viva La Vida,My Goodbye,zstd,reverse,
Die For You,Die For You,Counting Stars,Can't Hold Us feat. Ray Dalton,My Goodbye,Choke,That's What I Like,Shape of You,Without Me with Juice WRLD,Something Just Like This,Havana feat. Young Thug,zstd,reverse,
Take Me To Church,Take Me To Church,Can't Hold Us feat. Ray Dalton,Havana feat. Young Thug,Another Love,Bohemian Rhapsody - Remastered 2011,goosebumps,Thinking out Loud,Señorita,Shallow,Stressed Out,zstd,reverse,
INDUSTRY BABY feat. Jack Harlow,INDUSTRY BABY feat. Jack Harlow,Demons,SICKO MODE,Bohemian Rhapsody - Remastered 2011,Havana feat. Young Thug,Choke,God's Plan,Can't Hold Us feat. Ray Dalton,In the End,Unforgettable,zstd,reverse,
Thinking out Loud,Thinking out Loud,Havana feat. Young Thug,Can't Hold Us feat. Ray Dalton,Wake Me Up - Radio Edit,Take Me To Church,Don't Start Now,There's Nothing Holdin' Me Back,Bohemian Rhapsody - Remastered 2011,Watermelon Sugar,Shallow,zstd,reverse,
Photograph,Photograph,Counting Stars,Shape of You,Can't Hold Us feat. Ray Dalton,Die For You,Stressed Out,Havana feat. Young Thug,My Goodbye,Ether,Thinking out Loud,zstd,reverse,
Sorry,Sorry,Choke,Havana feat. Young Thug,Can't Hold Us feat. Ray Dalton,Bohemian Rhapsody - Remastered 2011,No Role Modelz,Thunder,God's Plan,SICKO MODE,Sweater Weather,zstd,reverse,
Sparkling Moments,Sparkling Moments,Señorita,Circles,Havana feat. Young Thug,Can't Hold Us feat. Ray Dalton,Stressed Out,Bohemian Rhapsody - Remastered 2011,New Rules,Smells Like Teen Spirit,Thinking out Loud,zstd,reverse,
Unforgettable,Unforgettable,Counting Stars,Heat Waves,Bohemian Rhapsody - Remastered 2011,My Goodbye,Treat You Better,Havana feat. Young Thug,Shape of You,Mr. Brightside,Viva La Vida,zstd,reverse,
The Night We Met,The Night We Met,Havana feat. Young Thug,Lucid Dreams,Can't Hold Us feat. Ray Dalton,Thinking out Loud,Shape of You,There's Nothing Holdin' Me Back,Bohemian Rhapsody - Remastered 2011,God's Plan,Wake Me Up - Radio Edit,zstd,reverse,
Believer,Believer,Havana feat. Young Thug,No Role Modelz,Bohemian Rhapsody - Remastered 2011,Lose Yourself,Do I Wanna Know?,Sweater Weather,That's What I Like,bad guy,Can't Hold Us feat. Ray Dalton,zstd,reverse,
New Rules,New Rules,Can't Hold Us feat. Ray Dalton,Havana feat. Young Thug,One Kiss with Dua Lipa,Watermelon Sugar,Starboy,Señorita,Sweater Weather,Don't Start Now,Something Just Like This,zstd,reverse,
Happier,Happier,Havana feat. Young Thug,Too Good At Goodbyes,One Kiss with Dua Lipa,Bohemian Rhapsody - Remastered 2011,New Rules,Can't Hold Us feat. Ray Dalton,Do I Wanna Know?,God's Plan,SICKO MODE,zstd,reverse,
