One Dance,One Dance,All of Me,Havana feat. Young Thug,God's Plan,Can't Hold Us feat. Ray Dalton,Unforgettable,Bohemian Rhapsody - Remastered 2011,Choke,Closer,INDUSTRY BABY feat. Jack Harlow,bzip2,reverb,80
In the End,In the End,Mr. Brightside,Bohemian Rhapsody - Remastered 2011,Treat You Better,My Goodbye,Smells Like Teen Spirit,Can't Hold Us feat. Ray Dalton,God's Plan,Sweater Weather,Closer,bzip2,reverb,80
Believer,Believer,That's What I Like,Bohemian Rhapsody - Remastered 2011,Can't Hold Us feat. Ray Dalton,Choke,Treat You Better,No Role Modelz,INDUSTRY BABY feat. Jack Harlow,STAY with Justin Bieber,Shape of You,bzip2,reverb,80
7 rings,7 rings,Die For You,Unforgettable,My Goodbye,Counting Stars,Shape of You,God's Plan,Choke,Ether,Can't Hold Us feat. Ray Dalton,bzip2,reverb,80
Counting Stars,Counting Stars,Die For You,Photograph,Can't Hold Us feat. Ray Dalton,Shape of You,My Goodbye,Treat You Better,Thinking out Loud,All of Me,Bohemian Rhapsody - Remastered 2011,bzip2,reverb,80
No Role Modelz,No Role Modelz,Can't Hold Us feat. Ray Dalton,Closer,Sweater Weather,Watermelon Sugar,All of Me,New Rules,God's Plan,Treat You Better,Bohemian Rhapsody - Remastered 2011,bzip2,reverb,80
Yellow,Yellow,All of Me,Can't Hold Us feat. Ray Dalton,God's Plan,Bohemian Rhapsody - Remastered 2011,Counting Stars,When I Was Your Man,Closer,Let Her Go,Take Me To Church,bzip2,reverb,80
Flowers,Flowers,Watermelon Sugar,New Rules,Can't Hold Us feat. Ray Dalton,Don't Start Now,Bohemian Rhapsody - Remastered 2011,Señorita,Do I Wanna Know?,Too Good At Goodbyes,There's Nothing Holdin' Me Back,bzip2,reverb,80
Sorry,Sorry,Havana feat. Young Thug,Bohemian Rhapsody - Remastered 2011,Can't Hold Us feat. Ray Dalton,Smells Like Teen Spirit,All of Me,God's Plan,Señorita,Sweater Weather,Too Good At Goodbyes,bzip2,reverb,80
The Hills,The Hills,Bohemian Rhapsody - Remastered 2011,Havana feat. Young Thug,All of Me,No Role Modelz,That's What I Like,Can't Hold Us feat. Ray Dalton,Lean On feat. MØ & DJ Snake,INDUSTRY BABY feat. Jack Harlow,Sorry,bzip2,reverb,80
Mr,Mr. Brightside,Treat You Better,Viva La Vida,Bohemian Rhapsody - Remastered 2011,Smells Like Teen Spirit,My Goodbye,In the End,God's Plan,Can't Hold Us feat. Ray Dalton,Counting Stars,bzip2,reverb,80
goosebumps,goosebumps,New Rules,Can't Hold Us feat. Ray Dalton,Don't Start Now,SICKO MODE,Choke,God's Plan,Walk On Water,My Goodbye,Too Good At Goodbyes,bzip2,reverb,80
Circles,Circles,Bohemian Rhapsody - Remastered 2011,Can't Hold Us feat. Ray Dalton,Don't Start Now,One Kiss with Dua Lipa,Watermelon Sugar,Happier,Another Love,Señorita,Shape of You,bzip2,reverb,80
Watermelon Sugar,Watermelon Sugar,Flowers,Too Good At Goodbyes,Do I Wanna Know?,Bohemian Rhapsody - Remastered 2011,Say You Won't Let Go,Another Love,Can't Hold Us feat. Ray Dalton,Sweater Weather,Stressed Out,bzip2,reverb,80
Another Love,Another Love,Can't Hold Us feat. Ray Dalton,All of Me,Take Me To Church,Bohemian Rhapsody - Remastered 2011,God's Plan,Shape of You,Stressed Out,Do I Wanna Know?,Watermelon Sugar,bzip2,reverb,80
Die For You,Die For You,Shape of You,My Goodbye,7 rings,Counting Stars,Can't Hold Us feat. Ray Dalton,Cruel Summer,Without Me with Juice WRLD,Unforgettable,Photograph,bzip2,reverb,80
Walk On Water,Walk On Water,Watermelon Sugar,Stressed Out,New Rules,Can't Hold Us feat. Ray Dalton,Thunder,Closer,Another Love,Treat You Better,Bohemian Rhapsody - Remastered 2011,bzip2,reverb,80
Closer,Closer,Bohemian Rhapsody - Remastered 2011,All of Me,Viva La Vida,Choke,Can't Hold Us feat. Ray Dalton,Sweater Weather,Treat You Better,INDUSTRY BABY feat. Jack Harlow,No Role Modelz,bzip2,reverb,80
Choke,Choke,STAY with Justin Bieber,Closer,That's What I Like,Can't Hold Us feat. Ray Dalton,Die For You,Without Me with Juice WRLD,Unforgettable,My Goodbye,INDUSTRY BABY feat. Jack Harlow,bzip2,reverb,80
Sparkling Moments,Sparkling Moments,God's Plan,Havana feat. Young Thug,Smells Like Teen Spirit,When I Was Your Man,All of Me,Señorita,Bohemian Rhapsody - Remastered 2011,Can't Hold Us feat. Ray Dalton,Circles,bzip2,reverb,80
HUMBLE,HUMBLE.,bad guy,Can't Hold Us feat. Ray Dalton,God's Plan,INDUSTRY BABY feat. Jack Harlow,Shine On,SICKO MODE,Lose Yourself,VICIOUS CYCLE,Havana feat. Young Thug,bzip2,reverb,80
Lele,Lele,Closer,Unforgettable,All of Me,Choke,Bohemian Rhapsody - Remastered 2011,Die For You,In the End,Without Me with Juice WRLD,Can't Hold Us feat. Ray Dalton,bzip2,reverb,80
Can't Hold Us feat,Can't Hold Us feat. Ray Dalton,Don't Start Now,One Kiss with Dua Lipa,XO Tour Llif3,New Rules,There's Nothing Holdin' Me Back,Another Love,God's Plan,Lose Yourself,Bohemian Rhapsody - Remastered 2011,bzip2,reverb,80
As It Was,As It Was,My Goodbye,Die For You,Counting Stars,Can't Hold Us feat. Ray Dalton,Another Love,Shape of You,Bohemian Rhapsody - Remastered 2011,Ether,God's Plan,bzip2,reverb,80
bad guy,bad guy,Stressed Out,Lose Yourself,Let Her Go,Bohemian Rhapsody - Remastered 2011,New Rules,Havana feat. Young Thug,Can't Hold Us feat. Ray Dalton,God's Plan,Circles,bzip2,reverb,80
I Wanna Be Yours,I Wanna Be Yours,Man On the Moon,Bohemian Rhapsody - Remastered 2011,Sweater Weather,Viva La Vida,God's Plan,Can't Hold Us feat. Ray Dalton,Demons,Let Me Love You,Do I Wanna Know?,bzip2,reverb,80
Sweater Weather,Sweater Weather,Bohemian Rhapsody - Remastered 2011,Too Good At Goodbyes,Havana feat. Young Thug,Can't Hold Us feat. Ray Dalton,All of Me,Viva La Vida,Man On the Moon,God's Plan,I Wanna Be Yours,bzip2,reverb,80
SAD!,SAD!,Bohemian Rhapsody - Remastered 2011,All of Me,When I Was Your Man,Can't Hold Us feat. Ray Dalton,Sweater Weather,Closer,God's Plan,Love Yourself,Treat You Better,bzip2,reverb,80
Do I Wanna Know,Do I Wanna Know?,Sweater Weather,Bohemian Rhapsody - Remastered 2011,Man On the Moon,Can't Hold Us feat. Ray Dalton,Say You Won't Let Go,Closer,Watermelon Sugar,Stay With Me,Another Love,bzip2,reverb,80
In the Morning,In the Morning,Bohemian Rhapsody - Remastered 2011,Can't Hold Us feat. Ray Dalton,Havana feat. Young Thug,Lose Yourself,Do I Wanna Know?,Closer,Counting Stars,All of Me,Treat You Better,bzip2,reverb,80
Thinking out Loud,Thinking out Loud,Don't Start Now,There's Nothing Holdin' Me Back,Watermelon Sugar,Flowers,Can't Hold Us feat. Ray Dalton,Take Me To Church,Bohemian Rhapsody - Remastered 2011,Shape of You,New Rules,bzip2,reverb,80
Say You Won't Let Go,Say You Won't Let Go,Do I Wanna Know?,Bohemian Rhapsody - Remastered 2011,Sweater Weather,Happier,Watermelon Sugar,God's Plan,Can't Hold Us feat. Ray Dalton,Man On the Moon,Closer,bzip2,reverb,80
Every Breath You Take,Every Breath You Take,Treat You Better,God's Plan,Bohemian Rhapsody - Remastered 2011,Mr. Brightside,Closer,Smells Like Teen Spirit,Can't Hold Us feat. Ray Dalton,Photograph,Die For You,bzip2,reverb,80
Starboy,Starboy,New Rules,Stressed Out,Señorita,Havana feat. Young Thug,Do I Wanna Know?,One Kiss with Dua Lipa,Circles,Can't Hold Us feat. Ray Dalton,Bohemian Rhapsody - Remastered 2011,bzip2,reverb,80
Take Me To Church,Take Me To Church,Bohemian Rhapsody - Remastered 2011,Thinking out Loud,God's Plan,Can't Hold Us feat. Ray Dalton,Another Love,Do I Wanna Know?,Flowers,Watermelon Sugar,Don't Start Now,bzip2,reverb,80
Shape of You,Shape of You,Die For You,My Goodbye,Counting Stars,Can't Hold Us feat. Ray Dalton,7 rings,Bohemian Rhapsody - Remastered 2011,Photograph,Unforgettable,There's Nothing Holdin' Me Back,bzip2,reverb,80
Cruel Summer,Cruel Summer,Can't Hold Us feat. Ray Dalton,Bohemian Rhapsody - Remastered 2011,Counting Stars,Thinking out Loud,Shape of You,Walk On Water,My Goodbye,Treat You Better,There's Nothing Holdin' Me Back,bzip2,reverb,80
LOOP feat,LOOP feat. Lil Cherry,God's Plan,Havana feat. Young Thug,All of Me,Every Breath You Take,Can't Hold Us feat. Ray Dalton,Bohemian Rhapsody - Remastered 2011,Treat You Better,Love Yourself,Man On the Moon,bzip2,reverb,80
Happier,Happier,One Kiss with Dua Lipa,New Rules,Just the Way You Are,Can't Hold Us feat. Ray Dalton,Do I Wanna Know?,Too Good At Goodbyes,Watermelon Sugar,Say You Won't Let Go,Stressed Out,bzip2,reverb,80
Lean On feat,Lean On feat. MØ & DJ Snake,Choke,New Rules,INDUSTRY BABY feat. Jack Harlow,Havana feat. Young Thug,Sweater Weather,Bohemian Rhapsody - Remastered 2011,When I Was Your Man,Do I Wanna Know?,Can't Hold Us feat. Ray Dalton,bzip2,reverb,80
The Night We Met,The Night We Met,Havana feat. Young Thug,God's Plan,Can't Hold Us feat. Ray Dalton,Bohemian Rhapsody - Remastered 2011,There's Nothing Holdin' Me Back,Thinking out Loud,Counting Stars,Smells Like Teen Spirit,Lose Yourself,bzip2,reverb,80
Too Good At Goodbyes,Too Good At Goodbyes,Bohemian Rhapsody - Remastered 2011,Watermelon Sugar,Stressed Out,Just the Way You Are,Man On the Moon,Do I Wanna Know?,Say You Won't Let Go,Sweater Weather,Can't Hold Us feat. Ray Dalton,bzip2,reverb,80
Stressed Out,Stressed Out,Treat You Better,New Rules,Walk On Water,Man On the Moon,Thinking out Loud,Can't Hold Us feat. Ray Dalton,Coconut Water,Bohemian Rhapsody - Remastered 2011,INDUSTRY BABY feat. Jack Harlow,bzip2,reverb,80
Don't Start Now,Don't Start Now,New Rules,Señorita,Thinking out Loud,Can't Hold Us feat. Ray Dalton,Watermelon Sugar,Stressed Out,Choke,Bohemian Rhapsody - Remastered 2011,Counting Stars,bzip2,reverb,80
Bohemian Rhapsody - Remastered 2011,Bohemian Rhapsody - Remastered 2011,Havana feat. Young Thug,All of Me,Sweater Weather,Closer,Can't Hold Us feat. Ray Dalton,God's Plan,Man On the Moon,Treat You Better,No Role Modelz,bzip2,reverb,80
Riptide,Riptide,God's Plan,Can't Hold Us feat. Ray Dalton,Bohemian Rhapsody - Remastered 2011,All of Me,That's What I Like,Die For You,Watermelon Sugar,Thinking out Loud,Say You Won't Let Go,bzip2,reverb,80
God's Plan,God's Plan,Can't Hold Us feat. Ray Dalton,Choke,HUMBLE.,No Role Modelz,bad guy,Jocelyn Flores,New Rules,Bohemian Rhapsody - Remastered 2011,Demons,bzip2,reverb,80
Thunder,Thunder,New Rules,Can't Hold Us feat. Ray Dalton,Stressed Out,Señorita,Sweater Weather,Too Good At Goodbyes,God's Plan,Coconut Water,Choke,bzip2,reverb,80
Someone You Loved,Someone You Loved,Treat You Better,God's Plan,Bohemian Rhapsody - Remastered 2011,My Goodbye,All of Me,Viva La Vida,That's What I Like,Mr. Brightside,Closer,bzip2,reverb,80
Lucid Dreams,Lucid Dreams,Unforgettable,Can't Hold Us feat. Ray Dalton,All of Me,Die For You,Choke,New Rules,Bohemian Rhapsody - Remastered 2011,Havana feat. Young Thug,goosebumps,bzip2,reverb,80
Treat You Better,Treat You Better,Mr. Brightside,My Goodbye,Closer,Bohemian Rhapsody - Remastered 2011,Every Breath You Take,Viva La Vida,Smells Like Teen Spirit,Believer,Man On the Moon,bzip2,reverb,80
Love Yourself,Love Yourself,Counting Stars,INDUSTRY BABY feat. Jack Harlow,Ether,Havana feat. Young Thug,Shape of You,Die For You,Another Love,My Goodbye,Heat Waves,bzip2,reverb,80
Man On the Moon,Man On the Moon,Do I Wanna Know?,Sweater Weather,Bohemian Rhapsody - Remastered 2011,Havana feat. Young Thug,Too Good At Goodbyes,Stay With Me,God's Plan,I Wanna Be Yours,Treat You Better,bzip2,reverb,80
Viva La Vida,Viva La Vida,Closer,Bohemian Rhapsody - Remastered 2011,Treat You Better,Mr. Brightside,God's Plan,Can't Hold Us feat. Ray Dalton,Demons,Smells Like Teen Spirit,Do I Wanna Know?,bzip2,reverb,80
Stay With Me,Stay With Me,Stressed Out,Watermelon Sugar,New Rules,Too Good At Goodbyes,Bohemian Rhapsody - Remastered 2011,Do I Wanna Know?,Can't Hold Us feat. Ray Dalton,Man On the Moon,Don't Start Now,bzip2,reverb,80
Heat Waves,Heat Waves,My Goodbye,Treat You Better,Bohemian Rhapsody - Remastered 2011,Die For You,All of Me,Counting Stars,Choke,Can't Hold Us feat. Ray Dalton,Mr. Brightside,bzip2,reverb,80
rockstar,rockstar,INDUSTRY BABY feat. Jack Harlow,Can't Hold Us feat. Ray Dalton,God's Plan,Lean On feat. MØ & DJ Snake,Let Her Go,Havana feat. Young Thug,New Rules,All of Me,Unforgettable,bzip2,reverb,80
Unforgettable,Unforgettable,My Goodbye,Die For You,Choke,Can't Hold Us feat. Ray Dalton,Closer,Treat You Better,Counting Stars,No Role Modelz,Shape of You,bzip2,reverb,80
Señorita,Señorita,Flowers,New Rules,Circles,Watermelon Sugar,Bohemian Rhapsody - Remastered 2011,Can't Hold Us feat. Ray Dalton,Too Good At Goodbyes,Stressed Out,One Kiss with Dua Lipa,bzip2,reverb,80
One Kiss with Dua Lipa,One Kiss with Dua Lipa,New Rules,Happier,Havana feat. Young Thug,Can't Hold Us feat. Ray Dalton,Stressed Out,Bohemian Rhapsody - Remastered 2011,Do I Wanna Know?,Watermelon Sugar,Treat You Better,bzip2,reverb,80
There's Nothing Holdin' Me Back,There's Nothing Holdin' Me Back,Thinking out Loud,New Rules,God's Plan,When I Was Your Man,Counting Stars,Flowers,Don't Start Now,Wake Me Up - Radio Edit,Die For You,bzip2,reverb,80
Photograph,Photograph,Love Yourself,Counting Stars,Havana feat. Young Thug,My Goodbye,God's Plan,Thinking out Loud,Die For You,Can't Hold Us feat. Ray Dalton,Shape of You,bzip2,reverb,80
Let Her Go,Let Her Go,Watermelon Sugar,Flowers,Stressed Out,Do I Wanna Know?,Bohemian Rhapsody - Remastered 2011,Another Love,Too Good At Goodbyes,Walk On Water,Say You Won't Let Go,bzip2,reverb,80
All of Me,All of Me,Closer,HUMBLE.,Viva La Vida,INDUSTRY BABY feat. Jack Harlow,Bohemian Rhapsody - Remastered 2011,Sweater Weather,No Role Modelz,STAY with Justin Bieber,Counting Stars,bzip2,reverb,80
Shine On,Shine On,Treat You Better,Viva La Vida,Bohemian Rhapsody - Remastered 2011,Closer,Choke,Stressed Out,God's Plan,All of Me,Mr. Brightside,bzip2,reverb,80
SICKO MODE,SICKO MODE,Choke,Havana feat. Young Thug,Can't Hold Us feat. Ray Dalton,Closer,Bohemian Rhapsody - Remastered 2011,Shape of You,Die For You,God's Plan,INDUSTRY BABY feat. Jack Harlow,bzip2,reverb,80
No Signal,No Signal,Man On the Moon,I Wanna Be Yours,Do I Wanna Know?,Bohemian Rhapsody - Remastered 2011,Happier,Can't Hold Us feat. Ray Dalton,Closer,Let Me Love You,New Rules,bzip2,reverb,80
Smells Like Teen Spirit,Smells Like Teen Spirit,Mr. Brightside,Bohemian Rhapsody - Remastered 2011,God's Plan,Treat You Better,Closer,Can't Hold Us feat. Ray Dalton,Choke,Viva La Vida,All of Me,bzip2,reverb,80
Ether,Ether,Can't Hold Us feat. Ray Dalton,Die For You,All of Me,God's Plan,Unforgettable,When I Was Your Man,Bohemian Rhapsody - Remastered 2011,Counting Stars,My Goodbye,bzip2,reverb,80
XO Tour Llif3,XO Tour Llif3,God's Plan,Can't Hold Us feat. Ray Dalton,Happier,Choke,Bohemian Rhapsody - Remastered 2011,Stressed Out,SICKO MODE,Do I Wanna Know?,Lose Yourself,bzip2,reverb,80
Without Me with Juice WRLD,Without Me with Juice WRLD,My Goodbye,Die For You,Choke,Shape of You,That's What I Like,Havana feat. Young Thug,Bohemian Rhapsody - Remastered 2011,Unforgettable,Counting Stars,bzip2,reverb,80
Centipede,Centipede,Another Love,Can't Hold Us feat. Ray Dalton,Let Her Go,Bohemian Rhapsody - Remastered 2011,Walk On Water,God's Plan,Havana feat. Young Thug,Take Me To Church,Flowers,bzip2,reverb,80
My Goodbye,My Goodbye,Counting Stars,Unforgettable,Die For You,There's Nothing Holdin' Me Back,Can't Hold Us feat. Ray Dalton,Treat You Better,Bohemian Rhapsody - Remastered 2011,Shape of You,God's Plan,bzip2,reverb,80
That's What I Like,That's What I Like,STAY with Justin Bieber,Choke,Believer,Treat You Better,My Goodbye,7 rings,Die For You,Man On the Moon,Without Me with Juice WRLD,bzip2,reverb,80
Jocelyn Flores,Jocelyn Flores,INDUSTRY BABY feat. Jack Harlow,God's Plan,Bohemian Rhapsody - Remastered 2011,Shine On,SICKO MODE,Havana feat. Young Thug,Just the Way You Are,Treat You Better,Can't Hold Us feat. Ray Dalton,bzip2,reverb,80
New Rules,New Rules,One Kiss with Dua Lipa,Señorita,Another Love,Happier,Stressed Out,Coconut Water,goosebumps,Can't Hold Us feat. Ray Dalton,Stay With Me,bzip2,reverb,80
STAY with Justin Bieber,STAY with Justin Bieber,Treat You Better,Viva La Vida,Believer,Mr. Brightside,My Goodbye,Smells Like Teen Spirit,Closer,All of Me,Can't Hold Us feat. Ray Dalton,bzip2,reverb,80
Cuidado,Cuidado,STAY with Justin Bieber,Stay With Me,Choke,Bohemian Rhapsody - Remastered 2011,Man On the Moon,New Rules,Closer,Can't Hold Us feat. Ray Dalton,Too Good At Goodbyes,bzip2,reverb,80
Shallow,Shallow,Can't Hold Us feat. Ray Dalton,Too Good At Goodbyes,Sweater Weather,Bohemian Rhapsody - Remastered 2011,Thinking out Loud,Havana feat. Young Thug,Another Love,God's Plan,Do I Wanna Know?,bzip2,reverb,80
lovely with Khalid,lovely with Khalid,Another Love,Can't Hold Us feat. Ray Dalton,Shape of You,Thinking out Loud,Bohemian Rhapsody - Remastered 2011,Don't Start Now,Photograph,My Goodbye,Stressed Out,bzip2,reverb,80
Demons,Demons,INDUSTRY BABY feat. Jack Harlow,Closer,Bohemian Rhapsody - Remastered 2011,HUMBLE.,Sweater Weather,SICKO MODE,All of Me,Do I Wanna Know?,Lose Yourself,bzip2,reverb,80
Wake Me Up - Radio Edit,Wake Me Up - Radio Edit,Bohemian Rhapsody - Remastered 2011,Can't Hold Us feat. Ray Dalton,Another Love,All of Me,Shape of You,When I Was Your Man,There's Nothing Holdin' Me Back,God's Plan,Watermelon Sugar,bzip2,reverb,80
When I Was Your Man,When I Was Your Man,Can't Hold Us feat. Ray Dalton,One Kiss with Dua Lipa,New Rules,Flowers,Just the Way You Are,Lose Yourself,Too Good At Goodbyes,Happier,Bohemian Rhapsody - Remastered 2011,bzip2,reverb,80
Just the Way You Are,Just the Way You Are,Can't Hold Us feat. Ray Dalton,God's Plan,Watermelon Sugar,Happier,Too Good At Goodbyes,New Rules,Bohemian Rhapsody - Remastered 2011,Say You Won't Let Go,Do I Wanna Know?,bzip2,reverb,80
Something Just Like This,Something Just Like This,New Rules,Die For You,One Kiss with Dua Lipa,My Goodbye,Shape of You,Another Love,Starboy,Can't Hold Us feat. Ray Dalton,Stressed Out,bzip2,reverb,80
Without Me,Without Me,Stressed Out,Sweater Weather,Too Good At Goodbyes,Havana feat. Young Thug,Watermelon Sugar,Bohemian Rhapsody - Remastered 2011,New Rules,Can't Hold Us feat. Ray Dalton,Shallow,bzip2,reverb,80
Coconut Water,Coconut Water,Can't Hold Us feat. Ray Dalton,New Rules,Stressed Out,Something Just Like This,Another Love,Don't Start Now,Happier,Señorita,Flowers,bzip2,reverb,80
Havana feat,Havana feat. Young Thug,Sweater Weather,bad guy,Do I Wanna Know?,Say You Won't Let Go,Choke,Cuidado,Bohemian Rhapsody - Remastered 2011,Believer,Can't Hold Us feat. Ray Dalton,bzip2,reverb,80
INDUSTRY BABY feat,INDUSTRY BABY feat. Jack Harlow,SICKO MODE,Choke,Shine On,God's Plan,That's What I Like,Unforgettable,No Role Modelz,Lean On feat. MØ & DJ Snake,Die For You,bzip2,reverb,80
Lose Yourself,Lose Yourself,All of Me,When I Was Your Man,Bohemian Rhapsody - Remastered 2011,Can't Hold Us feat. Ray Dalton,Treat You Better,Stressed Out,Havana feat. Young Thug,Sweater Weather,Love Yourself,bzip2,reverb,80
Let Me Love You,Let Me Love You,Bohemian Rhapsody - Remastered 2011,Man On the Moon,Sweater Weather,Closer,Smells Like Teen Spirit,Viva La Vida,Demons,Choke,All of Me,bzip2,reverb,80
VICIOUS CYCLE,VICIOUS CYCLE,God's Plan,Can't Hold Us feat. Ray Dalton,One Kiss with Dua Lipa,Coconut Water,Havana feat. Young Thug,SICKO MODE,All of Me,Sweater Weather,goosebumps,bzip2,reverb,80
Sunflower - Spider-Man Into the Spider-Verse,Sunflower - Spider-Man: Into the Spider-Verse,Don't Start Now,There's Nothing Holdin' Me Back,Can't Hold Us feat. Ray Dalton,Circles,New Rules,Thinking out Loud,goosebumps,Flowers,Bohemian Rhapsody - Remastered 2011,bzip2,reverb,80
