Ether,Ether,Can't Hold Us feat. Ray Dalton,Die For You,Counting Stars,My Goodbye,Shape of You,Photograph,All of Me,Bohemian Rhapsody - Remastered 2011,Another Love,bzip2,reverse,
Don't Start Now,Don't Start Now,Thinking out Loud,New Rules,Can't Hold Us feat. Ray Dalton,When I Was Your Man,There's Nothing Holdin' Me Back,Flowers,XO Tour Llif3,Choke,Die For You,bzip2,reverse,
Counting Stars,Counting Stars,Photograph,Die For You,My Goodbye,Shape of You,Can't Hold Us feat. Ray Dalton,Bohemian Rhapsody - Remastered 2011,Love Yourself,Choke,Unforgettable,bzip2,reverse,
I Wanna Be Yours,I Wanna Be Yours,Man On the Moon,Bohemian Rhapsody - Remastered 2011,Sweater Weather,INDUSTRY BABY feat. Jack Harlow,Demons,Viva La Vida,Do I Wanna Know?,Can't Hold Us feat. Ray Dalton,Smells Like Teen Spirit,bzip2,reverse,
Centipede,Centipede,Can't Hold Us feat. Ray Dalton,Let Her Go,Don't Start Now,Flowers,Another Love,Shallow,Bohemian Rhapsody - Remastered 2011,Take Me To Church,Stressed Out,bzip2,reverse,
Choke,Choke,INDUSTRY BABY feat. Jack Harlow,That's What I Like,STAY with Justin Bieber,Unforgettable,Closer,Do I Wanna Know?,Believer,Shine On,No Role Modelz,bzip2,reverse,
Bohemian Rhapsody - Remastered 2011,Bohemian Rhapsody - Remastered 2011,Do I Wanna Know?,Closer,Can't Hold Us feat. Ray Dalton,Say You Won't Let Go,Choke,Treat You Better,Shine On,God's Plan,Mr. Brightside,bzip2,reverse,
Señorita,Señorita,New Rules,Stressed Out,Another Love,Can't Hold Us feat. Ray Dalton,goosebumps,Too Good At Goodbyes,Circles,Don't Start Now,Thunder,bzip2,reverse,
Treat You Better,Treat You Better,Mr. Brightside,Viva La Vida,My Goodbye,Every Breath You Take,Bohemian Rhapsody - Remastered 2011,God's Plan,Smells Like Teen Spirit,Can't Hold Us feat. Ray Dalton,All of Me,bzip2,reverse,
LOOP feat. Lil Cherry,LOOP feat. Lil Cherry,Havana feat. Young Thug,Do I Wanna Know?,God's Plan,Believer,Every Breath You Take,That's What I Like,Bohemian Rhapsody - Remastered 2011,Counting Stars,Can't Hold Us feat. Ray Dalton,bzip2,reverse,
Sunflower - Spider-Man Into the Spider-Verse,Sunflower - Spider-Man: Into the Spider-Verse,There's Nothing Holdin' Me Back,New Rules,Circles,Don't Start Now,Can't Hold Us feat. Ray Dalton,Thinking out Loud,Wake Me Up - Radio Edit,Bohemian Rhapsody - Remastered 2011,XO Tour Llif3,bzip2,reverse,
Sweater Weather,Sweater Weather,Do I Wanna Know?,Bohemian Rhapsody - Remastered 2011,Man On the Moon,Too Good At Goodbyes,Watermelon Sugar,Can't Hold Us feat. Ray Dalton,Say You Won't Let Go,No Role Modelz,Flowers,bzip2,reverse,
Wake Me Up - Radio Edit,Wake Me Up - Radio Edit,Don't Start Now,Can't Hold Us feat. Ray Dalton,Thinking out Loud,God's Plan,Bohemian Rhapsody - Remastered 2011,Watermelon Sugar,There's Nothing Holdin' Me Back,Another Love,SICKO MODE,bzip2,reverse,
No Signal,No Signal,Do I Wanna Know?,Man On the Moon,I Wanna Be Yours,Bohemian Rhapsody - Remastered 2011,Havana feat. Young Thug,Viva La Vida,Say You Won't Let Go,INDUSTRY BABY feat. Jack Harlow,Happier,bzip2,reverse,
rockstar,rockstar,Shine On,God's Plan,INDUSTRY BABY feat. Jack Harlow,That's What I Like,bad guy,Happier,Choke,One Kiss with Dua Lipa,Can't Hold Us feat. Ray Dalton,bzip2,reverse,
SICKO MODE,SICKO MODE,INDUSTRY BABY feat. Jack Harlow,Havana feat. Young Thug,Can't Hold Us feat. Ray Dalton,Love Yourself,Jocelyn Flores,Choke,HUMBLE.,That's What I Like,Die For You,bzip2,reverse,
Let Me Love You,Let Me Love You,Bohemian Rhapsody - Remastered 2011,Man On the Moon,Sweater Weather,Do I Wanna Know?,Havana feat. Young Thug,God's Plan,Viva La Vida,Can't Hold Us feat. Ray Dalton,Demons,bzip2,reverse,
Stressed Out,Stressed Out,Jocelyn Flores,Choke,Bohemian Rhapsody - Remastered 2011,Too Good At Goodbyes,Don't Start Now,Happier,New Rules,One Kiss with Dua Lipa,Havana feat. Young Thug,bzip2,reverse,
That's What I Like,That's What I Like,INDUSTRY BABY feat. Jack Harlow,HUMBLE.,Choke,Believer,Just the Way You Are,No Role Modelz,God's Plan,STAY with Justin Bieber,Havana feat. Young Thug,bzip2,reverse,
Without Me with Juice WRLD,Without Me with Juice WRLD,That's What I Like,Choke,SICKO MODE,Die For You,Lose Yourself,INDUSTRY BABY feat. Jack Harlow,Havana feat. Young Thug,7 rings,Closer,bzip2,reverse,
Love Yourself,Love Yourself,INDUSTRY BABY feat. Jack Harlow,Shape of You,Counting Stars,My Goodbye,XO Tour Llif3,HUMBLE.,God's Plan,SICKO MODE,Photograph,bzip2,reverse,
Lean On feat. MØ & DJ Snake,Lean On feat. MØ & DJ Snake,rockstar,INDUSTRY BABY feat. Jack Harlow,New Rules,God's Plan,That's What I Like,Havana feat. Young Thug,Happier,One Kiss with Dua Lipa,Choke,bzip2,reverse,
In the Morning,In the Morning,All of Me,Bohemian Rhapsody - Remastered 2011,Havana feat. Young Thug,INDUSTRY BABY feat. Jack Harlow,Closer,Choke,No Role Modelz,Lose Yourself,Treat You Better,bzip2,reverse,
7 rings,7 rings,Die For You,Without Me with Juice WRLD,That's What I Like,My Goodbye,Choke,Shape of You,STAY with Justin Bieber,Can't Hold Us feat. Ray Dalton,XO Tour Llif3,bzip2,reverse,
Shallow,Shallow,Can't Hold Us feat. Ray Dalton,Take Me To Church,God's Plan,Thinking out Loud,Another Love,Walk On Water,Bohemian Rhapsody - Remastered 2011,Havana feat. Young Thug,Too Good At Goodbyes,bzip2,reverse,
Cruel Summer,Cruel Summer,Thinking out Loud,God's Plan,Can't Hold Us feat. Ray Dalton,My Goodbye,There's Nothing Holdin' Me Back,Don't Start Now,Shape of You,Die For You,Counting Stars,bzip2,reverse,
HUMBLE.,HUMBLE.,Jocelyn Flores,bad guy,That's What I Like,Choke,No Role Modelz,SICKO MODE,Do I Wanna Know?,INDUSTRY BABY feat. Jack Harlow,Shine On,bzip2,reverse,
Smells Like Teen Spirit,Smells Like Teen Spirit,Treat You Better,Mr. Brightside,Too Good At Goodbyes,All of Me,Bohemian Rhapsody - Remastered 2011,God's Plan,Every Breath You Take,Believer,Thunder,bzip2,reverse,
One Kiss with Dua Lipa,One Kiss with Dua Lipa,New Rules,Can't Hold Us feat. Ray Dalton,Happier,Do I Wanna Know?,Sparkling Moments,Coconut Water,God's Plan,Circles,No Role Modelz,bzip2,reverse,
Let Her Go,Let Her Go,Another Love,Watermelon Sugar,Flowers,Havana feat. Young Thug,Do I Wanna Know?,Stressed Out,God's Plan,Too Good At Goodbyes,Can't Hold Us feat. Ray Dalton,bzip2,reverse,
Coconut Water,Coconut Water,New Rules,Can't Hold Us feat. Ray Dalton,Stressed Out,Don't Start Now,goosebumps,Another Love,Circles,Something Just Like This,Thinking out Loud,bzip2,reverse,
Circles,Circles,Señorita,Can't Hold Us feat. Ray Dalton,Do I Wanna Know?,Watermelon Sugar,Bohemian Rhapsody - Remastered 2011,One Kiss with Dua Lipa,Stressed Out,Too Good At Goodbyes,New Rules,bzip2,reverse,
goosebumps,goosebumps,Choke,New Rules,That's What I Like,No Role Modelz,Bohemian Rhapsody - Remastered 2011,Can't Hold Us feat. Ray Dalton,God's Plan,INDUSTRY BABY feat. Jack Harlow,When I Was Your Man,bzip2,reverse,
Every Breath You Take,Every Breath You Take,God's Plan,Smells Like Teen Spirit,Bohemian Rhapsody - Remastered 2011,Treat You Better,Viva La Vida,All of Me,Can't Hold Us feat. Ray Dalton,Mr. Brightside,Closer,bzip2,reverse,
Say You Won't Let Go,Say You Won't Let Go,All of Me,Do I Wanna Know?,Bohemian Rhapsody - Remastered 2011,Too Good At Goodbyes,No Role Modelz,Watermelon Sugar,Sweater Weather,Closer,New Rules,bzip2,reverse,
Yellow,Yellow,Havana feat. Young Thug,Can't Hold Us feat. Ray Dalton,Counting Stars,Bohemian Rhapsody - Remastered 2011,Thinking out Loud,Lose Yourself,God's Plan,All of Me,Die For You,bzip2,reverse,
God's Plan,God's Plan,HUMBLE.,LOOP feat. Lil Cherry,Havana feat. Young Thug,SICKO MODE,Lose Yourself,That's What I Like,INDUSTRY BABY feat. Jack Harlow,bad guy,Don't Start Now,bzip2,reverse,
There's Nothing Holdin' Me Back,There's Nothing Holdin' Me Back,Don't Start Now,Thinking out Loud,When I Was Your Man,XO Tour Llif3,New Rules,Shape of You,Sunflower - Spider-Man: Into the Spider-Verse,Flowers,God's Plan,bzip2,reverse,
Closer,Closer,Havana feat. Young Thug,No Role Modelz,That's What I Like,INDUSTRY BABY feat. Jack Harlow,Choke,Demons,All of Me,Cuidado,Bohemian Rhapsody - Remastered 2011,bzip2,reverse,
The Hills,The Hills,God's Plan,Bohemian Rhapsody - Remastered 2011,Havana feat. Young Thug,INDUSTRY BABY feat. Jack Harlow,Can't Hold Us feat. Ray Dalton,Do I Wanna Know?,Choke,All of Me,New Rules,bzip2,reverse,
One Dance,One Dance,INDUSTRY BABY feat. Jack Harlow,God's Plan,Do I Wanna Know?,Bohemian Rhapsody - Remastered 2011,Lose Yourself,Havana feat. Young Thug,Choke,All of Me,Cuidado,bzip2,reverse,
Cuidado,Cuidado,STAY with Justin Bieber,Bohemian Rhapsody - Remastered 2011,The Hills,Closer,All of Me,That's What I Like,Say You Won't Let Go,Do I Wanna Know?,Happier,bzip2,reverse,
Man On the Moon,Man On the Moon,Sweater Weather,Bohemian Rhapsody - Remastered 2011,I Wanna Be Yours,Do I Wanna Know?,Too Good At Goodbyes,Say You Won't Let Go,God's Plan,Watermelon Sugar,Thunder,bzip2,reverse,
Lose Yourself,Lose Yourself,Can't Hold Us feat. Ray Dalton,Sweater Weather,Bohemian Rhapsody - Remastered 2011,All of Me,Do I Wanna Know?,Havana feat. Young Thug,Too Good At Goodbyes,My Goodbye,Stressed Out,bzip2,reverse,
Havana feat. Young Thug,Havana feat. Young Thug,bad guy,When I Was Your Man,All of Me,Bohemian Rhapsody - Remastered 2011,Too Good At Goodbyes,God's Plan,INDUSTRY BABY feat. Jack Harlow,goosebumps,Believer,bzip2,reverse,
Thunder,Thunder,Can't Hold Us feat. Ray Dalton,Bohemian Rhapsody - Remastered 2011,Closer,Too Good At Goodbyes,New Rules,Señorita,Havana feat. Young Thug,God's Plan,Happier,bzip2,reverse,
Riptide,Riptide,Bohemian Rhapsody - Remastered 2011,God's Plan,Can't Hold Us feat. Ray Dalton,Smells Like Teen Spirit,Viva La Vida,All of Me,No Role Modelz,Man On the Moon,Do I Wanna Know?,bzip2,reverse,
VICIOUS CYCLE,VICIOUS CYCLE,God's Plan,One Kiss with Dua Lipa,Happier,New Rules,Can't Hold Us feat. Ray Dalton,Shine On,Jocelyn Flores,Coconut Water,SICKO MODE,bzip2,reverse,
No Role Modelz,No Role Modelz,That's What I Like,Choke,New Rules,Believer,Sweater Weather,Closer,Havana feat. Young Thug,INDUSTRY BABY feat. Jack Harlow,Do I Wanna Know?,bzip2,reverse,
Something Just Like This,Something Just Like This,New Rules,Don't Start Now,One Kiss with Dua Lipa,Can't Hold Us feat. Ray Dalton,Thinking out Loud,There's Nothing Holdin' Me Back,Do I Wanna Know?,Another Love,Walk On Water,bzip2,reverse,
STAY with Justin Bieber,STAY with Justin Bieber,That's What I Like,Choke,Believer,No Role Modelz,Cuidado,Treat You Better,All of Me,Unforgettable,Closer,bzip2,reverse,
Viva La Vida,Viva La Vida,Bohemian Rhapsody - Remastered 2011,Closer,Treat You Better,Mr. Brightside,Can't Hold Us feat. Ray Dalton,Man On the Moon,God's Plan,INDUSTRY BABY feat. Jack Harlow,Smells Like Teen Spirit,bzip2,reverse,
Another Love,Another Love,Can't Hold Us feat. Ray Dalton,Bohemian Rhapsody - Remastered 2011,Do I Wanna Know?,Watermelon Sugar,Take Me To Church,Let Her Go,Stressed Out,Thinking out Loud,Don't Start Now,bzip2,reverse,
Can't Hold Us feat. Ray Dalton,Can't Hold Us feat. Ray Dalton,Don't Start Now,HUMBLE.,New Rules,That's What I Like,INDUSTRY BABY feat. Jack Harlow,One Kiss with Dua Lipa,Havana feat. Young Thug,XO Tour Llif3,Choke,bzip2,reverse,
Heat Waves,Heat Waves,My Goodbye,Can't Hold Us feat. Ray Dalton,Die For You,Choke,Unforgettable,Bohemian Rhapsody - Remastered 2011,Mr. Brightside,All of Me,God's Plan,bzip2,reverse,
Mr. Brightside,Mr. Brightside,Treat You Better,Bohemian Rhapsody - Remastered 2011,Smells Like Teen Spirit,In the End,Viva La Vida,God's Plan,Every Breath You Take,Shape of You,My Goodbye,bzip2,reverse,
Shape of You,Shape of You,My Goodbye,Die For You,Counting Stars,7 rings,Photograph,Can't Hold Us feat. Ray Dalton,Bohemian Rhapsody - Remastered 2011,Love Yourself,Unforgettable,bzip2,reverse,
Walk On Water,Walk On Water,Thinking out Loud,Another Love,Let Her Go,My Goodbye,Flowers,Bohemian Rhapsody - Remastered 2011,There's Nothing Holdin' Me Back,Can't Hold Us feat. Ray Dalton,All of Me,bzip2,reverse,
Jocelyn Flores,Jocelyn Flores,INDUSTRY BABY feat. Jack Harlow,Havana feat. Young Thug,Shine On,bad guy,God's Plan,HUMBLE.,SICKO MODE,No Role Modelz,Stressed Out,bzip2,reverse,
bad guy,bad guy,Jocelyn Flores,Too Good At Goodbyes,Bohemian Rhapsody - Remastered 2011,Sweater Weather,Havana feat. Young Thug,Believer,All of Me,Thinking out Loud,Watermelon Sugar,bzip2,reverse,
Do I Wanna Know,Do I Wanna Know?,No Role Modelz,Havana feat. Young Thug,Can't Hold Us feat. Ray Dalton,Believer,Choke,New Rules,Sweater Weather,HUMBLE.,bad guy,bzip2,reverse,
Someone You Loved,Someone You Loved,All of Me,Havana feat. Young Thug,Treat You Better,INDUSTRY BABY feat. Jack Harlow,Say You Won't Let Go,Closer,That's What I Like,Do I Wanna Know?,No Role Modelz,bzip2,reverse,
Stay With Me,Stay With Me,Sweater Weather,Watermelon Sugar,Too Good At Goodbyes,Do I Wanna Know?,Man On the Moon,Bohemian Rhapsody - Remastered 2011,New Rules,Stressed Out,Another Love,bzip2,reverse,
Demons,Demons,Closer,INDUSTRY BABY feat. Jack Harlow,Bohemian Rhapsody - Remastered 2011,Viva La Vida,All of Me,SICKO MODE,God's Plan,Do I Wanna Know?,Sweater Weather,bzip2,reverse,
Flowers,Flowers,Watermelon Sugar,Señorita,Don't Start Now,Bohemian Rhapsody - Remastered 2011,New Rules,One Kiss with Dua Lipa,Can't Hold Us feat. Ray Dalton,Do I Wanna Know?,When I Was Your Man,bzip2,reverse,
Starboy,Starboy,New Rules,One Kiss with Dua Lipa,Stressed Out,All of Me,Die For You,Can't Hold Us feat. Ray Dalton,Something Just Like This,No Role Modelz,Señorita,bzip2,reverse,
Just the Way You Are,Just the Way You Are,New Rules,Happier,Too Good At Goodbyes,Say You Won't Let Go,Watermelon Sugar,Can't Hold Us feat. Ray Dalton,God's Plan,Bohemian Rhapsody - Remastered 2011,No Role Modelz,bzip2,reverse,
All of Me,All of Me,HUMBLE.,Closer,Bohemian Rhapsody - Remastered 2011,That's What I Like,Cuidado,INDUSTRY BABY feat. Jack Harlow,God's Plan,No Role Modelz,Viva La Vida,bzip2,reverse,
Too Good At Goodbyes,Too Good At Goodbyes,Stressed Out,Man On the Moon,Do I Wanna Know?,Sweater Weather,Bohemian Rhapsody - Remastered 2011,Watermelon Sugar,Thunder,Walk On Water,Thinking out Loud,bzip2,reverse,
When I Was Your Man,When I Was Your Man,Havana feat. Young Thug,HUMBLE.,Watermelon Sugar,One Kiss with Dua Lipa,Too Good At Goodbyes,New Rules,Lean On feat. MØ & DJ Snake,Can't Hold Us feat. Ray Dalton,Circles,bzip2,reverse,
lovely with Khalid,lovely with Khalid,Another Love,Can't Hold Us feat. Ray Dalton,God's Plan,Bohemian Rhapsody - Remastered 2011,Thinking out Loud,Happier,Walk On Water,Something Just Like This,New Rules,bzip2,reverse,
Lucid Dreams,Lucid Dreams,HUMBLE.,Can't Hold Us feat. Ray Dalton,Choke,Heat Waves,Unforgettable,Die For You,goosebumps,God's Plan,Havana feat. Young Thug,bzip2,reverse,
As It Was,As It Was,My Goodbye,Can't Hold Us feat. Ray Dalton,Die For You,Another Love,Counting Stars,Shape of You,Bohemian Rhapsody - Remastered 2011,Stressed Out,No Role Modelz,bzip2,reverse,
XO Tour Llif3,XO Tour Llif3,Don't Start Now,HUMBLE.,Can't Hold Us feat. Ray Dalton,New Rules,Choke,God's Plan,Something Just Like This,One Kiss with Dua Lipa,SICKO MODE,bzip2,reverse,
Lele,Lele,Unforgettable,Choke,Closer,Bohemian Rhapsody - Remastered 2011,Havana feat. Young Thug,All of Me,Die For You,Treat You Better,My Goodbye,bzip2,reverse,
My Goodbye,My Goodbye,Heat Waves,Choke,Counting Stars,Don't Start Now,Can't Hold Us feat. Ray Dalton,Die For You,That's What I Like,In the End,Shape of You,bzip2,reverse,
Shine On,Shine On,INDUSTRY BABY feat. Jack Harlow,No Role Modelz,Closer,Bohemian Rhapsody - Remastered 2011,Do I Wanna Know?,Choke,SICKO MODE,Treat You Better,Havana feat. Young Thug,bzip2,reverse,
Watermelon Sugar,Watermelon Sugar,Too Good At Goodbyes,Stressed Out,New Rules,Flowers,When I Was Your Man,Do I Wanna Know?,Señorita,bad guy,Circles,bzip2,reverse,
Without Me,Without Me,Do I Wanna Know?,Havana feat. Young Thug,God's Plan,Thinking out Loud,Bohemian Rhapsody - Remastered 2011,Believer,Too Good At Goodbyes,Can't Hold Us feat. Ray Dalton,SICKO MODE,bzip2,reverse,
SAD!,SAD!,All of Me,Closer,Havana feat. Young Thug,Can't Hold Us feat. Ray Dalton,Bohemian Rhapsody - Remastered 2011,Sweater Weather,Say You Won't Let Go,Watermelon Sugar,Treat You Better,bzip2,reverse,
In the End,In the End,Mr. Brightside,Treat You Better,Bohemian Rhapsody - Remastered 2011,My Goodbye,INDUSTRY BABY feat. Jack Harlow,Smells Like Teen Spirit,Closer,Choke,Can't Hold Us feat. Ray Dalton,bzip2,reverse,
Die For You,Die For You,My Goodbye,7 rings,Without Me with Juice WRLD,Shape of You,Can't Hold Us feat. Ray Dalton,That's What I Like,Something Just Like This,Counting Stars,New Rules,bzip2,reverse,
Take Me To Church,Take Me To Church,Thinking out Loud,Bohemian Rhapsody - Remastered 2011,Can't Hold Us feat. Ray Dalton,Don't Start Now,Watermelon Sugar,God's Plan,Do I Wanna Know?,Another Love,Flowers,bzip2,reverse,
INDUSTRY BABY feat. Jack Harlow,INDUSTRY BABY feat. Jack Harlow,Jocelyn Flores,Choke,HUMBLE.,SICKO MODE,Shine On,That's What I Like,bad guy,Without Me with Juice WRLD,XO Tour Llif3,bzip2,reverse,
Thinking out Loud,Thinking out Loud,Don't Start Now,There's Nothing Holdin' Me Back,Take Me To Church,Watermelon Sugar,New Rules,Can't Hold Us feat. Ray Dalton,XO Tour Llif3,Bohemian Rhapsody - Remastered 2011,Flowers,bzip2,reverse,
Photograph,Photograph,Die For You,Counting Stars,Shape of You,Thinking out Loud,Can't Hold Us feat. Ray Dalton,My Goodbye,goosebumps,God's Plan,Bohemian Rhapsody - Remastered 2011,bzip2,reverse,
Sorry,Sorry,Bohemian Rhapsody - Remastered 2011,Havana feat. Young Thug,God's Plan,Can't Hold Us feat. Ray Dalton,Happier,Closer,All of Me,Treat You Better,Choke,bzip2,reverse,
Sparkling Moments,Sparkling Moments,Señorita,Havana feat. Young Thug,Circles,New Rules,God's Plan,Can't Hold Us feat. Ray Dalton,Happier,Too Good At Goodbyes,Bohemian Rhapsody - Remastered 2011,bzip2,reverse,
Unforgettable,Unforgettable,My Goodbye,Treat You Better,Bohemian Rhapsody - Remastered 2011,God's Plan,Die For You,INDUSTRY BABY feat. Jack Harlow,No Role Modelz,Counting Stars,Choke,bzip2,reverse,
The Night We Met,The Night We Met,Thinking out Loud,There's Nothing Holdin' Me Back,Can't Hold Us feat. Ray Dalton,Bohemian Rhapsody - Remastered 2011,Lucid Dreams,Counting Stars,Cruel Summer,God's Plan,Walk On Water,bzip2,reverse,
Believer,Believer,No Role Modelz,That's What I Like,Closer,Treat You Better,Do I Wanna Know?,All of Me,Bohemian Rhapsody - Remastered 2011,Choke,HUMBLE.,bzip2,reverse,
New Rules,New Rules,One Kiss with Dua Lipa,Watermelon Sugar,Don't Start Now,Can't Hold Us feat. Ray Dalton,Coconut Water,Stressed Out,Too Good At Goodbyes,Señorita,Happier,bzip2,reverse,
Happier,Happier,New Rules,One Kiss with Dua Lipa,Too Good At Goodbyes,Just the Way You Are,INDUSTRY BABY feat. Jack Harlow,God's Plan,Coconut Water,Say You Won't Let Go,Jocelyn Flores,bzip2,reverse,
