Lucid Dreams,Lucid Dreams,XO Tour Llif3,Counting Stars,goosebumps,Unforgettable,Choke,Thunder,Lose Yourself,Can't Hold Us feat. Ray Dalton,Something Just Like This,zstd,reverb,40
When I Was Your Man,When I Was Your Man,Havana feat. Young Thug,God's Plan,Can't Hold Us feat. Ray Dalton,Happier,Bohemian Rhapsody - Remastered 2011,All of Me,Too Good At Goodbyes,Demons,SICKO MODE,zstd,reverb,40
goosebumps,goosebumps,Can't Hold Us feat. Ray Dalton,Havana feat. Young Thug,Coconut Water,Circles,New Rules,XO Tour Llif3,Don't Start Now,Flowers,Thinking out Loud,zstd,reverb,40
Heat Waves,Heat Waves,Unforgettable,Counting Stars,My Goodbye,Havana feat. Young Thug,Bohemian Rhapsody - Remastered 2011,Die For You,Can't Hold Us feat. Ray Dalton,Shape of You,There's Nothing Holdin' Me Back,zstd,reverb,40
Without Me with Juice WRLD,Without Me with Juice WRLD,Die For You,Choke,Can't Hold Us feat. Ray Dalton,My Goodbye,XO Tour Llif3,Unforgettable,Counting Stars,That's What I Like,STAY with Justin Bieber,zstd,reverb,40
Smells Like Teen Spirit,Smells Like Teen Spirit,Mr. Brightside,In the End,Treat You Better,Bohemian Rhapsody - Remastered 2011,Havana feat. Young Thug,Choke,Counting Stars,bad guy,Flowers,zstd,reverb,40
Centipede,Centipede,Let Her Go,Stressed Out,Walk On Water,Flowers,Take Me To Church,Wake Me Up - Radio Edit,Señorita,Shallow,Can't Hold Us feat. Ray Dalton,zstd,reverb,40
Stressed Out,Stressed Out,Photograph,Flowers,Walk On Water,Let Her Go,Bohemian Rhapsody - Remastered 2011,Havana feat. Young Thug,Counting Stars,Treat You Better,Thinking out Loud,zstd,reverb,40
XO Tour Llif3,XO Tour Llif3,Can't Hold Us feat. Ray Dalton,Don't Start Now,Choke,Die For You,goosebumps,Havana feat. Young Thug,New Rules,Something Just Like This,Lose Yourself,zstd,reverb,40
Without Me,Without Me,Do I Wanna Know?,bad guy,Stressed Out,Counting Stars,Bohemian Rhapsody - Remastered 2011,Don't Start Now,Havana feat. Young Thug,Choke,Can't Hold Us feat. Ray Dalton,zstd,reverb,40
Circles,Circles,Flowers,Señorita,goosebumps,Havana feat. Young Thug,Thunder,Can't Hold Us feat. Ray Dalton,Don't Start Now,Unforgettable,Bohemian Rhapsody - Remastered 2011,zstd,reverb,40
Sweater Weather,Sweater Weather,Do I Wanna Know?,Havana feat. Young Thug,Bohemian Rhapsody - Remastered 2011,Can't Hold Us feat. Ray Dalton,Say You Won't Let Go,Man On the Moon,Believer,bad guy,Closer,zstd,reverb,40
Love Yourself,Love Yourself,Shape of You,Havana feat. Young Thug,My Goodbye,Counting Stars,Die For You,Photograph,Bohemian Rhapsody - Remastered 2011,Unforgettable,Can't Hold Us feat. Ray Dalton,zstd,reverb,40
VICIOUS CYCLE,VICIOUS CYCLE,God's Plan,Can't Hold Us feat. Ray Dalton,Havana feat. Young Thug,XO Tour Llif3,goosebumps,SICKO MODE,rockstar,Thunder,New Rules,zstd,reverb,40
Let Her Go,Let Her Go,Flowers,Havana feat. Young Thug,Photograph,Bohemian Rhapsody - Remastered 2011,Stressed Out,Take Me To Church,Another Love,Thinking out Loud,Centipede,zstd,reverb,40
Say You Won't Let Go,Say You Won't Let Go,Havana feat. Young Thug,Bohemian Rhapsody - Remastered 2011,Do I Wanna Know?,Too Good At Goodbyes,SICKO MODE,Lose Yourself,Happier,Man On the Moon,Can't Hold Us feat. Ray Dalton,zstd,reverb,40
Sparkling Moments,Sparkling Moments,Señorita,Circles,New Rules,Havana feat. Young Thug,Can't Hold Us feat. Ray Dalton,Too Good At Goodbyes,Bohemian Rhapsody - Remastered 2011,Stressed Out,Thunder,zstd,reverb,40
Can't Hold Us feat,Can't Hold Us feat. Ray Dalton,Havana feat. Young Thug,God's Plan,Bohemian Rhapsody - Remastered 2011,When I Was Your Man,Demons,goosebumps,Happier,SICKO MODE,Love Yourself,zstd,reverb,40
Lele,Lele,Unforgettable,Havana feat. Young Thug,Bohemian Rhapsody - Remastered 2011,One Dance,Closer,Choke,Without Me with Juice WRLD,SICKO MODE,Lose Yourself,zstd,reverb,40
Just the Way You Are,Just the Way You Are,Too Good At Goodbyes,Havana feat. Young Thug,Bohemian Rhapsody - Remastered 2011,Can't Hold Us feat. Ray Dalton,Happier,Watermelon Sugar,God's Plan,Do I Wanna Know?,Stressed Out,zstd,reverb,40
Let Me Love You,Let Me Love You,Bohemian Rhapsody - Remastered 2011,Havana feat. Young Thug,Man On the Moon,Do I Wanna Know?,Sweater Weather,Unforgettable,I Wanna Be Yours,Viva La Vida,Can't Hold Us feat. Ray Dalton,zstd,reverb,40
Viva La Vida,Viva La Vida,Bohemian Rhapsody - Remastered 2011,Treat You Better,Smells Like Teen Spirit,Mr. Brightside,Havana feat. Young Thug,Man On the Moon,Closer,I Wanna Be Yours,Do I Wanna Know?,zstd,reverb,40
Watermelon Sugar,Watermelon Sugar,Havana feat. Young Thug,Can't Hold Us feat. Ray Dalton,When I Was Your Man,Bohemian Rhapsody - Remastered 2011,Too Good At Goodbyes,New Rules,Do I Wanna Know?,Thinking out Loud,One Kiss with Dua Lipa,zstd,reverb,40
In the Morning,In the Morning,All of Me,Someone You Loved,Havana feat. Young Thug,Bohemian Rhapsody - Remastered 2011,Without Me with Juice WRLD,God's Plan,Viva La Vida,Demons,SICKO MODE,zstd,reverb,40
Shallow,Shallow,Can't Hold Us feat. Ray Dalton,Smells Like Teen Spirit,Don't Start Now,Bohemian Rhapsody - Remastered 2011,Walk On Water,Thinking out Loud,Havana feat. Young Thug,Señorita,Without Me,zstd,reverb,40
The Night We Met,The Night We Met,Shape of You,Lucid Dreams,Thinking out Loud,Die For You,Havana feat. Young Thug,Can't Hold Us feat. Ray Dalton,7 rings,Counting Stars,Something Just Like This,zstd,reverb,40
Bohemian Rhapsody - Remastered 2011,Bohemian Rhapsody - Remastered 2011,Havana feat. Young Thug,Lose Yourself,SICKO MODE,Do I Wanna Know?,Flowers,Say You Won't Let Go,bad guy,Can't Hold Us feat. Ray Dalton,Choke,zstd,reverb,40
All of Me,All of Me,Havana feat. Young Thug,Bohemian Rhapsody - Remastered 2011,God's Plan,Demons,Someone You Loved,Closer,Viva La Vida,The Hills,No Role Modelz,zstd,reverb,40
Walk On Water,Walk On Water,Stressed Out,Señorita,Take Me To Church,Shallow,Without Me,Treat You Better,Let Her Go,Flowers,New Rules,zstd,reverb,40
rockstar,Without Me,XO Tour Llif3,Starboy,Choke,Something Just Like This,Thunder,Can't Hold Us feat. Ray Dalton,New Rules,Lose Yourself,SICKO MODE,zstd,reverb,40
Jocelyn Flores,Jocelyn Flores,Havana feat. Young Thug,Bohemian Rhapsody - Remastered 2011,There's Nothing Holdin' Me Back,Too Good At Goodbyes,Do I Wanna Know?,Let Her Go,Say You Won't Let Go,Treat You Better,Man On the Moon,zstd,reverb,40
Thunder,Thunder,Can't Hold Us feat. Ray Dalton,Circles,Choke,Starboy,Flowers,Havana feat. Young Thug,Lose Yourself,Stay With Me,goosebumps,zstd,reverb,40
Someone You Loved,Someone You Loved,Bohemian Rhapsody - Remastered 2011,That's What I Like,Havana feat. Young Thug,Viva La Vida,INDUSTRY BABY feat. Jack Harlow,SICKO MODE,Unforgettable,Demons,STAY with Justin Bieber,zstd,reverb,40
LOOP feat,LOOP feat. Lil Cherry,Havana feat. Young Thug,God's Plan,Bohemian Rhapsody - Remastered 2011,Can't Hold Us feat. Ray Dalton,SICKO MODE,Thinking out Loud,Too Good At Goodbyes,Smells Like Teen Spirit,Shape of You,zstd,reverb,40
bad guy,bad guy,Bohemian Rhapsody - Remastered 2011,Havana feat. Young Thug,Do I Wanna Know?,Lose Yourself,Believer,Too Good At Goodbyes,There's Nothing Holdin' Me Back,Man On the Moon,Treat You Better,zstd,reverb,40
One Dance,One Dance,Unforgettable,Havana feat. Young Thug,Bohemian Rhapsody - Remastered 2011,Believer,That's What I Like,Counting Stars,SICKO MODE,7 rings,Treat You Better,zstd,reverb,40
Something Just Like This,Something Just Like This,Can't Hold Us feat. Ray Dalton,Havana feat. Young Thug,Thinking out Loud,lovely with Khalid,Shape of You,There's Nothing Holdin' Me Back,Bohemian Rhapsody - Remastered 2011,Die For You,God's Plan,zstd,reverb,40
One Kiss with Dua Lipa,One Kiss with Dua Lipa,New Rules,Starboy,Do I Wanna Know?,Can't Hold Us feat. Ray Dalton,Havana feat. Young Thug,Bohemian Rhapsody - Remastered 2011,Sweater Weather,Stressed Out,Señorita,zstd,reverb,40
Man On the Moon,Man On the Moon,Do I Wanna Know?,Bohemian Rhapsody - Remastered 2011,Too Good At Goodbyes,Havana feat. Young Thug,Treat You Better,Believer,bad guy,Say You Won't Let Go,Sweater Weather,zstd,reverb,40
Cuidado,Cuidado,Do I Wanna Know?,Havana feat. Young Thug,Bohemian Rhapsody - Remastered 2011,I Wanna Be Yours,Too Good At Goodbyes,Man On the Moon,Say You Won't Let Go,Can't Hold Us feat. Ray Dalton,Sweater Weather,zstd,reverb,40
Too Good At Goodbyes,Too Good At Goodbyes,Havana feat. Young Thug,When I Was Your Man,Bohemian Rhapsody - Remastered 2011,Happier,Say You Won't Let Go,Do I Wanna Know?,Let Her Go,Watermelon Sugar,Man On the Moon,zstd,reverb,40
Counting Stars,Counting Stars,Photograph,Unforgettable,Shape of You,My Goodbye,Havana feat. Young Thug,Treat You Better,Flowers,Die For You,Can't Hold Us feat. Ray Dalton,zstd,reverb,40
Don't Start Now,Don't Start Now,Can't Hold Us feat. Ray Dalton,Something Just Like This,Thinking out Loud,Counting Stars,Havana feat. Young Thug,New Rules,Flowers,Wake Me Up - Radio Edit,goosebumps,zstd,reverb,40
SAD!,SAD!,Man On the Moon,Sweater Weather,Bohemian Rhapsody - Remastered 2011,Havana feat. Young Thug,Too Good At Goodbyes,Can't Hold Us feat. Ray Dalton,Do I Wanna Know?,Counting Stars,Smells Like Teen Spirit,zstd,reverb,40
Flowers,Flowers,Señorita,Don't Start Now,Stressed Out,Can't Hold Us feat. Ray Dalton,Thunder,Circles,Lose Yourself,goosebumps,Counting Stars,zstd,reverb,40
I Wanna Be Yours,I Wanna Be Yours,Bohemian Rhapsody - Remastered 2011,Demons,Havana feat. Young Thug,INDUSTRY BABY feat. Jack Harlow,Man On the Moon,Let Me Love You,Viva La Vida,Can't Hold Us feat. Ray Dalton,Smells Like Teen Spirit,zstd,reverb,40
Another Love,Another Love,Can't Hold Us feat. Ray Dalton,Don't Start Now,goosebumps,Counting Stars,Circles,Shallow,Bohemian Rhapsody - Remastered 2011,Havana feat. Young Thug,Do I Wanna Know?,zstd,reverb,40
Closer,Closer,Bohemian Rhapsody - Remastered 2011,Without Me with Juice WRLD,Havana feat. Young Thug,Demons,INDUSTRY BABY feat. Jack Harlow,That's What I Like,No Role Modelz,God's Plan,Can't Hold Us feat. Ray Dalton,zstd,reverb,40
Shine On,Shine On,Bohemian Rhapsody - Remastered 2011,Havana feat. Young Thug,Say You Won't Let Go,Lose Yourself,Treat You Better,Viva La Vida,Do I Wanna Know?,SICKO MODE,INDUSTRY BABY feat. Jack Harlow,zstd,reverb,40
Ether,Ether,Counting Stars,Photograph,Treat You Better,Cruel Summer,Die For You,Unforgettable,Heat Waves,Walk On Water,Stressed Out,zstd,reverb,40
Thinking out Loud,Thinking out Loud,Havana feat. Young Thug,Can't Hold Us feat. Ray Dalton,Wake Me Up - Radio Edit,Take Me To Church,There's Nothing Holdin' Me Back,Don't Start Now,Bohemian Rhapsody - Remastered 2011,SICKO MODE,Shape of You,zstd,reverb,40
Lose Yourself,Lose Yourself,Counting Stars,Choke,Without Me,Unforgettable,Can't Hold Us feat. Ray Dalton,Thunder,bad guy,Havana feat. Young Thug,Don't Start Now,zstd,reverb,40
In the End,In the End,Mr. Brightside,Bohemian Rhapsody - Remastered 2011,No Role Modelz,Havana feat. Young Thug,INDUSTRY BABY feat. Jack Harlow,Choke,That's What I Like,Smells Like Teen Spirit,SICKO MODE,zstd,reverb,40
HUMBLE,HUMBLE.,XO Tour Llif3,Can't Hold Us feat. Ray Dalton,SICKO MODE,That's What I Like,Thunder,Havana feat. Young Thug,Choke,Lose Yourself,New Rules,zstd,reverb,40
Havana feat,Havana feat. Young Thug,God's Plan,Can't Hold Us feat. Ray Dalton,Demons,Bohemian Rhapsody - Remastered 2011,SICKO MODE,All of Me,When I Was Your Man,INDUSTRY BABY feat. Jack Harlow,No Role Modelz,zstd,reverb,40
My Goodbye,My Goodbye,Shape of You,Love Yourself,Counting Stars,Die For You,Havana feat. Young Thug,Photograph,Unforgettable,There's Nothing Holdin' Me Back,Lucid Dreams,zstd,reverb,40
The Hills,The Hills,Demons,Bohemian Rhapsody - Remastered 2011,Havana feat. Young Thug,I Wanna Be Yours,Cuidado,Do I Wanna Know?,Sorry,Can't Hold Us feat. Ray Dalton,Happier,zstd,reverb,40
Unforgettable,Unforgettable,Counting Stars,Heat Waves,My Goodbye,Bohemian Rhapsody - Remastered 2011,Treat You Better,Havana feat. Young Thug,Choke,Lele,Die For You,zstd,reverb,40
No Signal,No Signal,Man On the Moon,Bohemian Rhapsody - Remastered 2011,Havana feat. Young Thug,I Wanna Be Yours,Do I Wanna Know?,Too Good At Goodbyes,Say You Won't Let Go,SAD!,Cuidado,zstd,reverb,40
Shape of You,Shape of You,Die For You,My Goodbye,Counting Stars,7 rings,Can't Hold Us feat. Ray Dalton,Havana feat. Young Thug,Photograph,Something Just Like This,Thinking out Loud,zstd,reverb,40
Riptide,Riptide,God's Plan,Bohemian Rhapsody - Remastered 2011,Havana feat. Young Thug,Can't Hold Us feat. Ray Dalton,SICKO MODE,No Role Modelz,That's What I Like,Counting Stars,Viva La Vida,zstd,reverb,40
Every Breath You Take,Every Breath You Take,Treat You Better,Photograph,Viva La Vida,Unforgettable,Havana feat. Young Thug,Counting Stars,Bohemian Rhapsody - Remastered 2011,Mr. Brightside,Smells Like Teen Spirit,zstd,reverb,40
Yellow,Yellow,Counting Stars,Bohemian Rhapsody - Remastered 2011,Can't Hold Us feat. Ray Dalton,Havana feat. Young Thug,Photograph,Smells Like Teen Spirit,Take Me To Church,Man On the Moon,Without Me,zstd,reverb,40
lovely with Khalid,lovely with Khalid,Can't Hold Us feat. Ray Dalton,Another Love,Thinking out Loud,goosebumps,Havana feat. Young Thug,New Rules,Take Me To Church,Let Her Go,There's Nothing Holdin' Me Back,zstd,reverb,40
Cruel Summer,Cruel Summer,Counting Stars,Thinking out Loud,Can't Hold Us feat. Ray Dalton,Walk On Water,Wake Me Up - Radio Edit,Havana feat. Young Thug,Stressed Out,Something Just Like This,Bohemian Rhapsody - Remastered 2011,zstd,reverb,40
New Rules,New Rules,Can't Hold Us feat. Ray Dalton,Starboy,Watermelon Sugar,Coconut Water,One Kiss with Dua Lipa,Don't Start Now,Señorita,Havana feat. Young Thug,Sweater Weather,zstd,reverb,40
Choke,Choke,Can't Hold Us feat. Ray Dalton,Lose Yourself,Thunder,Without Me,goosebumps,Bohemian Rhapsody - Remastered 2011,Believer,Unforgettable,Counting Stars,zstd,reverb,40
God's Plan,God's Plan,Can't Hold Us feat. Ray Dalton,Havana feat. Young Thug,XO Tour Llif3,No Role Modelz,SICKO MODE,Bohemian Rhapsody - Remastered 2011,goosebumps,Demons,That's What I Like,zstd,reverb,40
INDUSTRY BABY feat,INDUSTRY BABY feat. Jack Harlow,Choke,Bohemian Rhapsody - Remastered 2011,Demons,Havana feat. Young Thug,SICKO MODE,I Wanna Be Yours,Can't Hold Us feat. Ray Dalton,Do I Wanna Know?,Sorry,zstd,reverb,40
Lean On feat,Lean On feat. MØ & DJ Snake,Choke,Do I Wanna Know?,Sorry,Bohemian Rhapsody - Remastered 2011,Thunder,Havana feat. Young Thug,Can't Hold Us feat. Ray Dalton,Man On the Moon,Without Me,zstd,reverb,40
Take Me To Church,Take Me To Church,Can't Hold Us feat. Ray Dalton,Thinking out Loud,Another Love,Havana feat. Young Thug,Counting Stars,Shallow,goosebumps,Bohemian Rhapsody - Remastered 2011,Wake Me Up - Radio Edit,zstd,reverb,40
7 rings,7 rings,Die For You,Shape of You,That's What I Like,My Goodbye,Havana feat. Young Thug,Without Me with Juice WRLD,Counting Stars,Unforgettable,God's Plan,zstd,reverb,40
Treat You Better,Treat You Better,Mr. Brightside,Viva La Vida,Counting Stars,Unforgettable,Bohemian Rhapsody - Remastered 2011,bad guy,Without Me,Every Breath You Take,Smells Like Teen Spirit,zstd,reverb,40
Mr,Mr. Brightside,Treat You Better,Smells Like Teen Spirit,Unforgettable,Counting Stars,Viva La Vida,In the End,Bohemian Rhapsody - Remastered 2011,Havana feat. Young Thug,My Goodbye,zstd,reverb,40
Stay With Me,Stay With Me,Starboy,Do I Wanna Know?,Can't Hold Us feat. Ray Dalton,Man On the Moon,Thunder,Havana feat. Young Thug,Bohemian Rhapsody - Remastered 2011,New Rules,Too Good At Goodbyes,zstd,reverb,40
No Role Modelz,No Role Modelz,Havana feat. Young Thug,Can't Hold Us feat. Ray Dalton,God's Plan,Thunder,Do I Wanna Know?,STAY with Justin Bieber,Sweater Weather,XO Tour Llif3,SICKO MODE,zstd,reverb,40
Die For You,Die For You,Can't Hold Us feat. Ray Dalton,Counting Stars,My Goodbye,XO Tour Llif3,Shape of You,That's What I Like,Something Just Like This,Havana feat. Young Thug,Without Me with Juice WRLD,zstd,reverb,40
Wake Me Up - Radio Edit,Wake Me Up - Radio Edit,Can't Hold Us feat. Ray Dalton,Havana feat. Young Thug,Bohemian Rhapsody - Remastered 2011,Thinking out Loud,SICKO MODE,Shallow,Don't Start Now,Circles,There's Nothing Holdin' Me Back,zstd,reverb,40
Sorry,Sorry,The Hills,Bohemian Rhapsody - Remastered 2011,I Wanna Be Yours,Havana feat. Young Thug,Closer,Sweater Weather,Can't Hold Us feat. Ray Dalton,Cuidado,No Role Modelz,zstd,reverb,40
SICKO MODE,SICKO MODE,Havana feat. Young Thug,Die For You,Can't Hold Us feat. Ray Dalton,God's Plan,Bohemian Rhapsody - Remastered 2011,Shape of You,Demons,My Goodbye,Counting Stars,zstd,reverb,40
Señorita,Señorita,New Rules,Thunder,Can't Hold Us feat. Ray Dalton,Circles,Don't Start Now,Starboy,goosebumps,Walk On Water,Stressed Out,zstd,reverb,40
Sunflower - Spider-Man Into the Spider-Verse,Sunflower - Spider-Man: Into the Spider-Verse,Can't Hold Us feat. Ray Dalton,There's Nothing Holdin' Me Back,Havana feat. Young Thug,Thinking out Loud,XO Tour Llif3,goosebumps,Wake Me Up - Radio Edit,Don't Start Now,Bohemian Rhapsody - Remastered 2011,zstd,reverb,40
That's What I Like,That's What I Like,Believer,SICKO MODE,Bohemian Rhapsody - Remastered 2011,Can't Hold Us feat. Ray Dalton,Havana feat. Young Thug,Choke,God's Plan,Die For You,INDUSTRY BABY feat. Jack Harlow,zstd,reverb,40
As It Was,As It Was,Counting Stars,Can't Hold Us feat. Ray Dalton,Die For You,Something Just Like This,My Goodbye,Havana feat. Young Thug,Shape of You,Another Love,Don't Start Now,zstd,reverb,40
There's Nothing Holdin' Me Back,There's Nothing Holdin' Me Back,Havana feat. Young Thug,XO Tour Llif3,Thinking out Loud,Can't Hold Us feat. Ray Dalton,goosebumps,Counting Stars,Bohemian Rhapsody - Remastered 2011,Don't Start Now,SICKO MODE,zstd,reverb,40
Starboy,Starboy,Can't Hold Us feat. Ray Dalton,Stay With Me,Señorita,New Rules,One Kiss with Dua Lipa,Something Just Like This,Thunder,Havana feat. Young Thug,Sweater Weather,zstd,reverb,40
Happier,Happier,Havana feat. Young Thug,When I Was Your Man,Demons,Can't Hold Us feat. Ray Dalton,Bohemian Rhapsody - Remastered 2011,God's Plan,Too Good At Goodbyes,The Hills,Watermelon Sugar,zstd,reverb,40
STAY with Justin Bieber,STAY with Justin Bieber,Mr. Brightside,Counting Stars,Treat You Better,Choke,No Role Modelz,bad guy,Bohemian Rhapsody - Remastered 2011,Havana feat. Young Thug,Can't Hold Us feat. Ray Dalton,zstd,reverb,40
Coconut Water,Coconut Water,Can't Hold Us feat. Ray Dalton,New Rules,Havana feat. Young Thug,goosebumps,Another Love,Bohemian Rhapsody - Remastered 2011,Starboy,lovely with Khalid,Stressed Out,zstd,reverb,40
Photograph,Photograph,Counting Stars,Treat You Better,Lose Yourself,Unforgettable,Smells Like Teen Spirit,Walk On Water,Flowers,My Goodbye,Stressed Out,zstd,reverb,40
Believer,Believer,Havana feat. Young Thug,No Role Modelz,Bohemian Rhapsody - Remastered 2011,Sweater Weather,Do I Wanna Know?,Lose Yourself,Can't Hold Us feat. Ray Dalton,That's What I Like,God's Plan,zstd,reverb,40
Do I Wanna Know,Do I Wanna Know?,Havana feat. Young Thug,Bohemian Rhapsody - Remastered 2011,Can't Hold Us feat. Ray Dalton,Sweater Weather,Believer,Say You Won't Let Go,Lose Yourself,No Role Modelz,Cuidado,zstd,reverb,40
Demons,Demons,Bohemian Rhapsody - Remastered 2011,Havana feat. Young Thug,Let Me Love You,I Wanna Be Yours,Viva La Vida,Smells Like Teen Spirit,Do I Wanna Know?,Man On the Moon,Closer,zstd,reverb,40
