Ether,Ether,Can't Hold Us feat. Ray Dalton,Counting Stars,Die For You,Photograph,Unforgettable,goosebumps,There's Nothing Holdin' Me Back,Shape of You,Choke,gzip,reverse,
Don't Start Now,Don't Start Now,Can't Hold Us feat. Ray Dalton,Thinking out Loud,There's Nothing Holdin' Me Back,Flowers,Sunflower - Spider-Man: Into the Spider-Verse,Havana feat. Young Thug,New Rules,goosebumps,Counting Stars,gzip,reverse,
Counting Stars,Counting Stars,Die For You,Shape of You,Can't Hold Us feat. Ray Dalton,Unforgettable,Photograph,My Goodbye,Havana feat. Young Thug,Thinking out Loud,There's Nothing Holdin' Me Back,gzip,reverse,
I Wanna Be Yours,I Wanna Be Yours,Can't Hold Us feat. Ray Dalton,Viva La Vida,Demons,Havana feat. Young Thug,Bohemian Rhapsody - Remastered 2011,Man On the Moon,Do I Wanna Know?,The Hills,Say You Won't Let Go,gzip,reverse,
Centipede,Centipede,Can't Hold Us feat. Ray Dalton,goosebumps,Havana feat. Young Thug,Take Me To Church,Thinking out Loud,Let Her Go,Sunflower - Spider-Man: Into the Spider-Verse,Flowers,Don't Start Now,gzip,reverse,
Choke,Choke,Can't Hold Us feat. Ray Dalton,Havana feat. Young Thug,That's What I Like,Unforgettable,Closer,Bohemian Rhapsody - Remastered 2011,In the End,INDUSTRY BABY feat. Jack Harlow,No Role Modelz,gzip,reverse,
Bohemian Rhapsody - Remastered 2011,Havana feat. Young Thug,Can't Hold Us feat. Ray Dalton,Bohemian Rhapsody - Remastered 2011,Do I Wanna Know?,Treat You Better,Smells Like Teen Spirit,Flowers,Counting Stars,Choke,Shine On,gzip,reverse,
Señorita,Señorita,Can't Hold Us feat. Ray Dalton,Thunder,Walk On Water,Flowers,Circles,goosebumps,Stressed Out,New Rules,Take Me To Church,gzip,reverse,
Treat You Better,Treat You Better,Mr. Brightside,Viva La Vida,Havana feat. Young Thug,Bohemian Rhapsody - Remastered 2011,Counting Stars,Smells Like Teen Spirit,Can't Hold Us feat. Ray Dalton,In the End,Unforgettable,gzip,reverse,
LOOP feat. Lil Cherry,LOOP feat. Lil Cherry,Can't Hold Us feat. Ray Dalton,Havana feat. Young Thug,Do I Wanna Know?,Believer,Bohemian Rhapsody - Remastered 2011,Counting Stars,God's Plan,Every Breath You Take,Smells Like Teen Spirit,gzip,reverse,
Sunflower - Spider-Man Into the Spider-Verse,Sunflower - Spider-Man: Into the Spider-Verse,Can't Hold Us feat. Ray Dalton,There's Nothing Holdin' Me Back,goosebumps,Thinking out Loud,Havana feat. Young Thug,Don't Start Now,New Rules,Take Me To Church,Circles,gzip,reverse,
Sweater Weather,Sweater Weather,Can't Hold Us feat. Ray Dalton,Havana feat. Young Thug,Do I Wanna Know?,Say You Won't Let Go,Bohemian Rhapsody - Remastered 2011,SICKO MODE,Demons,Too Good At Goodbyes,Watermelon Sugar,gzip,reverse,
Wake Me Up - Radio Edit,Wake Me Up - Radio Edit,Can't Hold Us feat. Ray Dalton,Havana feat. Young Thug,Thinking out Loud,Bohemian Rhapsody - Remastered 2011,God's Plan,Demons,Shallow,Take Me To Church,Sunflower - Spider-Man: Into the Spider-Verse,gzip,reverse,
No Signal,No Signal,Man On the Moon,Can't Hold Us feat. Ray Dalton,Too Good At Goodbyes,Do I Wanna Know?,The Hills,Cuidado,Havana feat. Young Thug,I Wanna Be Yours,Say You Won't Let Go,gzip,reverse,
rockstar,Starboy,HUMBLE.,VICIOUS CYCLE,Can't Hold Us feat. Ray Dalton,rockstar,Choke,Havana feat. Young Thug,Without Me,goosebumps,bad guy,gzip,reverse,
SICKO MODE,SICKO MODE,Can't Hold Us feat. Ray Dalton,Havana feat. Young Thug,Die For You,That's What I Like,Counting Stars,God's Plan,Choke,INDUSTRY BABY feat. Jack Harlow,goosebumps,gzip,reverse,
Let Me Love You,Let Me Love You,Can't Hold Us feat. Ray Dalton,Havana feat. Young Thug,Man On the Moon,Do I Wanna Know?,No Role Modelz,Bohemian Rhapsody - Remastered 2011,Sweater Weather,Closer,Viva La Vida,gzip,reverse,
Stressed Out,Can't Hold Us feat. Ray Dalton,Stressed Out,Havana feat. Young Thug,Flowers,SICKO MODE,Too Good At Goodbyes,There's Nothing Holdin' Me Back,Do I Wanna Know?,Counting Stars,Thinking out Loud,gzip,reverse,
That's What I Like,That's What I Like,Can't Hold Us feat. Ray Dalton,Choke,In the End,Bohemian Rhapsody - Remastered 2011,Believer,God's Plan,No Role Modelz,Havana feat. Young Thug,INDUSTRY BABY feat. Jack Harlow,gzip,reverse,
Without Me with Juice WRLD,Without Me with Juice WRLD,Can't Hold Us feat. Ray Dalton,That's What I Like,Havana feat. Young Thug,INDUSTRY BABY feat. Jack Harlow,God's Plan,No Role Modelz,Choke,Die For You,Believer,gzip,reverse,
Love Yourself,Love Yourself,Can't Hold Us feat. Ray Dalton,Havana feat. Young Thug,Shape of You,Counting Stars,God's Plan,Die For You,My Goodbye,When I Was Your Man,INDUSTRY BABY feat. Jack Harlow,gzip,reverse,
Lean On feat. MØ & DJ Snake,Lean On feat. MØ & DJ Snake,Can't Hold Us feat. Ray Dalton,rockstar,Too Good At Goodbyes,Sorry,Havana feat. Young Thug,Choke,Coconut Water,Do I Wanna Know?,No Role Modelz,gzip,reverse,
In the Morning,In the Morning,All of Me,Havana feat. Young Thug,Can't Hold Us feat. Ray Dalton,Without Me with Juice WRLD,Someone You Loved,Viva La Vida,Bohemian Rhapsody - Remastered 2011,God's Plan,Unforgettable,gzip,reverse,
7 rings,7 rings,Die For You,Can't Hold Us feat. Ray Dalton,Shape of You,Counting Stars,That's What I Like,My Goodbye,Havana feat. Young Thug,Unforgettable,There's Nothing Holdin' Me Back,gzip,reverse,
Shallow,Can't Hold Us feat. Ray Dalton,Shallow,Take Me To Church,Thinking out Loud,Walk On Water,Another Love,Thunder,Too Good At Goodbyes,Havana feat. Young Thug,goosebumps,gzip,reverse,
Cruel Summer,Cruel Summer,Can't Hold Us feat. Ray Dalton,Counting Stars,Thinking out Loud,Wake Me Up - Radio Edit,Havana feat. Young Thug,Walk On Water,Take Me To Church,As It Was,goosebumps,gzip,reverse,
HUMBLE.,HUMBLE.,Can't Hold Us feat. Ray Dalton,VICIOUS CYCLE,bad guy,That's What I Like,Choke,Havana feat. Young Thug,No Role Modelz,God's Plan,Thunder,gzip,reverse,
Smells Like Teen Spirit,Smells Like Teen Spirit,Can't Hold Us feat. Ray Dalton,In the End,Havana feat. Young Thug,Mr. Brightside,Walk On Water,Counting Stars,Thunder,SICKO MODE,goosebumps,gzip,reverse,
One Kiss with Dua Lipa,One Kiss with Dua Lipa,Can't Hold Us feat. Ray Dalton,New Rules,Circles,Don't Start Now,Coconut Water,Señorita,Starboy,Thunder,Havana feat. Young Thug,gzip,reverse,
Let Her Go,Let Her Go,Can't Hold Us feat. Ray Dalton,Another Love,Flowers,Stressed Out,Thinking out Loud,Take Me To Church,Havana feat. Young Thug,Too Good At Goodbyes,Watermelon Sugar,gzip,reverse,
Coconut Water,Coconut Water,Can't Hold Us feat. Ray Dalton,goosebumps,Sunflower - Spider-Man: Into the Spider-Verse,New Rules,Circles,Flowers,Thinking out Loud,lovely with Khalid,Señorita,gzip,reverse,
Circles,Circles,Can't Hold Us feat. Ray Dalton,Flowers,Havana feat. Young Thug,goosebumps,Señorita,Thunder,Stressed Out,New Rules,Let Her Go,gzip,reverse,
goosebumps,goosebumps,Can't Hold Us feat. Ray Dalton,Havana feat. Young Thug,Believer,No Role Modelz,SICKO MODE,Choke,Bohemian Rhapsody - Remastered 2011,God's Plan,Do I Wanna Know?,gzip,reverse,
Every Breath You Take,Every Breath You Take,Viva La Vida,Counting Stars,Can't Hold Us feat. Ray Dalton,Havana feat. Young Thug,Treat You Better,Unforgettable,Bohemian Rhapsody - Remastered 2011,Smells Like Teen Spirit,Do I Wanna Know?,gzip,reverse,
Say You Won't Let Go,Say You Won't Let Go,Havana feat. Young Thug,Happier,Do I Wanna Know?,Can't Hold Us feat. Ray Dalton,Bohemian Rhapsody - Remastered 2011,Demons,Sweater Weather,Watermelon Sugar,When I Was Your Man,gzip,reverse,
Yellow,Yellow,Can't Hold Us feat. Ray Dalton,Havana feat. Young Thug,Counting Stars,Smells Like Teen Spirit,Take Me To Church,Bohemian Rhapsody - Remastered 2011,Man On the Moon,Die For You,In the End,gzip,reverse,
God's Plan,God's Plan,Can't Hold Us feat. Ray Dalton,Havana feat. Young Thug,Demons,That's What I Like,No Role Modelz,Bohemian Rhapsody - Remastered 2011,SICKO MODE,INDUSTRY BABY feat. Jack Harlow,XO Tour Llif3,gzip,reverse,
There's Nothing Holdin' Me Back,There's Nothing Holdin' Me Back,Havana feat. Young Thug,Can't Hold Us feat. Ray Dalton,Thinking out Loud,Don't Start Now,Sunflower - Spider-Man: Into the Spider-Verse,When I Was Your Man,goosebumps,Bohemian Rhapsody - Remastered 2011,XO Tour Llif3,gzip,reverse,
Closer,Closer,Can't Hold Us feat. Ray Dalton,Havana feat. Young Thug,No Role Modelz,Viva La Vida,Bohemian Rhapsody - Remastered 2011,STAY with Justin Bieber,Choke,God's Plan,Without Me with Juice WRLD,gzip,reverse,
The Hills,Can't Hold Us feat. Ray Dalton,The Hills,rockstar,I Wanna Be Yours,No Role Modelz,Sorry,Havana feat. Young Thug,Lean On feat. MØ & DJ Snake,Demons,Bohemian Rhapsody - Remastered 2011,gzip,reverse,
One Dance,One Dance,Can't Hold Us feat. Ray Dalton,Choke,Lose Yourself,Unforgettable,Havana feat. Young Thug,SICKO MODE,No Role Modelz,Cuidado,Closer,gzip,reverse,
Cuidado,Cuidado,Havana feat. Young Thug,Can't Hold Us feat. Ray Dalton,Demons,The Hills,Do I Wanna Know?,Bohemian Rhapsody - Remastered 2011,Closer,Say You Won't Let Go,Happier,gzip,reverse,
Man On the Moon,Man On the Moon,Can't Hold Us feat. Ray Dalton,Bohemian Rhapsody - Remastered 2011,Havana feat. Young Thug,Say You Won't Let Go,Do I Wanna Know?,Too Good At Goodbyes,Counting Stars,Just the Way You Are,Treat You Better,gzip,reverse,
Lose Yourself,Lose Yourself,Can't Hold Us feat. Ray Dalton,Counting Stars,Havana feat. Young Thug,Without Me,bad guy,Choke,Something Just Like This,Do I Wanna Know?,Stay With Me,gzip,reverse,
Havana feat. Young Thug,Can't Hold Us feat. Ray Dalton,Havana feat. Young Thug,bad guy,That's What I Like,SICKO MODE,Counting Stars,goosebumps,Choke,There's Nothing Holdin' Me Back,Without Me,gzip,reverse,
Thunder,Thunder,Can't Hold Us feat. Ray Dalton,Flowers,Havana feat. Young Thug,Señorita,Smells Like Teen Spirit,Bohemian Rhapsody - Remastered 2011,bad guy,Do I Wanna Know?,Happier,gzip,reverse,
Riptide,Riptide,Can't Hold Us feat. Ray Dalton,God's Plan,Havana feat. Young Thug,Bohemian Rhapsody - Remastered 2011,Do I Wanna Know?,No Role Modelz,Viva La Vida,SICKO MODE,Too Good At Goodbyes,gzip,reverse,
VICIOUS CYCLE,VICIOUS CYCLE,Starboy,HUMBLE.,Can't Hold Us feat. Ray Dalton,All of Me,goosebumps,Havana feat. Young Thug,SICKO MODE,God's Plan,XO Tour Llif3,gzip,reverse,
No Role Modelz,No Role Modelz,Can't Hold Us feat. Ray Dalton,Havana feat. Young Thug,Do I Wanna Know?,Believer,God's Plan,bad guy,Sweater Weather,Thunder,Choke,gzip,reverse,
Something Just Like This,Something Just Like This,Can't Hold Us feat. Ray Dalton,Don't Start Now,Thinking out Loud,Havana feat. Young Thug,There's Nothing Holdin' Me Back,Starboy,Stay With Me,Do I Wanna Know?,Counting Stars,gzip,reverse,
STAY with Justin Bieber,STAY with Justin Bieber,Can't Hold Us feat. Ray Dalton,No Role Modelz,Cuidado,Viva La Vida,Havana feat. Young Thug,That's What I Like,Choke,Smells Like Teen Spirit,Treat You Better,gzip,reverse,
Viva La Vida,Viva La Vida,Bohemian Rhapsody - Remastered 2011,Can't Hold Us feat. Ray Dalton,Mr. Brightside,Havana feat. Young Thug,Treat You Better,Smells Like Teen Spirit,Closer,Do I Wanna Know?,Demons,gzip,reverse,
Another Love,Another Love,Can't Hold Us feat. Ray Dalton,Take Me To Church,Flowers,Havana feat. Young Thug,Walk On Water,Circles,goosebumps,Let Her Go,Stressed Out,gzip,reverse,
Can't Hold Us feat. Ray Dalton,Can't Hold Us feat. Ray Dalton,God's Plan,Havana feat. Young Thug,Shallow,Demons,Don't Start Now,In the End,goosebumps,XO Tour Llif3,Choke,gzip,reverse,
Heat Waves,Heat Waves,My Goodbye,Can't Hold Us feat. Ray Dalton,Unforgettable,Counting Stars,Havana feat. Young Thug,Shape of You,There's Nothing Holdin' Me Back,Bohemian Rhapsody - Remastered 2011,Die For You,gzip,reverse,
Mr. Brightside,Mr. Brightside,Treat You Better,Smells Like Teen Spirit,Viva La Vida,Havana feat. Young Thug,Counting Stars,Bohemian Rhapsody - Remastered 2011,Unforgettable,Can't Hold Us feat. Ray Dalton,Every Breath You Take,gzip,reverse,
Shape of You,Shape of You,Counting Stars,Can't Hold Us feat. Ray Dalton,Die For You,Havana feat. Young Thug,My Goodbye,Unforgettable,Photograph,Heat Waves,Thinking out Loud,gzip,reverse,
Walk On Water,Walk On Water,Can't Hold Us feat. Ray Dalton,Thinking out Loud,There's Nothing Holdin' Me Back,Take Me To Church,Don't Start Now,Flowers,Havana feat. Young Thug,Counting Stars,Let Her Go,gzip,reverse,
Jocelyn Flores,Jocelyn Flores,Havana feat. Young Thug,Can't Hold Us feat. Ray Dalton,Do I Wanna Know?,When I Was Your Man,Shine On,Happier,Man On the Moon,Bohemian Rhapsody - Remastered 2011,Stressed Out,gzip,reverse,
bad guy,bad guy,Can't Hold Us feat. Ray Dalton,Without Me,Thinking out Loud,Treat You Better,Havana feat. Young Thug,Smells Like Teen Spirit,Counting Stars,There's Nothing Holdin' Me Back,Every Breath You Take,gzip,reverse,
Do I Wanna Know,Do I Wanna Know?,Can't Hold Us feat. Ray Dalton,Havana feat. Young Thug,bad guy,No Role Modelz,Sweater Weather,Thunder,Too Good At Goodbyes,Believer,Say You Won't Let Go,gzip,reverse,
Someone You Loved,Someone You Loved,Havana feat. Young Thug,All of Me,Viva La Vida,Can't Hold Us feat. Ray Dalton,Believer,Treat You Better,Say You Won't Let Go,Bohemian Rhapsody - Remastered 2011,When I Was Your Man,gzip,reverse,
Stay With Me,Stay With Me,Can't Hold Us feat. Ray Dalton,Too Good At Goodbyes,Havana feat. Young Thug,Thunder,Stressed Out,Señorita,One Kiss with Dua Lipa,Do I Wanna Know?,Circles,gzip,reverse,
Demons,Demons,Havana feat. Young Thug,The Hills,INDUSTRY BABY feat. Jack Harlow,Bohemian Rhapsody - Remastered 2011,Closer,Can't Hold Us feat. Ray Dalton,Viva La Vida,Say You Won't Let Go,God's Plan,gzip,reverse,
Flowers,Flowers,Can't Hold Us feat. Ray Dalton,Havana feat. Young Thug,Watermelon Sugar,Thinking out Loud,Señorita,New Rules,Don't Start Now,When I Was Your Man,Take Me To Church,gzip,reverse,
Starboy,Starboy,Can't Hold Us feat. Ray Dalton,Something Just Like This,Stay With Me,One Kiss with Dua Lipa,Stressed Out,rockstar,Havana feat. Young Thug,New Rules,goosebumps,gzip,reverse,
Just the Way You Are,Just the Way You Are,Can't Hold Us feat. Ray Dalton,Too Good At Goodbyes,Havana feat. Young Thug,Happier,Do I Wanna Know?,Bohemian Rhapsody - Remastered 2011,No Role Modelz,New Rules,Señorita,gzip,reverse,
All of Me,All of Me,Havana feat. Young Thug,God's Plan,Closer,Can't Hold Us feat. Ray Dalton,Viva La Vida,Bohemian Rhapsody - Remastered 2011,The Hills,Demons,No Role Modelz,gzip,reverse,
Too Good At Goodbyes,Can't Hold Us feat. Ray Dalton,Too Good At Goodbyes,Walk On Water,Thunder,Flowers,Stressed Out,Do I Wanna Know?,Man On the Moon,Every Breath You Take,Treat You Better,gzip,reverse,
When I Was Your Man,When I Was Your Man,Can't Hold Us feat. Ray Dalton,Havana feat. Young Thug,Happier,God's Plan,Watermelon Sugar,All of Me,Bohemian Rhapsody - Remastered 2011,Demons,New Rules,gzip,reverse,
lovely with Khalid,lovely with Khalid,Can't Hold Us feat. Ray Dalton,Take Me To Church,Another Love,Thinking out Loud,Havana feat. Young Thug,goosebumps,Don't Start Now,Let Her Go,There's Nothing Holdin' Me Back,gzip,reverse,
Lucid Dreams,Lucid Dreams,Can't Hold Us feat. Ray Dalton,Counting Stars,Heat Waves,Unforgettable,Die For You,bad guy,The Night We Met,Shape of You,Something Just Like This,gzip,reverse,
As It Was,As It Was,Can't Hold Us feat. Ray Dalton,Counting Stars,My Goodbye,Die For You,Havana feat. Young Thug,Something Just Like This,Shape of You,Heat Waves,Thinking out Loud,gzip,reverse,
XO Tour Llif3,Can't Hold Us feat. Ray Dalton,XO Tour Llif3,Don't Start Now,rockstar,goosebumps,Thinking out Loud,Havana feat. Young Thug,God's Plan,Die For You,Sunflower - Spider-Man: Into the Spider-Verse,gzip,reverse,
Lele,Lele,Can't Hold Us feat. Ray Dalton,Unforgettable,Choke,Havana feat. Young Thug,Someone You Loved,Bohemian Rhapsody - Remastered 2011,One Dance,Viva La Vida,Treat You Better,gzip,reverse,
My Goodbye,My Goodbye,Can't Hold Us feat. Ray Dalton,Die For You,In the End,Counting Stars,Choke,Don't Start Now,Havana feat. Young Thug,Heat Waves,There's Nothing Holdin' Me Back,gzip,reverse,
Shine On,Shine On,Havana feat. Young Thug,Do I Wanna Know?,Choke,INDUSTRY BABY feat. Jack Harlow,Say You Won't Let Go,Viva La Vida,Closer,Can't Hold Us feat. Ray Dalton,No Role Modelz,gzip,reverse,
Watermelon Sugar,Watermelon Sugar,Havana feat. Young Thug,Can't Hold Us feat. Ray Dalton,Flowers,Happier,Say You Won't Let Go,When I Was Your Man,Do I Wanna Know?,Stressed Out,New Rules,gzip,reverse,
Without Me,Without Me,Can't Hold Us feat. Ray Dalton,bad guy,Do I Wanna Know?,Havana feat. Young Thug,Counting Stars,Let Her Go,Thinking out Loud,Choke,Stressed Out,gzip,reverse,
SAD!,SAD!,Can't Hold Us feat. Ray Dalton,Too Good At Goodbyes,Smells Like Teen Spirit,Havana feat. Young Thug,Do I Wanna Know?,Stressed Out,Man On the Moon,Sweater Weather,Treat You Better,gzip,reverse,
In the End,In the End,Mr. Brightside,Smells Like Teen Spirit,Can't Hold Us feat. Ray Dalton,Choke,Havana feat. Young Thug,Bohemian Rhapsody - Remastered 2011,Viva La Vida,Treat You Better,No Role Modelz,gzip,reverse,
Die For You,Can't Hold Us feat. Ray Dalton,Die For You,Counting Stars,That's What I Like,My Goodbye,Shape of You,goosebumps,Choke,In the End,7 rings,gzip,reverse,
Take Me To Church,Take Me To Church,Can't Hold Us feat. Ray Dalton,Havana feat. Young Thug,Another Love,Thinking out Loud,Bohemian Rhapsody - Remastered 2011,goosebumps,Señorita,Flowers,Counting Stars,gzip,reverse,
INDUSTRY BABY feat. Jack Harlow,INDUSTRY BABY feat. Jack Harlow,Choke,Can't Hold Us feat. Ray Dalton,That's What I Like,Demons,Havana feat. Young Thug,SICKO MODE,In the End,Someone You Loved,No Role Modelz,gzip,reverse,
Thinking out Loud,Thinking out Loud,Can't Hold Us feat. Ray Dalton,Havana feat. Young Thug,Don't Start Now,Wake Me Up - Radio Edit,Take Me To Church,There's Nothing Holdin' Me Back,Sunflower - Spider-Man: Into the Spider-Verse,God's Plan,Bohemian Rhapsody - Remastered 2011,gzip,reverse,
Photograph,Can't Hold Us feat. Ray Dalton,Counting Stars,Photograph,Thinking out Loud,Die For You,Havana feat. Young Thug,Shape of You,Stressed Out,There's Nothing Holdin' Me Back,goosebumps,gzip,reverse,
Sorry,Sorry,Can't Hold Us feat. Ray Dalton,Havana feat. Young Thug,No Role Modelz,Choke,Sweater Weather,SICKO MODE,Closer,Cuidado,In the End,gzip,reverse,
Sparkling Moments,Sparkling Moments,VICIOUS CYCLE,Can't Hold Us feat. Ray Dalton,Señorita,HUMBLE.,rockstar,Circles,Havana feat. Young Thug,Too Good At Goodbyes,Walk On Water,gzip,reverse,
Unforgettable,Unforgettable,My Goodbye,Heat Waves,Counting Stars,Treat You Better,Mr. Brightside,Havana feat. Young Thug,Shape of You,Bohemian Rhapsody - Remastered 2011,Die For You,gzip,reverse,
The Night We Met,The Night We Met,Can't Hold Us feat. Ray Dalton,Havana feat. Young Thug,Lucid Dreams,Thinking out Loud,Wake Me Up - Radio Edit,There's Nothing Holdin' Me Back,Counting Stars,Shape of You,Cruel Summer,gzip,reverse,
Believer,Believer,Havana feat. Young Thug,Can't Hold Us feat. Ray Dalton,No Role Modelz,Sweater Weather,Do I Wanna Know?,That's What I Like,Bohemian Rhapsody - Remastered 2011,Viva La Vida,Closer,gzip,reverse,
New Rules,New Rules,Can't Hold Us feat. Ray Dalton,Flowers,One Kiss with Dua Lipa,Watermelon Sugar,Don't Start Now,Havana feat. Young Thug,Señorita,Circles,goosebumps,gzip,reverse,
Happier,Happier,Can't Hold Us feat. Ray Dalton,Havana feat. Young Thug,One Kiss with Dua Lipa,New Rules,Do I Wanna Know?,Too Good At Goodbyes,Señorita,Flowers,When I Was Your Man,gzip,reverse,
