Lucid Dreams,Starboy,Lucid Dreams,HUMBLE.,VICIOUS CYCLE,Can't Hold Us feat. Ray Dalton,Counting Stars,goosebumps,Die For You,Without Me,bad guy,gzip,reverb,40
When I Was Your Man,When I Was Your Man,Can't Hold Us feat. Ray Dalton,Havana feat. Young Thug,Happier,God's Plan,Demons,Bohemian Rhapsody - Remastered 2011,All of Me,Watermelon Sugar,Too Good At Goodbyes,gzip,reverb,40
goosebumps,goosebumps,Can't Hold Us feat. Ray Dalton,Sunflower - Spider-Man: Into the Spider-Verse,Circles,Coconut Water,Havana feat. Young Thug,Centipede,Don't Start Now,Thinking out Loud,Another Love,gzip,reverb,40
Heat Waves,Heat Waves,Unforgettable,Can't Hold Us feat. Ray Dalton,My Goodbye,Counting Stars,Havana feat. Young Thug,Die For You,Shape of You,Bohemian Rhapsody - Remastered 2011,No Role Modelz,gzip,reverb,40
Without Me with Juice WRLD,Can't Hold Us feat. Ray Dalton,Without Me with Juice WRLD,Choke,Die For You,STAY with Justin Bieber,Counting Stars,My Goodbye,In the End,That's What I Like,Unforgettable,gzip,reverb,40
Smells Like Teen Spirit,Smells Like Teen Spirit,Mr. Brightside,In the End,Havana feat. Young Thug,Can't Hold Us feat. Ray Dalton,Bohemian Rhapsody - Remastered 2011,Treat You Better,SICKO MODE,Choke,Counting Stars,gzip,reverb,40
Centipede,Centipede,Can't Hold Us feat. Ray Dalton,Let Her Go,Thinking out Loud,Walk On Water,Wake Me Up - Radio Edit,Circles,goosebumps,Havana feat. Young Thug,Flowers,gzip,reverb,40
Stressed Out,Stressed Out,Can't Hold Us feat. Ray Dalton,Flowers,Let Her Go,Havana feat. Young Thug,Counting Stars,Do I Wanna Know?,Too Good At Goodbyes,Señorita,Man On the Moon,gzip,reverb,40
XO Tour Llif3,Can't Hold Us feat. Ray Dalton,XO Tour Llif3,Don't Start Now,goosebumps,rockstar,Thinking out Loud,In the End,Choke,Havana feat. Young Thug,Die For You,gzip,reverb,40
Without Me,Without Me,Can't Hold Us feat. Ray Dalton,Counting Stars,Choke,Do I Wanna Know?,Havana feat. Young Thug,Smells Like Teen Spirit,SICKO MODE,Walk On Water,bad guy,gzip,reverb,40
Circles,Circles,Can't Hold Us feat. Ray Dalton,Flowers,goosebumps,Señorita,Havana feat. Young Thug,Counting Stars,Thunder,There's Nothing Holdin' Me Back,One Kiss with Dua Lipa,gzip,reverb,40
Sweater Weather,Sweater Weather,Can't Hold Us feat. Ray Dalton,Havana feat. Young Thug,Do I Wanna Know?,Say You Won't Let Go,Bohemian Rhapsody - Remastered 2011,Man On the Moon,Closer,Demons,Counting Stars,gzip,reverb,40
Love Yourself,Love Yourself,Shape of You,Can't Hold Us feat. Ray Dalton,Havana feat. Young Thug,Counting Stars,My Goodbye,Die For You,Unforgettable,SICKO MODE,Heat Waves,gzip,reverb,40
VICIOUS CYCLE,VICIOUS CYCLE,Can't Hold Us feat. Ray Dalton,goosebumps,Havana feat. Young Thug,SICKO MODE,God's Plan,Circles,Coconut Water,New Rules,Too Good At Goodbyes,gzip,reverb,40
Let Her Go,Let Her Go,Can't Hold Us feat. Ray Dalton,Flowers,Stressed Out,Havana feat. Young Thug,Thinking out Loud,goosebumps,Counting Stars,Take Me To Church,Do I Wanna Know?,gzip,reverb,40
Say You Won't Let Go,Say You Won't Let Go,Havana feat. Young Thug,Do I Wanna Know?,Can't Hold Us feat. Ray Dalton,Bohemian Rhapsody - Remastered 2011,Too Good At Goodbyes,Man On the Moon,Viva La Vida,Happier,SICKO MODE,gzip,reverb,40
Sparkling Moments,Sparkling Moments,Can't Hold Us feat. Ray Dalton,Señorita,Circles,New Rules,Too Good At Goodbyes,Flowers,Happier,Havana feat. Young Thug,One Kiss with Dua Lipa,gzip,reverb,40
Can't Hold Us feat,Can't Hold Us feat. Ray Dalton,Havana feat. Young Thug,When I Was Your Man,God's Plan,Happier,goosebumps,Take Me To Church,lovely with Khalid,Demons,Another Love,gzip,reverb,40
Lele,Lele,Choke,Unforgettable,Can't Hold Us feat. Ray Dalton,Havana feat. Young Thug,Counting Stars,One Dance,Do I Wanna Know?,Bohemian Rhapsody - Remastered 2011,Treat You Better,gzip,reverb,40
Just the Way You Are,Just the Way You Are,Can't Hold Us feat. Ray Dalton,Happier,Havana feat. Young Thug,Do I Wanna Know?,Too Good At Goodbyes,Bohemian Rhapsody - Remastered 2011,Say You Won't Let Go,Watermelon Sugar,New Rules,gzip,reverb,40
Let Me Love You,Let Me Love You,Can't Hold Us feat. Ray Dalton,Havana feat. Young Thug,Do I Wanna Know?,Sweater Weather,Closer,Too Good At Goodbyes,Smells Like Teen Spirit,Viva La Vida,Man On the Moon,gzip,reverb,40
Viva La Vida,Viva La Vida,Bohemian Rhapsody - Remastered 2011,Can't Hold Us feat. Ray Dalton,Smells Like Teen Spirit,Havana feat. Young Thug,Closer,Mr. Brightside,Demons,Treat You Better,Do I Wanna Know?,gzip,reverb,40
Watermelon Sugar,Watermelon Sugar,Can't Hold Us feat. Ray Dalton,Happier,Havana feat. Young Thug,When I Was Your Man,New Rules,Flowers,Demons,Do I Wanna Know?,Too Good At Goodbyes,gzip,reverb,40
In the Morning,In the Morning,All of Me,Without Me with Juice WRLD,Havana feat. Young Thug,Can't Hold Us feat. Ray Dalton,Someone You Loved,Viva La Vida,Bohemian Rhapsody - Remastered 2011,Unforgettable,Closer,gzip,reverb,40
Shallow,Can't Hold Us feat. Ray Dalton,Havana feat. Young Thug,Smells Like Teen Spirit,Thinking out Loud,goosebumps,Walk On Water,Don't Start Now,Take Me To Church,Thunder,No Role Modelz,gzip,reverb,40
The Night We Met,The Night We Met,Can't Hold Us feat. Ray Dalton,Die For You,7 rings,Shape of You,Thinking out Loud,Counting Stars,Lucid Dreams,Havana feat. Young Thug,My Goodbye,gzip,reverb,40
Bohemian Rhapsody - Remastered 2011,Bohemian Rhapsody - Remastered 2011,Havana feat. Young Thug,Can't Hold Us feat. Ray Dalton,Do I Wanna Know?,SICKO MODE,Demons,Man On the Moon,Smells Like Teen Spirit,Counting Stars,Flowers,gzip,reverb,40
All of Me,All of Me,Havana feat. Young Thug,Can't Hold Us feat. Ray Dalton,Viva La Vida,God's Plan,Bohemian Rhapsody - Remastered 2011,Demons,The Hills,Someone You Loved,Do I Wanna Know?,gzip,reverb,40
Walk On Water,Walk On Water,Can't Hold Us feat. Ray Dalton,Stressed Out,Flowers,Take Me To Church,Havana feat. Young Thug,goosebumps,Señorita,Let Her Go,Smells Like Teen Spirit,gzip,reverb,40
rockstar,Starboy,VICIOUS CYCLE,HUMBLE.,Can't Hold Us feat. Ray Dalton,All of Me,Without Me,Choke,bad guy,No Signal,Lose Yourself,gzip,reverb,40
Jocelyn Flores,Jocelyn Flores,Havana feat. Young Thug,Shine On,Can't Hold Us feat. Ray Dalton,There's Nothing Holdin' Me Back,Do I Wanna Know?,Man On the Moon,When I Was Your Man,Thinking out Loud,Happier,gzip,reverb,40
Thunder,Can't Hold Us feat. Ray Dalton,Thunder,No Role Modelz,Happier,Flowers,Too Good At Goodbyes,Havana feat. Young Thug,Circles,Stay With Me,goosebumps,gzip,reverb,40
Someone You Loved,Someone You Loved,Havana feat. Young Thug,That's What I Like,Viva La Vida,Bohemian Rhapsody - Remastered 2011,Can't Hold Us feat. Ray Dalton,STAY with Justin Bieber,In the End,Say You Won't Let Go,Believer,gzip,reverb,40
LOOP feat,LOOP feat. Lil Cherry,Can't Hold Us feat. Ray Dalton,HUMBLE.,rockstar,Havana feat. Young Thug,God's Plan,Bohemian Rhapsody - Remastered 2011,VICIOUS CYCLE,Thinking out Loud,SICKO MODE,gzip,reverb,40
bad guy,bad guy,Can't Hold Us feat. Ray Dalton,Havana feat. Young Thug,Do I Wanna Know?,There's Nothing Holdin' Me Back,Man On the Moon,Thinking out Loud,Bohemian Rhapsody - Remastered 2011,Lose Yourself,Treat You Better,gzip,reverb,40
One Dance,One Dance,Can't Hold Us feat. Ray Dalton,Unforgettable,Treat You Better,Havana feat. Young Thug,Counting Stars,Someone You Loved,Believer,That's What I Like,7 rings,gzip,reverb,40
Something Just Like This,Can't Hold Us feat. Ray Dalton,Something Just Like This,Havana feat. Young Thug,Don't Start Now,Thinking out Loud,Sunflower - Spider-Man: Into the Spider-Verse,There's Nothing Holdin' Me Back,lovely with Khalid,Happier,XO Tour Llif3,gzip,reverb,40
One Kiss with Dua Lipa,One Kiss with Dua Lipa,Can't Hold Us feat. Ray Dalton,New Rules,Stressed Out,Do I Wanna Know?,Circles,Coconut Water,Sweater Weather,Flowers,Havana feat. Young Thug,gzip,reverb,40
Man On the Moon,Man On the Moon,Do I Wanna Know?,Havana feat. Young Thug,Can't Hold Us feat. Ray Dalton,Treat You Better,Bohemian Rhapsody - Remastered 2011,Say You Won't Let Go,Too Good At Goodbyes,Viva La Vida,Happier,gzip,reverb,40
Cuidado,Cuidado,Do I Wanna Know?,Can't Hold Us feat. Ray Dalton,Havana feat. Young Thug,Say You Won't Let Go,The Hills,Closer,Man On the Moon,Demons,STAY with Justin Bieber,gzip,reverb,40
Too Good At Goodbyes,Too Good At Goodbyes,When I Was Your Man,Can't Hold Us feat. Ray Dalton,Havana feat. Young Thug,Do I Wanna Know?,Watermelon Sugar,Happier,Say You Won't Let Go,Flowers,Just the Way You Are,gzip,reverb,40
Counting Stars,Counting Stars,Shape of You,Can't Hold Us feat. Ray Dalton,Havana feat. Young Thug,Flowers,My Goodbye,Unforgettable,Die For You,Treat You Better,There's Nothing Holdin' Me Back,gzip,reverb,40
Don't Start Now,Don't Start Now,Can't Hold Us feat. Ray Dalton,Thinking out Loud,goosebumps,Havana feat. Young Thug,Counting Stars,There's Nothing Holdin' Me Back,Flowers,Something Just Like This,Coconut Water,gzip,reverb,40
SAD!,SAD!,Can't Hold Us feat. Ray Dalton,Havana feat. Young Thug,Too Good At Goodbyes,Smells Like Teen Spirit,Man On the Moon,Do I Wanna Know?,Counting Stars,Sweater Weather,Circles,gzip,reverb,40
Flowers,Flowers,Can't Hold Us feat. Ray Dalton,Walk On Water,Thunder,Let Her Go,Señorita,Circles,Stressed Out,Another Love,goosebumps,gzip,reverb,40
I Wanna Be Yours,I Wanna Be Yours,Viva La Vida,Can't Hold Us feat. Ray Dalton,Man On the Moon,Demons,Havana feat. Young Thug,Bohemian Rhapsody - Remastered 2011,In the End,Do I Wanna Know?,Smells Like Teen Spirit,gzip,reverb,40
Another Love,Another Love,Can't Hold Us feat. Ray Dalton,Havana feat. Young Thug,Circles,goosebumps,Take Me To Church,There's Nothing Holdin' Me Back,Thinking out Loud,Counting Stars,Flowers,gzip,reverb,40
Closer,Closer,Havana feat. Young Thug,Can't Hold Us feat. Ray Dalton,Bohemian Rhapsody - Remastered 2011,No Role Modelz,Without Me with Juice WRLD,Choke,God's Plan,INDUSTRY BABY feat. Jack Harlow,Demons,gzip,reverb,40
Shine On,Shine On,Havana feat. Young Thug,Viva La Vida,Can't Hold Us feat. Ray Dalton,Do I Wanna Know?,Closer,Say You Won't Let Go,Choke,Bohemian Rhapsody - Remastered 2011,Treat You Better,gzip,reverb,40
Ether,Ether,Can't Hold Us feat. Ray Dalton,Counting Stars,Die For You,Unforgettable,Walk On Water,Shape of You,Photograph,Smells Like Teen Spirit,Cruel Summer,gzip,reverb,40
Thinking out Loud,Thinking out Loud,Can't Hold Us feat. Ray Dalton,Havana feat. Young Thug,Don't Start Now,Take Me To Church,Wake Me Up - Radio Edit,Sunflower - Spider-Man: Into the Spider-Verse,There's Nothing Holdin' Me Back,Bohemian Rhapsody - Remastered 2011,goosebumps,gzip,reverb,40
Lose Yourself,Lose Yourself,Can't Hold Us feat. Ray Dalton,Counting Stars,Choke,No Role Modelz,Smells Like Teen Spirit,Unforgettable,Havana feat. Young Thug,bad guy,Walk On Water,gzip,reverb,40
In the End,In the End,Mr. Brightside,Bohemian Rhapsody - Remastered 2011,Choke,Can't Hold Us feat. Ray Dalton,No Role Modelz,Havana feat. Young Thug,Smells Like Teen Spirit,SICKO MODE,Demons,gzip,reverb,40
HUMBLE,HUMBLE.,VICIOUS CYCLE,Can't Hold Us feat. Ray Dalton,bad guy,Choke,That's What I Like,God's Plan,No Role Modelz,Havana feat. Young Thug,SICKO MODE,gzip,reverb,40
Havana feat,Havana feat. Young Thug,God's Plan,Can't Hold Us feat. Ray Dalton,Demons,Bohemian Rhapsody - Remastered 2011,INDUSTRY BABY feat. Jack Harlow,When I Was Your Man,That's What I Like,SICKO MODE,All of Me,gzip,reverb,40
My Goodbye,My Goodbye,Counting Stars,Die For You,Love Yourself,Shape of You,Can't Hold Us feat. Ray Dalton,Unforgettable,Havana feat. Young Thug,Heat Waves,There's Nothing Holdin' Me Back,gzip,reverb,40
The Hills,The Hills,Can't Hold Us feat. Ray Dalton,Demons,Havana feat. Young Thug,I Wanna Be Yours,Bohemian Rhapsody - Remastered 2011,Happier,Viva La Vida,Do I Wanna Know?,Sorry,gzip,reverb,40
Unforgettable,Unforgettable,Counting Stars,My Goodbye,Heat Waves,Treat You Better,Die For You,Mr. Brightside,Havana feat. Young Thug,Bohemian Rhapsody - Remastered 2011,Choke,gzip,reverb,40
No Signal,No Signal,Man On the Moon,Can't Hold Us feat. Ray Dalton,Say You Won't Let Go,Do I Wanna Know?,I Wanna Be Yours,Too Good At Goodbyes,Havana feat. Young Thug,Cuidado,The Hills,gzip,reverb,40
Shape of You,Shape of You,Die For You,Counting Stars,Can't Hold Us feat. Ray Dalton,7 rings,My Goodbye,Havana feat. Young Thug,Thinking out Loud,There's Nothing Holdin' Me Back,Love Yourself,gzip,reverb,40
Riptide,Riptide,Can't Hold Us feat. Ray Dalton,Havana feat. Young Thug,God's Plan,Bohemian Rhapsody - Remastered 2011,No Role Modelz,Do I Wanna Know?,Shape of You,SICKO MODE,Viva La Vida,gzip,reverb,40
Every Breath You Take,Every Breath You Take,Viva La Vida,Treat You Better,Counting Stars,Can't Hold Us feat. Ray Dalton,Havana feat. Young Thug,Mr. Brightside,Unforgettable,Bohemian Rhapsody - Remastered 2011,Do I Wanna Know?,gzip,reverb,40
Yellow,Yellow,Can't Hold Us feat. Ray Dalton,Counting Stars,Havana feat. Young Thug,Take Me To Church,Die For You,Man On the Moon,Heat Waves,Bohemian Rhapsody - Remastered 2011,Unforgettable,gzip,reverb,40
lovely with Khalid,lovely with Khalid,Can't Hold Us feat. Ray Dalton,Another Love,goosebumps,Take Me To Church,Thinking out Loud,Havana feat. Young Thug,Let Her Go,There's Nothing Holdin' Me Back,Counting Stars,gzip,reverb,40
Cruel Summer,Cruel Summer,Can't Hold Us feat. Ray Dalton,Thinking out Loud,Counting Stars,Walk On Water,There's Nothing Holdin' Me Back,Havana feat. Young Thug,Wake Me Up - Radio Edit,My Goodbye,Die For You,gzip,reverb,40
New Rules,New Rules,Can't Hold Us feat. Ray Dalton,Flowers,One Kiss with Dua Lipa,Watermelon Sugar,Don't Start Now,Coconut Water,Señorita,Happier,Circles,gzip,reverb,40
Choke,Choke,Can't Hold Us feat. Ray Dalton,Havana feat. Young Thug,That's What I Like,Without Me,Do I Wanna Know?,In the End,No Role Modelz,SICKO MODE,Bohemian Rhapsody - Remastered 2011,gzip,reverb,40
God's Plan,God's Plan,Can't Hold Us feat. Ray Dalton,Havana feat. Young Thug,No Role Modelz,SICKO MODE,Bohemian Rhapsody - Remastered 2011,Riptide,Demons,That's What I Like,goosebumps,gzip,reverb,40
INDUSTRY BABY feat,INDUSTRY BABY feat. Jack Harlow,Choke,Can't Hold Us feat. Ray Dalton,I Wanna Be Yours,That's What I Like,SICKO MODE,Demons,Havana feat. Young Thug,No Role Modelz,In the End,gzip,reverb,40
Lean On feat,Lean On feat. MØ & DJ Snake,Can't Hold Us feat. Ray Dalton,Choke,Do I Wanna Know?,Havana feat. Young Thug,Too Good At Goodbyes,No Role Modelz,Man On the Moon,I Wanna Be Yours,Smells Like Teen Spirit,gzip,reverb,40
Take Me To Church,Take Me To Church,Can't Hold Us feat. Ray Dalton,Thinking out Loud,Havana feat. Young Thug,Another Love,Counting Stars,goosebumps,Señorita,Bohemian Rhapsody - Remastered 2011,There's Nothing Holdin' Me Back,gzip,reverb,40
7 rings,7 rings,Die For You,Counting Stars,Shape of You,Can't Hold Us feat. Ray Dalton,That's What I Like,My Goodbye,Havana feat. Young Thug,Unforgettable,Without Me with Juice WRLD,gzip,reverb,40
Treat You Better,Treat You Better,Mr. Brightside,Viva La Vida,Can't Hold Us feat. Ray Dalton,Shape of You,Smells Like Teen Spirit,Unforgettable,Counting Stars,Every Breath You Take,Havana feat. Young Thug,gzip,reverb,40
Mr,Mr. Brightside,Treat You Better,Viva La Vida,Counting Stars,Smells Like Teen Spirit,Unforgettable,In the End,Havana feat. Young Thug,Can't Hold Us feat. Ray Dalton,Bohemian Rhapsody - Remastered 2011,gzip,reverb,40
Stay With Me,Stay With Me,Can't Hold Us feat. Ray Dalton,Do I Wanna Know?,Stressed Out,Too Good At Goodbyes,Havana feat. Young Thug,Man On the Moon,Thunder,Flowers,goosebumps,gzip,reverb,40
No Role Modelz,No Role Modelz,Can't Hold Us feat. Ray Dalton,Havana feat. Young Thug,Do I Wanna Know?,God's Plan,Thunder,Happier,Closer,Sweater Weather,The Hills,gzip,reverb,40
Die For You,Die For You,Can't Hold Us feat. Ray Dalton,My Goodbye,Counting Stars,Shape of You,7 rings,Havana feat. Young Thug,That's What I Like,SICKO MODE,Choke,gzip,reverb,40
Wake Me Up - Radio Edit,Wake Me Up - Radio Edit,Can't Hold Us feat. Ray Dalton,Havana feat. Young Thug,Thinking out Loud,Bohemian Rhapsody - Remastered 2011,SICKO MODE,Circles,There's Nothing Holdin' Me Back,God's Plan,Something Just Like This,gzip,reverb,40
Sorry,Sorry,The Hills,Can't Hold Us feat. Ray Dalton,Havana feat. Young Thug,No Role Modelz,Closer,I Wanna Be Yours,Bohemian Rhapsody - Remastered 2011,Sweater Weather,Cuidado,gzip,reverb,40
SICKO MODE,SICKO MODE,Can't Hold Us feat. Ray Dalton,Havana feat. Young Thug,Die For You,God's Plan,Counting Stars,INDUSTRY BABY feat. Jack Harlow,That's What I Like,Shape of You,My Goodbye,gzip,reverb,40
Señorita,Señorita,Can't Hold Us feat. Ray Dalton,Circles,Thunder,goosebumps,New Rules,Stressed Out,Walk On Water,Flowers,Havana feat. Young Thug,gzip,reverb,40
Sunflower - Spider-Man Into the Spider-Verse,Sunflower - Spider-Man: Into the Spider-Verse,Can't Hold Us feat. Ray Dalton,There's Nothing Holdin' Me Back,Havana feat. Young Thug,Thinking out Loud,Don't Start Now,goosebumps,XO Tour Llif3,New Rules,Circles,gzip,reverb,40
That's What I Like,That's What I Like,Choke,Can't Hold Us feat. Ray Dalton,Believer,STAY with Justin Bieber,Havana feat. Young Thug,Shape of You,Die For You,God's Plan,Riptide,gzip,reverb,40
As It Was,As It Was,Can't Hold Us feat. Ray Dalton,Counting Stars,Die For You,Havana feat. Young Thug,My Goodbye,Something Just Like This,Do I Wanna Know?,Thinking out Loud,Shape of You,gzip,reverb,40
There's Nothing Holdin' Me Back,There's Nothing Holdin' Me Back,Havana feat. Young Thug,Can't Hold Us feat. Ray Dalton,Don't Start Now,Sunflower - Spider-Man: Into the Spider-Verse,Thinking out Loud,XO Tour Llif3,Counting Stars,goosebumps,Something Just Like This,gzip,reverb,40
Starboy,Starboy,Can't Hold Us feat. Ray Dalton,Stay With Me,One Kiss with Dua Lipa,Walk On Water,Something Just Like This,New Rules,Thunder,Circles,Señorita,gzip,reverb,40
Happier,Happier,Can't Hold Us feat. Ray Dalton,Havana feat. Young Thug,Demons,When I Was Your Man,Watermelon Sugar,God's Plan,Bohemian Rhapsody - Remastered 2011,Too Good At Goodbyes,SICKO MODE,gzip,reverb,40
STAY with Justin Bieber,STAY with Justin Bieber,Can't Hold Us feat. Ray Dalton,Mr. Brightside,No Role Modelz,Choke,Treat You Better,Smells Like Teen Spirit,Havana feat. Young Thug,Viva La Vida,Counting Stars,gzip,reverb,40
Coconut Water,Coconut Water,Can't Hold Us feat. Ray Dalton,New Rules,goosebumps,Circles,Havana feat. Young Thug,Sunflower - Spider-Man: Into the Spider-Verse,Take Me To Church,Flowers,Happier,gzip,reverb,40
Photograph,Can't Hold Us feat. Ray Dalton,Photograph,Counting Stars,Smells Like Teen Spirit,Walk On Water,Flowers,Unforgettable,Treat You Better,Every Breath You Take,Die For You,gzip,reverb,40
Believer,Believer,Havana feat. Young Thug,Can't Hold Us feat. Ray Dalton,No Role Modelz,Do I Wanna Know?,Sweater Weather,That's What I Like,Treat You Better,Bohemian Rhapsody - Remastered 2011,Say You Won't Let Go,gzip,reverb,40
Do I Wanna Know,Do I Wanna Know?,Can't Hold Us feat. Ray Dalton,Say You Won't Let Go,Sweater Weather,Cuidado,Havana feat. Young Thug,Stay With Me,Man On the Moon,No Role Modelz,Flowers,gzip,reverb,40
Demons,Demons,Havana feat. Young Thug,Bohemian Rhapsody - Remastered 2011,Can't Hold Us feat. Ray Dalton,Do I Wanna Know?,Viva La Vida,Let Me Love You,Closer,Say You Won't Let Go,Smells Like Teen Spirit,gzip,reverb,40
