One Dance,One Dance,Havana feat. Young Thug,That's What I Like,Can't Hold Us feat. Ray Dalton,Believer,SICKO MODE,Bohemian Rhapsody - Remastered 2011,Closer,Counting Stars,Treat You Better,gzip,whitenoise,80
Let Her Go,Let Her Go,Can't Hold Us feat. Ray Dalton,Havana feat. Young Thug,Thinking out Loud,Flowers,Another Love,Take Me To Church,There's Nothing Holdin' Me Back,Wake Me Up - Radio Edit,Too Good At Goodbyes,gzip,whitenoise,80
Die For You,Die For You,7 rings,Shape of You,Counting Stars,Can't Hold Us feat. Ray Dalton,Havana feat. Young Thug,Photograph,My Goodbye,Thinking out Loud,Unforgettable,gzip,whitenoise,80
Stay With Me,Stay With Me,Can't Hold Us feat. Ray Dalton,Havana feat. Young Thug,Thunder,Flowers,Too Good At Goodbyes,Stressed Out,Do I Wanna Know?,Sweater Weather,goosebumps,gzip,whitenoise,80
VICIOUS CYCLE,VICIOUS CYCLE,Can't Hold Us feat. Ray Dalton,HUMBLE.,SICKO MODE,Havana feat. Young Thug,goosebumps,God's Plan,rockstar,XO Tour Llif3,Thunder,gzip,whitenoise,80
New Rules,New Rules,Can't Hold Us feat. Ray Dalton,One Kiss with Dua Lipa,goosebumps,Don't Start Now,Coconut Water,Thunder,Circles,Flowers,Havana feat. Young Thug,gzip,whitenoise,80
7 rings,7 rings,Die For You,That's What I Like,Can't Hold Us feat. Ray Dalton,Counting Stars,Havana feat. Young Thug,There's Nothing Holdin' Me Back,Shape of You,Unforgettable,My Goodbye,gzip,whitenoise,80
LOOP feat,LOOP feat. Lil Cherry,Can't Hold Us feat. Ray Dalton,Havana feat. Young Thug,Bohemian Rhapsody - Remastered 2011,God's Plan,That's What I Like,SICKO MODE,In the End,Smells Like Teen Spirit,Demons,gzip,whitenoise,80
As It Was,As It Was,Can't Hold Us feat. Ray Dalton,Counting Stars,Shape of You,Die For You,Havana feat. Young Thug,My Goodbye,Something Just Like This,Heat Waves,Thinking out Loud,gzip,whitenoise,80
Sorry,Sorry,Can't Hold Us feat. Ray Dalton,Choke,No Role Modelz,Havana feat. Young Thug,Smells Like Teen Spirit,Closer,goosebumps,SICKO MODE,That's What I Like,gzip,whitenoise,80
Cuidado,Cuidado,Can't Hold Us feat. Ray Dalton,Havana feat. Young Thug,Do I Wanna Know?,Say You Won't Let Go,Too Good At Goodbyes,The Hills,Happier,Closer,Man On the Moon,gzip,whitenoise,80
My Goodbye,My Goodbye,Can't Hold Us feat. Ray Dalton,Counting Stars,Die For You,Heat Waves,Choke,Havana feat. Young Thug,Unforgettable,In the End,Bohemian Rhapsody - Remastered 2011,gzip,whitenoise,80
No Role Modelz,No Role Modelz,Can't Hold Us feat. Ray Dalton,Havana feat. Young Thug,Choke,Do I Wanna Know?,Thunder,Believer,Closer,Sweater Weather,Sorry,gzip,whitenoise,80
Yellow,Yellow,Can't Hold Us feat. Ray Dalton,Counting Stars,Havana feat. Young Thug,Man On the Moon,Bohemian Rhapsody - Remastered 2011,Take Me To Church,Heat Waves,Do I Wanna Know?,Smells Like Teen Spirit,gzip,whitenoise,80
Wake Me Up - Radio Edit,Wake Me Up - Radio Edit,Can't Hold Us feat. Ray Dalton,Havana feat. Young Thug,Thinking out Loud,God's Plan,Demons,SICKO MODE,Bohemian Rhapsody - Remastered 2011,There's Nothing Holdin' Me Back,Shallow,gzip,whitenoise,80
Havana feat,Havana feat. Young Thug,Can't Hold Us feat. Ray Dalton,Do I Wanna Know?,Happier,bad guy,Bohemian Rhapsody - Remastered 2011,Say You Won't Let Go,Sweater Weather,Closer,No Role Modelz,gzip,whitenoise,80
Thunder,Thunder,Can't Hold Us feat. Ray Dalton,Havana feat. Young Thug,Bohemian Rhapsody - Remastered 2011,Señorita,Flowers,Smells Like Teen Spirit,bad guy,Happier,Take Me To Church,gzip,whitenoise,80
Closer,Closer,Can't Hold Us feat. Ray Dalton,Havana feat. Young Thug,No Role Modelz,Bohemian Rhapsody - Remastered 2011,Viva La Vida,Choke,Smells Like Teen Spirit,God's Plan,Sorry,gzip,whitenoise,80
HUMBLE,HUMBLE.,Can't Hold Us feat. Ray Dalton,bad guy,rockstar,That's What I Like,No Role Modelz,Choke,goosebumps,Havana feat. Young Thug,XO Tour Llif3,gzip,whitenoise,80
Can't Hold Us feat,Can't Hold Us feat. Ray Dalton,Havana feat. Young Thug,God's Plan,Another Love,XO Tour Llif3,Happier,Wake Me Up - Radio Edit,Demons,Coconut Water,New Rules,gzip,whitenoise,80
Unforgettable,Unforgettable,Counting Stars,Heat Waves,Choke,My Goodbye,Treat You Better,Havana feat. Young Thug,Shape of You,Die For You,Can't Hold Us feat. Ray Dalton,gzip,whitenoise,80
That's What I Like,That's What I Like,Can't Hold Us feat. Ray Dalton,Choke,In the End,Bohemian Rhapsody - Remastered 2011,God's Plan,Believer,No Role Modelz,Havana feat. Young Thug,INDUSTRY BABY feat. Jack Harlow,gzip,whitenoise,80
Lean On feat,Lean On feat. MØ & DJ Snake,Can't Hold Us feat. Ray Dalton,Thunder,Coconut Water,Havana feat. Young Thug,Choke,SICKO MODE,Sorry,Smells Like Teen Spirit,Too Good At Goodbyes,gzip,whitenoise,80
XO Tour Llif3,XO Tour Llif3,VICIOUS CYCLE,HUMBLE.,Can't Hold Us feat. Ray Dalton,Choke,Without Me,Don't Start Now,goosebumps,Die For You,Something Just Like This,gzip,whitenoise,80
Believer,Believer,That's What I Like,Havana feat. Young Thug,Can't Hold Us feat. Ray Dalton,Bohemian Rhapsody - Remastered 2011,No Role Modelz,God's Plan,Do I Wanna Know?,INDUSTRY BABY feat. Jack Harlow,SICKO MODE,gzip,whitenoise,80
Sparkling Moments,Can't Hold Us feat. Ray Dalton,Havana feat. Young Thug,New Rules,God's Plan,Bohemian Rhapsody - Remastered 2011,SICKO MODE,Happier,Thinking out Loud,Demons,Sparkling Moments,gzip,whitenoise,80
Lele,Lele,Can't Hold Us feat. Ray Dalton,Havana feat. Young Thug,Unforgettable,Bohemian Rhapsody - Remastered 2011,Without Me with Juice WRLD,Counting Stars,Viva La Vida,INDUSTRY BABY feat. Jack Harlow,SICKO MODE,gzip,whitenoise,80
SAD!,SAD!,Can't Hold Us feat. Ray Dalton,Smells Like Teen Spirit,Havana feat. Young Thug,Do I Wanna Know?,SICKO MODE,Too Good At Goodbyes,Sweater Weather,bad guy,No Role Modelz,gzip,whitenoise,80
Smells Like Teen Spirit,Smells Like Teen Spirit,Mr. Brightside,In the End,Havana feat. Young Thug,Can't Hold Us feat. Ray Dalton,Bohemian Rhapsody - Remastered 2011,No Role Modelz,Counting Stars,SICKO MODE,Treat You Better,gzip,whitenoise,80
Starboy,Starboy,Can't Hold Us feat. Ray Dalton,Flowers,New Rules,Señorita,Circles,Stressed Out,One Kiss with Dua Lipa,Havana feat. Young Thug,goosebumps,gzip,whitenoise,80
Mr,Mr. Brightside,Treat You Better,Smells Like Teen Spirit,Viva La Vida,Havana feat. Young Thug,Counting Stars,Unforgettable,Bohemian Rhapsody - Remastered 2011,Every Breath You Take,Can't Hold Us feat. Ray Dalton,gzip,whitenoise,80
Treat You Better,Treat You Better,Mr. Brightside,Choke,Havana feat. Young Thug,Can't Hold Us feat. Ray Dalton,Shine On,Viva La Vida,Counting Stars,Smells Like Teen Spirit,Believer,gzip,whitenoise,80
Bohemian Rhapsody - Remastered 2011,Bohemian Rhapsody - Remastered 2011,Havana feat. Young Thug,Demons,God's Plan,Can't Hold Us feat. Ray Dalton,Do I Wanna Know?,INDUSTRY BABY feat. Jack Harlow,SICKO MODE,Believer,Say You Won't Let Go,gzip,whitenoise,80
Something Just Like This,Something Just Like This,Can't Hold Us feat. Ray Dalton,Don't Start Now,New Rules,Havana feat. Young Thug,There's Nothing Holdin' Me Back,Thinking out Loud,Do I Wanna Know?,Counting Stars,goosebumps,gzip,whitenoise,80
In the End,In the End,Mr. Brightside,Bohemian Rhapsody - Remastered 2011,Havana feat. Young Thug,Smells Like Teen Spirit,Can't Hold Us feat. Ray Dalton,Choke,SICKO MODE,That's What I Like,INDUSTRY BABY feat. Jack Harlow,gzip,whitenoise,80
goosebumps,goosebumps,Can't Hold Us feat. Ray Dalton,Havana feat. Young Thug,Counting Stars,There's Nothing Holdin' Me Back,SICKO MODE,bad guy,New Rules,Take Me To Church,Thinking out Loud,gzip,whitenoise,80
STAY with Justin Bieber,STAY with Justin Bieber,Choke,That's What I Like,Can't Hold Us feat. Ray Dalton,No Role Modelz,In the End,Mr. Brightside,Smells Like Teen Spirit,Viva La Vida,Havana feat. Young Thug,gzip,whitenoise,80
In the Morning,In the Morning,Havana feat. Young Thug,All of Me,Viva La Vida,Without Me with Juice WRLD,Can't Hold Us feat. Ray Dalton,Bohemian Rhapsody - Remastered 2011,Someone You Loved,Unforgettable,Love Yourself,gzip,whitenoise,80
Say You Won't Let Go,Say You Won't Let Go,Havana feat. Young Thug,Do I Wanna Know?,Can't Hold Us feat. Ray Dalton,Bohemian Rhapsody - Remastered 2011,Happier,Demons,Shine On,Watermelon Sugar,Too Good At Goodbyes,gzip,whitenoise,80
SICKO MODE,SICKO MODE,Can't Hold Us feat. Ray Dalton,Havana feat. Young Thug,INDUSTRY BABY feat. Jack Harlow,That's What I Like,God's Plan,Counting Stars,Bohemian Rhapsody - Remastered 2011,Demons,HUMBLE.,gzip,whitenoise,80
bad guy,bad guy,Can't Hold Us feat. Ray Dalton,Without Me,Havana feat. Young Thug,Smells Like Teen Spirit,SICKO MODE,Bohemian Rhapsody - Remastered 2011,Thunder,Lose Yourself,Thinking out Loud,gzip,whitenoise,80
Jocelyn Flores,Jocelyn Flores,Havana feat. Young Thug,Can't Hold Us feat. Ray Dalton,Bohemian Rhapsody - Remastered 2011,God's Plan,Happier,When I Was Your Man,There's Nothing Holdin' Me Back,SICKO MODE,INDUSTRY BABY feat. Jack Harlow,gzip,whitenoise,80
Someone You Loved,Someone You Loved,That's What I Like,Havana feat. Young Thug,Bohemian Rhapsody - Remastered 2011,Believer,Can't Hold Us feat. Ray Dalton,INDUSTRY BABY feat. Jack Harlow,Viva La Vida,In the End,STAY with Justin Bieber,gzip,whitenoise,80
Demons,Demons,Havana feat. Young Thug,Bohemian Rhapsody - Remastered 2011,Can't Hold Us feat. Ray Dalton,Do I Wanna Know?,Closer,God's Plan,INDUSTRY BABY feat. Jack Harlow,Smells Like Teen Spirit,SICKO MODE,gzip,whitenoise,80
There's Nothing Holdin' Me Back,There's Nothing Holdin' Me Back,Thinking out Loud,Can't Hold Us feat. Ray Dalton,Havana feat. Young Thug,Don't Start Now,Sunflower - Spider-Man: Into the Spider-Verse,Bohemian Rhapsody - Remastered 2011,goosebumps,Shape of You,Take Me To Church,gzip,whitenoise,80
Photograph,Can't Hold Us feat. Ray Dalton,Counting Stars,Photograph,Havana feat. Young Thug,Stressed Out,Die For You,Thinking out Loud,There's Nothing Holdin' Me Back,Shape of You,Take Me To Church,gzip,whitenoise,80
Walk On Water,Walk On Water,Can't Hold Us feat. Ray Dalton,Cruel Summer,Counting Stars,Flowers,Thinking out Loud,Don't Start Now,Havana feat. Young Thug,There's Nothing Holdin' Me Back,Take Me To Church,gzip,whitenoise,80
Love Yourself,Love Yourself,Can't Hold Us feat. Ray Dalton,Havana feat. Young Thug,God's Plan,My Goodbye,Bohemian Rhapsody - Remastered 2011,Demons,Counting Stars,SICKO MODE,Shape of You,gzip,whitenoise,80
Shallow,Shallow,Can't Hold Us feat. Ray Dalton,Thinking out Loud,Take Me To Church,Thunder,Don't Start Now,Havana feat. Young Thug,Too Good At Goodbyes,Walk On Water,goosebumps,gzip,whitenoise,80
Riptide,Riptide,Can't Hold Us feat. Ray Dalton,Bohemian Rhapsody - Remastered 2011,Havana feat. Young Thug,God's Plan,That's What I Like,SICKO MODE,Counting Stars,Demons,Thinking out Loud,gzip,whitenoise,80
rockstar,rockstar,Starboy,HUMBLE.,VICIOUS CYCLE,Can't Hold Us feat. Ray Dalton,Choke,That's What I Like,Lose Yourself,Without Me,bad guy,gzip,whitenoise,80
Every Breath You Take,Every Breath You Take,Counting Stars,Can't Hold Us feat. Ray Dalton,Treat You Better,Havana feat. Young Thug,Viva La Vida,Smells Like Teen Spirit,Photograph,Unforgettable,Die For You,gzip,whitenoise,80
Do I Wanna Know,Do I Wanna Know?,Can't Hold Us feat. Ray Dalton,Havana feat. Young Thug,Bohemian Rhapsody - Remastered 2011,New Rules,Demons,Thunder,God's Plan,Sweater Weather,bad guy,gzip,whitenoise,80
Circles,Circles,Can't Hold Us feat. Ray Dalton,Flowers,Havana feat. Young Thug,One Kiss with Dua Lipa,Thunder,Señorita,goosebumps,Stressed Out,Let Her Go,gzip,whitenoise,80
Another Love,Can't Hold Us feat. Ray Dalton,Take Me To Church,Another Love,goosebumps,Stressed Out,Havana feat. Young Thug,Don't Start Now,Circles,Thinking out Loud,Counting Stars,gzip,whitenoise,80
Shine On,Shine On,Havana feat. Young Thug,Choke,Do I Wanna Know?,INDUSTRY BABY feat. Jack Harlow,Closer,Can't Hold Us feat. Ray Dalton,Bohemian Rhapsody - Remastered 2011,No Role Modelz,Say You Won't Let Go,gzip,whitenoise,80
Let Me Love You,Let Me Love You,Can't Hold Us feat. Ray Dalton,Do I Wanna Know?,Say You Won't Let Go,Havana feat. Young Thug,Man On the Moon,Too Good At Goodbyes,Choke,Smells Like Teen Spirit,Thunder,gzip,whitenoise,80
INDUSTRY BABY feat,INDUSTRY BABY feat. Jack Harlow,That's What I Like,Choke,Havana feat. Young Thug,Can't Hold Us feat. Ray Dalton,Closer,God's Plan,Demons,SICKO MODE,Bohemian Rhapsody - Remastered 2011,gzip,whitenoise,80
Heat Waves,Heat Waves,Havana feat. Young Thug,Can't Hold Us feat. Ray Dalton,Bohemian Rhapsody - Remastered 2011,My Goodbye,God's Plan,Counting Stars,Demons,INDUSTRY BABY feat. Jack Harlow,There's Nothing Holdin' Me Back,gzip,whitenoise,80
God's Plan,God's Plan,Can't Hold Us feat. Ray Dalton,Havana feat. Young Thug,That's What I Like,SICKO MODE,INDUSTRY BABY feat. Jack Harlow,HUMBLE.,Bohemian Rhapsody - Remastered 2011,Demons,No Role Modelz,gzip,whitenoise,80
Flowers,Flowers,Can't Hold Us feat. Ray Dalton,Señorita,Stressed Out,Circles,Havana feat. Young Thug,Let Her Go,Thunder,goosebumps,New Rules,gzip,whitenoise,80
Cruel Summer,Cruel Summer,Can't Hold Us feat. Ray Dalton,Thinking out Loud,Counting Stars,Havana feat. Young Thug,Wake Me Up - Radio Edit,There's Nothing Holdin' Me Back,Shape of You,Walk On Water,goosebumps,gzip,whitenoise,80
Happier,Happier,Can't Hold Us feat. Ray Dalton,Havana feat. Young Thug,Too Good At Goodbyes,New Rules,Flowers,Watermelon Sugar,Señorita,Circles,Stressed Out,gzip,whitenoise,80
The Night We Met,The Night We Met,Can't Hold Us feat. Ray Dalton,Cruel Summer,Havana feat. Young Thug,Something Just Like This,There's Nothing Holdin' Me Back,Thinking out Loud,Lucid Dreams,Counting Stars,Shape of You,gzip,whitenoise,80
Stressed Out,Stressed Out,Can't Hold Us feat. Ray Dalton,Havana feat. Young Thug,Take Me To Church,Flowers,Señorita,Watermelon Sugar,Do I Wanna Know?,Another Love,Circles,gzip,whitenoise,80
Thinking out Loud,Thinking out Loud,Havana feat. Young Thug,Can't Hold Us feat. Ray Dalton,Bohemian Rhapsody - Remastered 2011,Don't Start Now,Wake Me Up - Radio Edit,There's Nothing Holdin' Me Back,God's Plan,Take Me To Church,SICKO MODE,gzip,whitenoise,80
All of Me,All of Me,Havana feat. Young Thug,God's Plan,Bohemian Rhapsody - Remastered 2011,Closer,Viva La Vida,The Hills,Can't Hold Us feat. Ray Dalton,Demons,Someone You Loved,gzip,whitenoise,80
Sweater Weather,Can't Hold Us feat. Ray Dalton,Sweater Weather,Havana feat. Young Thug,Thunder,Bohemian Rhapsody - Remastered 2011,No Role Modelz,Do I Wanna Know?,SICKO MODE,God's Plan,Choke,gzip,whitenoise,80
Don't Start Now,Don't Start Now,Can't Hold Us feat. Ray Dalton,There's Nothing Holdin' Me Back,Sunflower - Spider-Man: Into the Spider-Verse,Thinking out Loud,Flowers,Counting Stars,goosebumps,Havana feat. Young Thug,Die For You,gzip,whitenoise,80
Take Me To Church,Take Me To Church,Can't Hold Us feat. Ray Dalton,Havana feat. Young Thug,Another Love,Bohemian Rhapsody - Remastered 2011,God's Plan,Thinking out Loud,goosebumps,Stressed Out,Flowers,gzip,whitenoise,80
No Signal,No Signal,Can't Hold Us feat. Ray Dalton,Man On the Moon,Choke,Too Good At Goodbyes,Havana feat. Young Thug,Do I Wanna Know?,Sorry,I Wanna Be Yours,Bohemian Rhapsody - Remastered 2011,gzip,whitenoise,80
I Wanna Be Yours,I Wanna Be Yours,Demons,Havana feat. Young Thug,Bohemian Rhapsody - Remastered 2011,Can't Hold Us feat. Ray Dalton,Say You Won't Let Go,Happier,Do I Wanna Know?,The Hills,SICKO MODE,gzip,whitenoise,80
Lucid Dreams,Lucid Dreams,HUMBLE.,Can't Hold Us feat. Ray Dalton,bad guy,Counting Stars,There's Nothing Holdin' Me Back,Havana feat. Young Thug,Heat Waves,goosebumps,Thinking out Loud,gzip,whitenoise,80
Without Me with Juice WRLD,Without Me with Juice WRLD,Can't Hold Us feat. Ray Dalton,INDUSTRY BABY feat. Jack Harlow,That's What I Like,Havana feat. Young Thug,Die For You,My Goodbye,In the End,God's Plan,Choke,gzip,whitenoise,80
Lose Yourself,Lose Yourself,Can't Hold Us feat. Ray Dalton,Choke,bad guy,Havana feat. Young Thug,Thunder,Flowers,Smells Like Teen Spirit,No Role Modelz,SICKO MODE,gzip,whitenoise,80
Without Me,Without Me,Can't Hold Us feat. Ray Dalton,Counting Stars,bad guy,Choke,rockstar,Do I Wanna Know?,Flowers,Havana feat. Young Thug,SICKO MODE,gzip,whitenoise,80
Too Good At Goodbyes,Havana feat. Young Thug,Can't Hold Us feat. Ray Dalton,Bohemian Rhapsody - Remastered 2011,Too Good At Goodbyes,God's Plan,SICKO MODE,bad guy,No Role Modelz,Demons,Thinking out Loud,gzip,whitenoise,80
lovely with Khalid,lovely with Khalid,Can't Hold Us feat. Ray Dalton,Havana feat. Young Thug,God's Plan,Thinking out Loud,Bohemian Rhapsody - Remastered 2011,goosebumps,Another Love,Happier,Don't Start Now,gzip,whitenoise,80
Ether,Can't Hold Us feat. Ray Dalton,Ether,Die For You,Counting Stars,Photograph,goosebumps,Shape of You,Unforgettable,Choke,Let Her Go,gzip,whitenoise,80
Centipede,Centipede,Can't Hold Us feat. Ray Dalton,Havana feat. Young Thug,Coconut Water,goosebumps,Take Me To Church,Thinking out Loud,Bohemian Rhapsody - Remastered 2011,Wake Me Up - Radio Edit,Let Her Go,gzip,whitenoise,80
Sunflower - Spider-Man Into the Spider-Verse,Sunflower - Spider-Man: Into the Spider-Verse,Can't Hold Us feat. Ray Dalton,Havana feat. Young Thug,Thinking out Loud,There's Nothing Holdin' Me Back,Don't Start Now,Bohemian Rhapsody - Remastered 2011,XO Tour Llif3,goosebumps,New Rules,gzip,whitenoise,80
One Kiss with Dua Lipa,One Kiss with Dua Lipa,Can't Hold Us feat. Ray Dalton,New Rules,Circles,Havana feat. Young Thug,Happier,Don't Start Now,Thunder,There's Nothing Holdin' Me Back,Flowers,gzip,whitenoise,80
Viva La Vida,Bohemian Rhapsody - Remastered 2011,Havana feat. Young Thug,Viva La Vida,Can't Hold Us feat. Ray Dalton,God's Plan,Treat You Better,SICKO MODE,INDUSTRY BABY feat. Jack Harlow,No Role Modelz,Closer,gzip,whitenoise,80
Choke,Choke,Can't Hold Us feat. Ray Dalton,That's What I Like,Havana feat. Young Thug,Bohemian Rhapsody - Remastered 2011,In the End,God's Plan,Demons,No Role Modelz,INDUSTRY BABY feat. Jack Harlow,gzip,whitenoise,80
Just the Way You Are,Just the Way You Are,Can't Hold Us feat. Ray Dalton,Havana feat. Young Thug,God's Plan,Happier,Bohemian Rhapsody - Remastered 2011,Demons,SICKO MODE,When I Was Your Man,Too Good At Goodbyes,gzip,whitenoise,80
Watermelon Sugar,Watermelon Sugar,Can't Hold Us feat. Ray Dalton,Havana feat. Young Thug,Happier,Demons,Flowers,New Rules,Bohemian Rhapsody - Remastered 2011,God's Plan,When I Was Your Man,gzip,whitenoise,80
Coconut Water,Coconut Water,Can't Hold Us feat. Ray Dalton,Centipede,Don't Start Now,goosebumps,Havana feat. Young Thug,Sunflower - Spider-Man: Into the Spider-Verse,Let Her Go,Wake Me Up - Radio Edit,Something Just Like This,gzip,whitenoise,80
Man On the Moon,Man On the Moon,Havana feat. Young Thug,Bohemian Rhapsody - Remastered 2011,Can't Hold Us feat. Ray Dalton,SICKO MODE,Smells Like Teen Spirit,Demons,bad guy,Closer,Do I Wanna Know?,gzip,whitenoise,80
Counting Stars,Counting Stars,Can't Hold Us feat. Ray Dalton,Die For You,Shape of You,My Goodbye,Havana feat. Young Thug,There's Nothing Holdin' Me Back,Thinking out Loud,Photograph,Don't Start Now,gzip,whitenoise,80
Shape of You,Shape of You,Die For You,Can't Hold Us feat. Ray Dalton,Counting Stars,Havana feat. Young Thug,Love Yourself,7 rings,My Goodbye,Unforgettable,Thinking out Loud,gzip,whitenoise,80
Señorita,Señorita,Can't Hold Us feat. Ray Dalton,Circles,Thunder,goosebumps,Walk On Water,New Rules,Coconut Water,Flowers,Havana feat. Young Thug,gzip,whitenoise,80
The Hills,The Hills,Can't Hold Us feat. Ray Dalton,Sweater Weather,Havana feat. Young Thug,No Role Modelz,Sorry,God's Plan,Bohemian Rhapsody - Remastered 2011,INDUSTRY BABY feat. Jack Harlow,Do I Wanna Know?,gzip,whitenoise,80
When I Was Your Man,When I Was Your Man,Can't Hold Us feat. Ray Dalton,Havana feat. Young Thug,Happier,God's Plan,Bohemian Rhapsody - Remastered 2011,Demons,Watermelon Sugar,SICKO MODE,Thinking out Loud,gzip,whitenoise,80
