One Dance,One Dance,That's What I Like,HUMBLE.,INDUSTRY BABY feat. Jack Harlow,Choke,All of Me,Bohemian Rhapsody - Remastered 2011,Havana feat. Young Thug,Believer,Lose Yourself,bzip2,whitenoise,80
Let Her Go,Let Her Go,Another Love,Watermelon Sugar,Do I Wanna Know?,Flowers,God's Plan,XO Tour Llif3,Too Good At Goodbyes,There's Nothing Holdin' Me Back,Sweater Weather,bzip2,whitenoise,80
Die For You,Die For You,Shape of You,Without Me with Juice WRLD,7 rings,Unforgettable,Counting Stars,My Goodbye,Can't Hold Us feat. Ray Dalton,Photograph,That's What I Like,bzip2,whitenoise,80
Stay With Me,Stay With Me,Thunder,Watermelon Sugar,New Rules,Too Good At Goodbyes,Don't Start Now,Flowers,Stressed Out,Do I Wanna Know?,Man On the Moon,bzip2,whitenoise,80
VICIOUS CYCLE,VICIOUS CYCLE,HUMBLE.,God's Plan,Happier,SICKO MODE,Jocelyn Flores,One Kiss with Dua Lipa,Choke,XO Tour Llif3,New Rules,bzip2,whitenoise,80
New Rules,New Rules,Stressed Out,Don't Start Now,One Kiss with Dua Lipa,Can't Hold Us feat. Ray Dalton,Watermelon Sugar,Señorita,Stay With Me,Thunder,Coconut Water,bzip2,whitenoise,80
7 rings,7 rings,That's What I Like,HUMBLE.,Die For You,Choke,INDUSTRY BABY feat. Jack Harlow,God's Plan,Unforgettable,No Role Modelz,XO Tour Llif3,bzip2,whitenoise,80
LOOP feat,LOOP feat. Lil Cherry,That's What I Like,Havana feat. Young Thug,Lose Yourself,Can't Hold Us feat. Ray Dalton,HUMBLE.,Choke,Believer,bad guy,No Role Modelz,bzip2,whitenoise,80
As It Was,As It Was,My Goodbye,Can't Hold Us feat. Ray Dalton,Counting Stars,Ether,Die For You,Don't Start Now,Stressed Out,Another Love,Bohemian Rhapsody - Remastered 2011,bzip2,whitenoise,80
Sorry,Sorry,Unforgettable,Can't Hold Us feat. Ray Dalton,Bohemian Rhapsody - Remastered 2011,Havana feat. Young Thug,Smells Like Teen Spirit,God's Plan,Happier,All of Me,Closer,bzip2,whitenoise,80
Cuidado,Cuidado,STAY with Justin Bieber,Havana feat. Young Thug,Choke,That's What I Like,Bohemian Rhapsody - Remastered 2011,New Rules,Do I Wanna Know?,All of Me,Closer,bzip2,whitenoise,80
My Goodbye,My Goodbye,Heat Waves,Choke,Can't Hold Us feat. Ray Dalton,Counting Stars,Die For You,There's Nothing Holdin' Me Back,Shape of You,Unforgettable,Treat You Better,bzip2,whitenoise,80
No Role Modelz,No Role Modelz,Can't Hold Us feat. Ray Dalton,INDUSTRY BABY feat. Jack Harlow,Choke,New Rules,Lose Yourself,Havana feat. Young Thug,One Kiss with Dua Lipa,Believer,Sorry,bzip2,whitenoise,80
Yellow,Yellow,Counting Stars,Can't Hold Us feat. Ray Dalton,Bohemian Rhapsody - Remastered 2011,Havana feat. Young Thug,Take Me To Church,All of Me,God's Plan,Smells Like Teen Spirit,Treat You Better,bzip2,whitenoise,80
Wake Me Up - Radio Edit,Wake Me Up - Radio Edit,Don't Start Now,Can't Hold Us feat. Ray Dalton,God's Plan,Havana feat. Young Thug,Flowers,There's Nothing Holdin' Me Back,New Rules,SICKO MODE,Bohemian Rhapsody - Remastered 2011,bzip2,whitenoise,80
Havana feat,Havana feat. Young Thug,Choke,INDUSTRY BABY feat. Jack Harlow,bad guy,That's What I Like,Lose Yourself,Jocelyn Flores,Cuidado,Shine On,rockstar,bzip2,whitenoise,80
Thunder,Thunder,Can't Hold Us feat. Ray Dalton,Bohemian Rhapsody - Remastered 2011,Closer,Flowers,INDUSTRY BABY feat. Jack Harlow,Smells Like Teen Spirit,God's Plan,New Rules,Don't Start Now,bzip2,whitenoise,80
Closer,Closer,Bohemian Rhapsody - Remastered 2011,Havana feat. Young Thug,Choke,Can't Hold Us feat. Ray Dalton,Viva La Vida,Smells Like Teen Spirit,Sweater Weather,No Role Modelz,SICKO MODE,bzip2,whitenoise,80
HUMBLE,HUMBLE.,God's Plan,bad guy,Choke,That's What I Like,INDUSTRY BABY feat. Jack Harlow,Lucid Dreams,Jocelyn Flores,Can't Hold Us feat. Ray Dalton,SICKO MODE,bzip2,whitenoise,80
Can't Hold Us feat,Can't Hold Us feat. Ray Dalton,New Rules,Coconut Water,Don't Start Now,Lose Yourself,Another Love,XO Tour Llif3,One Kiss with Dua Lipa,Without Me,Too Good At Goodbyes,bzip2,whitenoise,80
Unforgettable,Unforgettable,Die For You,My Goodbye,Choke,INDUSTRY BABY feat. Jack Harlow,Treat You Better,God's Plan,Bohemian Rhapsody - Remastered 2011,Can't Hold Us feat. Ray Dalton,Mr. Brightside,bzip2,whitenoise,80
That's What I Like,That's What I Like,Choke,INDUSTRY BABY feat. Jack Harlow,Believer,HUMBLE.,No Role Modelz,God's Plan,Can't Hold Us feat. Ray Dalton,LOOP feat. Lil Cherry,Just the Way You Are,bzip2,whitenoise,80
Lean On feat,Lean On feat. MØ & DJ Snake,INDUSTRY BABY feat. Jack Harlow,rockstar,New Rules,One Kiss with Dua Lipa,Choke,Happier,Sweater Weather,bad guy,Havana feat. Young Thug,bzip2,whitenoise,80
XO Tour Llif3,XO Tour Llif3,Can't Hold Us feat. Ray Dalton,New Rules,Choke,Without Me with Juice WRLD,SICKO MODE,INDUSTRY BABY feat. Jack Harlow,Lean On feat. MØ & DJ Snake,One Kiss with Dua Lipa,God's Plan,bzip2,whitenoise,80
Believer,Believer,That's What I Like,HUMBLE.,Choke,All of Me,No Role Modelz,INDUSTRY BABY feat. Jack Harlow,Bohemian Rhapsody - Remastered 2011,Can't Hold Us feat. Ray Dalton,bad guy,bzip2,whitenoise,80
Sparkling Moments,Sparkling Moments,INDUSTRY BABY feat. Jack Harlow,One Kiss with Dua Lipa,Bohemian Rhapsody - Remastered 2011,Don't Start Now,Can't Hold Us feat. Ray Dalton,Just the Way You Are,New Rules,Thunder,SICKO MODE,bzip2,whitenoise,80
Lele,Lele,INDUSTRY BABY feat. Jack Harlow,Bohemian Rhapsody - Remastered 2011,Choke,Closer,Havana feat. Young Thug,Unforgettable,Do I Wanna Know?,Treat You Better,Can't Hold Us feat. Ray Dalton,bzip2,whitenoise,80
SAD!,SAD!,Jocelyn Flores,INDUSTRY BABY feat. Jack Harlow,Say You Won't Let Go,Sweater Weather,Treat You Better,Happier,Too Good At Goodbyes,Can't Hold Us feat. Ray Dalton,Choke,bzip2,whitenoise,80
Smells Like Teen Spirit,Smells Like Teen Spirit,Mr. Brightside,Bohemian Rhapsody - Remastered 2011,Thunder,God's Plan,Choke,Can't Hold Us feat. Ray Dalton,In the End,Treat You Better,All of Me,bzip2,whitenoise,80
Starboy,Starboy,New Rules,One Kiss with Dua Lipa,Señorita,Stressed Out,God's Plan,Watermelon Sugar,Havana feat. Young Thug,No Role Modelz,Believer,bzip2,whitenoise,80
Mr,Mr. Brightside,Treat You Better,Bohemian Rhapsody - Remastered 2011,Smells Like Teen Spirit,Viva La Vida,My Goodbye,In the End,Every Breath You Take,God's Plan,Closer,bzip2,whitenoise,80
Treat You Better,Treat You Better,Believer,That's What I Like,Mr. Brightside,My Goodbye,INDUSTRY BABY feat. Jack Harlow,Closer,Every Breath You Take,Choke,Bohemian Rhapsody - Remastered 2011,bzip2,whitenoise,80
Bohemian Rhapsody - Remastered 2011,Bohemian Rhapsody - Remastered 2011,Do I Wanna Know?,God's Plan,Can't Hold Us feat. Ray Dalton,Closer,Lose Yourself,INDUSTRY BABY feat. Jack Harlow,Treat You Better,Demons,Sweater Weather,bzip2,whitenoise,80
Something Just Like This,Something Just Like This,New Rules,One Kiss with Dua Lipa,Can't Hold Us feat. Ray Dalton,Coconut Water,Don't Start Now,Die For You,There's Nothing Holdin' Me Back,Another Love,My Goodbye,bzip2,whitenoise,80
In the End,In the End,Mr. Brightside,Bohemian Rhapsody - Remastered 2011,Treat You Better,INDUSTRY BABY feat. Jack Harlow,Smells Like Teen Spirit,My Goodbye,Can't Hold Us feat. Ray Dalton,That's What I Like,Closer,bzip2,whitenoise,80
goosebumps,goosebumps,Can't Hold Us feat. Ray Dalton,Bohemian Rhapsody - Remastered 2011,Shape of You,New Rules,There's Nothing Holdin' Me Back,Havana feat. Young Thug,INDUSTRY BABY feat. Jack Harlow,Choke,All of Me,bzip2,whitenoise,80
STAY with Justin Bieber,STAY with Justin Bieber,Choke,That's What I Like,Believer,INDUSTRY BABY feat. Jack Harlow,Treat You Better,Unforgettable,All of Me,Cuidado,Closer,bzip2,whitenoise,80
In the Morning,In the Morning,Havana feat. Young Thug,Bohemian Rhapsody - Remastered 2011,INDUSTRY BABY feat. Jack Harlow,All of Me,Counting Stars,Can't Hold Us feat. Ray Dalton,No Role Modelz,Closer,Lose Yourself,bzip2,whitenoise,80
Say You Won't Let Go,Say You Won't Let Go,Do I Wanna Know?,Watermelon Sugar,Bohemian Rhapsody - Remastered 2011,Sweater Weather,INDUSTRY BABY feat. Jack Harlow,Happier,Shine On,Closer,Too Good At Goodbyes,bzip2,whitenoise,80
SICKO MODE,SICKO MODE,HUMBLE.,INDUSTRY BABY feat. Jack Harlow,bad guy,Don't Start Now,Shape of You,Choke,Counting Stars,That's What I Like,Closer,bzip2,whitenoise,80
bad guy,bad guy,Bohemian Rhapsody - Remastered 2011,INDUSTRY BABY feat. Jack Harlow,Sweater Weather,Havana feat. Young Thug,Watermelon Sugar,Too Good At Goodbyes,Closer,Can't Hold Us feat. Ray Dalton,Smells Like Teen Spirit,bzip2,whitenoise,80
Jocelyn Flores,Jocelyn Flores,bad guy,INDUSTRY BABY feat. Jack Harlow,HUMBLE.,Lose Yourself,SICKO MODE,God's Plan,That's What I Like,Can't Hold Us feat. Ray Dalton,Shape of You,bzip2,whitenoise,80
Someone You Loved,Someone You Loved,That's What I Like,Treat You Better,All of Me,STAY with Justin Bieber,Bohemian Rhapsody - Remastered 2011,No Role Modelz,INDUSTRY BABY feat. Jack Harlow,Mr. Brightside,Viva La Vida,bzip2,whitenoise,80
Demons,Demons,Bohemian Rhapsody - Remastered 2011,Closer,Smells Like Teen Spirit,God's Plan,Sweater Weather,INDUSTRY BABY feat. Jack Harlow,Do I Wanna Know?,Havana feat. Young Thug,Man On the Moon,bzip2,whitenoise,80
There's Nothing Holdin' Me Back,There's Nothing Holdin' Me Back,Don't Start Now,Thinking out Loud,New Rules,bad guy,My Goodbye,XO Tour Llif3,Flowers,Can't Hold Us feat. Ray Dalton,Sunflower - Spider-Man: Into the Spider-Verse,bzip2,whitenoise,80
Photograph,Photograph,Counting Stars,My Goodbye,Die For You,Shape of You,Can't Hold Us feat. Ray Dalton,goosebumps,Thinking out Loud,There's Nothing Holdin' Me Back,Don't Start Now,bzip2,whitenoise,80
Walk On Water,Walk On Water,Another Love,Can't Hold Us feat. Ray Dalton,Don't Start Now,Bohemian Rhapsody - Remastered 2011,Thinking out Loud,Flowers,My Goodbye,Watermelon Sugar,Let Her Go,bzip2,whitenoise,80
Love Yourself,Love Yourself,INDUSTRY BABY feat. Jack Harlow,HUMBLE.,Photograph,Shape of You,Can't Hold Us feat. Ray Dalton,bad guy,My Goodbye,That's What I Like,SICKO MODE,bzip2,whitenoise,80
Shallow,Shallow,Can't Hold Us feat. Ray Dalton,Bohemian Rhapsody - Remastered 2011,Thinking out Loud,Take Me To Church,Havana feat. Young Thug,Another Love,All of Me,Walk On Water,Too Good At Goodbyes,bzip2,whitenoise,80
Riptide,Riptide,That's What I Like,God's Plan,Bohemian Rhapsody - Remastered 2011,Can't Hold Us feat. Ray Dalton,Closer,Treat You Better,Havana feat. Young Thug,LOOP feat. Lil Cherry,Thinking out Loud,bzip2,whitenoise,80
rockstar,rockstar,Shine On,INDUSTRY BABY feat. Jack Harlow,bad guy,Lean On feat. MØ & DJ Snake,Choke,God's Plan,Happier,Coconut Water,Jocelyn Flores,bzip2,whitenoise,80
Every Breath You Take,Every Breath You Take,God's Plan,Bohemian Rhapsody - Remastered 2011,Treat You Better,Can't Hold Us feat. Ray Dalton,Closer,All of Me,Viva La Vida,Mr. Brightside,Die For You,bzip2,whitenoise,80
Do I Wanna Know,Do I Wanna Know?,HUMBLE.,Bohemian Rhapsody - Remastered 2011,Don't Start Now,Can't Hold Us feat. Ray Dalton,New Rules,Choke,INDUSTRY BABY feat. Jack Harlow,One Kiss with Dua Lipa,Lose Yourself,bzip2,whitenoise,80
Circles,Circles,Señorita,Bohemian Rhapsody - Remastered 2011,Do I Wanna Know?,Can't Hold Us feat. Ray Dalton,Happier,Flowers,Watermelon Sugar,Closer,goosebumps,bzip2,whitenoise,80
Another Love,Another Love,Can't Hold Us feat. Ray Dalton,Bohemian Rhapsody - Remastered 2011,God's Plan,Take Me To Church,Shape of You,Stressed Out,Walk On Water,Watermelon Sugar,Do I Wanna Know?,bzip2,whitenoise,80
Shine On,Shine On,INDUSTRY BABY feat. Jack Harlow,Choke,No Role Modelz,Closer,Bohemian Rhapsody - Remastered 2011,Treat You Better,That's What I Like,Do I Wanna Know?,Jocelyn Flores,bzip2,whitenoise,80
Let Me Love You,Let Me Love You,Sweater Weather,Bohemian Rhapsody - Remastered 2011,Man On the Moon,Do I Wanna Know?,I Wanna Be Yours,Viva La Vida,Havana feat. Young Thug,INDUSTRY BABY feat. Jack Harlow,One Kiss with Dua Lipa,bzip2,whitenoise,80
INDUSTRY BABY feat,INDUSTRY BABY feat. Jack Harlow,HUMBLE.,Choke,That's What I Like,Lean On feat. MØ & DJ Snake,SICKO MODE,bad guy,Jocelyn Flores,Closer,Bohemian Rhapsody - Remastered 2011,bzip2,whitenoise,80
Heat Waves,Heat Waves,HUMBLE.,INDUSTRY BABY feat. Jack Harlow,My Goodbye,God's Plan,Bohemian Rhapsody - Remastered 2011,Havana feat. Young Thug,Unforgettable,Die For You,That's What I Like,bzip2,whitenoise,80
God's Plan,God's Plan,HUMBLE.,INDUSTRY BABY feat. Jack Harlow,Can't Hold Us feat. Ray Dalton,Havana feat. Young Thug,Bohemian Rhapsody - Remastered 2011,LOOP feat. Lil Cherry,That's What I Like,Lose Yourself,Choke,bzip2,whitenoise,80
Flowers,Flowers,Don't Start Now,Señorita,Lose Yourself,Let Her Go,Do I Wanna Know?,Can't Hold Us feat. Ray Dalton,Watermelon Sugar,Stressed Out,Thunder,bzip2,whitenoise,80
Cruel Summer,Cruel Summer,Thinking out Loud,Can't Hold Us feat. Ray Dalton,God's Plan,There's Nothing Holdin' Me Back,New Rules,My Goodbye,Shape of You,Watermelon Sugar,Stressed Out,bzip2,whitenoise,80
Happier,Happier,New Rules,One Kiss with Dua Lipa,Just the Way You Are,Say You Won't Let Go,Watermelon Sugar,Do I Wanna Know?,Can't Hold Us feat. Ray Dalton,Señorita,Bohemian Rhapsody - Remastered 2011,bzip2,whitenoise,80
The Night We Met,The Night We Met,Cruel Summer,Thinking out Loud,Can't Hold Us feat. Ray Dalton,God's Plan,Bohemian Rhapsody - Remastered 2011,There's Nothing Holdin' Me Back,Something Just Like This,Wake Me Up - Radio Edit,Die For You,bzip2,whitenoise,80
Stressed Out,Stressed Out,New Rules,Another Love,Watermelon Sugar,Flowers,Circles,Can't Hold Us feat. Ray Dalton,Do I Wanna Know?,Señorita,Bohemian Rhapsody - Remastered 2011,bzip2,whitenoise,80
Thinking out Loud,Thinking out Loud,Don't Start Now,There's Nothing Holdin' Me Back,Can't Hold Us feat. Ray Dalton,Flowers,HUMBLE.,Wake Me Up - Radio Edit,Shape of You,Bohemian Rhapsody - Remastered 2011,Lose Yourself,bzip2,whitenoise,80
All of Me,All of Me,HUMBLE.,Closer,INDUSTRY BABY feat. Jack Harlow,Bohemian Rhapsody - Remastered 2011,That's What I Like,God's Plan,Choke,bad guy,Say You Won't Let Go,bzip2,whitenoise,80
Sweater Weather,Sweater Weather,Do I Wanna Know?,Bohemian Rhapsody - Remastered 2011,Havana feat. Young Thug,Too Good At Goodbyes,Man On the Moon,Can't Hold Us feat. Ray Dalton,Closer,Say You Won't Let Go,No Role Modelz,bzip2,whitenoise,80
Don't Start Now,Don't Start Now,There's Nothing Holdin' Me Back,Flowers,Thinking out Loud,Watermelon Sugar,Counting Stars,New Rules,Can't Hold Us feat. Ray Dalton,Die For You,Señorita,bzip2,whitenoise,80
Take Me To Church,Take Me To Church,Bohemian Rhapsody - Remastered 2011,Watermelon Sugar,Can't Hold Us feat. Ray Dalton,Another Love,Do I Wanna Know?,Flowers,God's Plan,Havana feat. Young Thug,Thinking out Loud,bzip2,whitenoise,80
No Signal,No Signal,One Kiss with Dua Lipa,INDUSTRY BABY feat. Jack Harlow,I Wanna Be Yours,That's What I Like,Do I Wanna Know?,Choke,Happier,Bohemian Rhapsody - Remastered 2011,New Rules,bzip2,whitenoise,80
I Wanna Be Yours,I Wanna Be Yours,Man On the Moon,Do I Wanna Know?,Bohemian Rhapsody - Remastered 2011,INDUSTRY BABY feat. Jack Harlow,Stressed Out,Watermelon Sugar,SICKO MODE,Happier,Shine On,bzip2,whitenoise,80
Lucid Dreams,Lucid Dreams,HUMBLE.,INDUSTRY BABY feat. Jack Harlow,Choke,New Rules,Can't Hold Us feat. Ray Dalton,Die For You,goosebumps,Havana feat. Young Thug,One Kiss with Dua Lipa,bzip2,whitenoise,80
Without Me with Juice WRLD,Without Me with Juice WRLD,Choke,INDUSTRY BABY feat. Jack Harlow,Die For You,That's What I Like,Unforgettable,My Goodbye,SICKO MODE,Lose Yourself,Can't Hold Us feat. Ray Dalton,bzip2,whitenoise,80
Lose Yourself,Lose Yourself,Choke,Don't Start Now,Can't Hold Us feat. Ray Dalton,Flowers,INDUSTRY BABY feat. Jack Harlow,Bohemian Rhapsody - Remastered 2011,Jocelyn Flores,That's What I Like,Lean On feat. MØ & DJ Snake,bzip2,whitenoise,80
Without Me,Without Me,Do I Wanna Know?,God's Plan,Can't Hold Us feat. Ray Dalton,Bohemian Rhapsody - Remastered 2011,Don't Start Now,Shallow,Too Good At Goodbyes,Thinking out Loud,Havana feat. Young Thug,bzip2,whitenoise,80
Too Good At Goodbyes,HUMBLE.,Too Good At Goodbyes,INDUSTRY BABY feat. Jack Harlow,bad guy,Closer,Lose Yourself,That's What I Like,LOOP feat. Lil Cherry,Bohemian Rhapsody - Remastered 2011,Just the Way You Are,bzip2,whitenoise,80
lovely with Khalid,lovely with Khalid,Shape of You,Can't Hold Us feat. Ray Dalton,Don't Start Now,Thinking out Loud,Another Love,There's Nothing Holdin' Me Back,Bohemian Rhapsody - Remastered 2011,God's Plan,Coconut Water,bzip2,whitenoise,80
Ether,Ether,Die For You,My Goodbye,Photograph,Can't Hold Us feat. Ray Dalton,Counting Stars,All of Me,Another Love,Bohemian Rhapsody - Remastered 2011,Shape of You,bzip2,whitenoise,80
Centipede,Centipede,Flowers,Wake Me Up - Radio Edit,Shallow,Can't Hold Us feat. Ray Dalton,Another Love,Don't Start Now,Take Me To Church,New Rules,Bohemian Rhapsody - Remastered 2011,bzip2,whitenoise,80
Sunflower - Spider-Man Into the Spider-Verse,Sunflower - Spider-Man: Into the Spider-Verse,Don't Start Now,Can't Hold Us feat. Ray Dalton,There's Nothing Holdin' Me Back,Thinking out Loud,Circles,One Kiss with Dua Lipa,Bohemian Rhapsody - Remastered 2011,Havana feat. Young Thug,Flowers,bzip2,whitenoise,80
One Kiss with Dua Lipa,One Kiss with Dua Lipa,New Rules,Happier,Can't Hold Us feat. Ray Dalton,Havana feat. Young Thug,Circles,Don't Start Now,Coconut Water,Do I Wanna Know?,Thunder,bzip2,whitenoise,80
Viva La Vida,Viva La Vida,Bohemian Rhapsody - Remastered 2011,Smells Like Teen Spirit,God's Plan,INDUSTRY BABY feat. Jack Harlow,Closer,Treat You Better,Mr. Brightside,Can't Hold Us feat. Ray Dalton,Do I Wanna Know?,bzip2,whitenoise,80
Choke,Choke,INDUSTRY BABY feat. Jack Harlow,That's What I Like,HUMBLE.,bad guy,Lean On feat. MØ & DJ Snake,LOOP feat. Lil Cherry,Believer,Can't Hold Us feat. Ray Dalton,STAY with Justin Bieber,bzip2,whitenoise,80
Just the Way You Are,Just the Way You Are,Too Good At Goodbyes,HUMBLE.,When I Was Your Man,That's What I Like,God's Plan,Happier,Bohemian Rhapsody - Remastered 2011,Lose Yourself,Lean On feat. MØ & DJ Snake,bzip2,whitenoise,80
Watermelon Sugar,Watermelon Sugar,Don't Start Now,New Rules,Flowers,bad guy,When I Was Your Man,One Kiss with Dua Lipa,Say You Won't Let Go,Too Good At Goodbyes,Do I Wanna Know?,bzip2,whitenoise,80
Coconut Water,Coconut Water,Can't Hold Us feat. Ray Dalton,New Rules,Something Just Like This,Another Love,Stressed Out,Watermelon Sugar,Don't Start Now,Happier,Sunflower - Spider-Man: Into the Spider-Verse,bzip2,whitenoise,80
Man On the Moon,Man On the Moon,INDUSTRY BABY feat. Jack Harlow,Bohemian Rhapsody - Remastered 2011,LOOP feat. Lil Cherry,God's Plan,Closer,Thunder,Do I Wanna Know?,Choke,Can't Hold Us feat. Ray Dalton,bzip2,whitenoise,80
Counting Stars,Counting Stars,My Goodbye,Photograph,Shape of You,Can't Hold Us feat. Ray Dalton,Don't Start Now,Die For You,Bohemian Rhapsody - Remastered 2011,All of Me,Treat You Better,bzip2,whitenoise,80
Shape of You,Shape of You,Die For You,My Goodbye,7 rings,There's Nothing Holdin' Me Back,Counting Stars,Can't Hold Us feat. Ray Dalton,Bohemian Rhapsody - Remastered 2011,SICKO MODE,Love Yourself,bzip2,whitenoise,80
Señorita,Señorita,New Rules,Can't Hold Us feat. Ray Dalton,Thunder,Walk On Water,Another Love,Shallow,Watermelon Sugar,Stressed Out,Too Good At Goodbyes,bzip2,whitenoise,80
The Hills,The Hills,INDUSTRY BABY feat. Jack Harlow,HUMBLE.,That's What I Like,Choke,God's Plan,Sweater Weather,Bohemian Rhapsody - Remastered 2011,One Kiss with Dua Lipa,Do I Wanna Know?,bzip2,whitenoise,80
When I Was Your Man,When I Was Your Man,HUMBLE.,New Rules,Lean On feat. MØ & DJ Snake,Happier,Watermelon Sugar,One Kiss with Dua Lipa,Lose Yourself,Flowers,Can't Hold Us feat. Ray Dalton,bzip2,whitenoise,80
